# exported by ae3d_export.py v3
# object: Zombie_Clothes_B
mtllib Zombie_Clothes_B.mtl
v -0.136270 1.196617 0.012896
v -0.134715 1.191666 -0.056009
v -0.134340 1.110766 -0.034133
v -0.133662 1.119232 0.027235
v -0.130469 1.289370 0.004784
v -0.128751 1.290076 -0.064131
v -0.128718 1.203877 0.077548
v -0.128004 1.096113 -0.087141
v -0.126882 1.045170 -0.008123
v -0.126229 1.296288 0.071377
v -0.124903 1.055617 0.044973
v -0.123801 1.034155 -0.055923
v -0.123416 1.126714 0.085250
v -0.120558 1.306922 -0.121172
v -0.118946 1.023212 -0.091410
v -0.117924 1.067695 -0.118148
v -0.116754 1.316832 0.123794
v -0.116292 1.386766 0.001335
v -0.116179 1.186809 -0.127585
v -0.114964 1.390050 -0.066668
v -0.114213 1.391961 0.068645
v -0.113817 0.987971 0.015250
v -0.113654 1.064803 0.095330
v -0.113204 1.014583 -0.111344
v -0.112951 1.001396 0.062489
v -0.110684 0.977413 -0.030533
v -0.110168 1.404624 -0.122190
v -0.110056 0.977305 -0.071542
v -0.109076 1.407403 0.122986
v -0.107443 1.035269 -0.132268
v -0.107245 0.984560 -0.105617
v -0.107078 1.352636 -0.151505
v -0.106074 1.219066 0.132781
v -0.104669 1.358843 0.152048
v -0.102631 1.012967 0.106787
v -0.102278 1.431974 -0.155336
v -0.101493 1.433971 0.155523
v -0.101272 0.953390 0.077367
v -0.099145 0.937402 0.034817
v -0.099028 1.104607 -0.144429
v -0.098514 0.945520 -0.099097
v -0.098292 1.131332 0.130846
v -0.098240 0.999094 -0.134477
v -0.097335 0.932237 -0.059862
v -0.094522 1.475677 0.000167
v -0.093641 1.478703 -0.068905
v -0.093547 1.478941 0.069152
v -0.093391 1.404217 -0.162569
v -0.093197 1.285417 -0.151448
v -0.093125 1.463716 -0.170242
v -0.092852 1.464411 0.170279
v -0.092726 0.966139 0.117153
v -0.092724 0.909020 0.087960
v -0.092606 1.406214 0.162674
v -0.091560 0.905700 -0.096577
v -0.090895 1.488370 -0.125713
v -0.090758 1.488717 0.125812
v -0.090393 0.959484 -0.132060
v -0.089451 1.295278 0.152146
v -0.088977 1.071332 0.135445
v -0.088379 0.895679 0.050452
v -0.087596 0.893445 -0.059461
v -0.087225 0.866890 0.094455
v -0.086880 0.865906 -0.096940
v -0.086811 1.056414 -0.153557
v -0.086436 1.504114 -0.161068
v -0.086338 1.504364 0.161091
v -0.085626 0.920338 0.124337
v -0.084820 0.913698 -0.009439
v -0.084646 1.489920 -0.174274
v -0.084642 0.917531 -0.130557
v -0.084612 1.490006 0.174279
v -0.083918 0.826133 0.097650
v -0.083875 0.826010 -0.097960
v -0.082325 1.445889 -0.163782
v -0.082227 1.446139 0.163795
v -0.081857 0.857920 0.060097
v -0.081772 0.786798 -0.098918
v -0.081772 0.786798 0.098918
v -0.081621 0.857247 -0.062608
v -0.081038 0.875223 0.128532
v -0.081023 1.521136 -0.178538
v -0.080989 1.521222 0.178542
v -0.080746 0.874391 -0.130367
v -0.079887 0.749072 -0.099543
v -0.079887 0.749072 0.099543
v -0.079861 1.021525 0.142373
v -0.078269 0.820796 0.064742
v -0.078239 0.820712 -0.065056
v -0.078167 0.831389 0.130522
v -0.078130 0.831285 -0.130751
v -0.078073 0.712760 -0.099865
v -0.078073 0.712760 0.099865
v -0.077719 1.504331 0.173701
v -0.077719 1.504332 -0.173701
v -0.077688 1.355365 -0.156961
v -0.077603 1.013989 -0.156828
v -0.076596 1.358144 0.157108
v -0.076315 0.677572 -0.099983
v -0.076315 0.677572 0.099983
v -0.076196 0.784045 -0.066674
v -0.076196 0.784045 0.066674
v -0.076196 0.789551 -0.131161
v -0.076196 0.789551 0.131161
v -0.075532 1.533690 -0.184844
v -0.075528 1.533701 0.184845
v -0.074599 0.643219 -0.100000
v -0.074599 0.643219 0.100000
v -0.074440 0.747911 -0.067888
v -0.074440 0.747911 0.067888
v -0.074440 0.750233 -0.131199
v -0.074440 0.750233 0.131199
v -0.074134 1.472169 0.160830
v -0.074134 1.472170 -0.160830
v -0.072919 0.609468 -0.100000
v -0.072919 0.609468 0.100000
v -0.072769 1.503265 -0.173456
v -0.072769 1.503265 0.173456
v -0.072750 0.712416 -0.068848
v -0.072750 0.712416 0.068848
v -0.072750 0.713104 -0.130882
v -0.072750 0.713104 0.130882
v -0.072173 0.975511 0.149136
v -0.071304 0.576311 -0.100000
v -0.071304 0.576311 0.100000
v -0.071112 0.677529 -0.069635
v -0.071112 0.677529 0.069635
v -0.071112 0.677615 -0.130331
v -0.071112 0.677615 0.130331
v -0.070913 0.881361 0.020585
v -0.070875 0.971807 -0.157097
v -0.070707 1.536494 -0.186572
v -0.070707 1.536494 0.186572
v -0.070690 0.880724 -0.027466
v -0.069792 0.543799 -0.100000
v -0.069792 0.543799 0.100000
v -0.069512 0.643219 -0.129670
v -0.069512 0.643219 -0.070330
v -0.069512 0.643219 0.070330
v -0.069512 0.643219 0.129670
v -0.069461 1.489625 -0.174233
v -0.069461 1.489625 0.174233
v -0.068531 1.480562 -0.157861
v -0.068531 1.480562 0.157861
v -0.068423 0.511981 -0.100000
v -0.068423 0.511981 0.100000
v -0.067947 0.609467 -0.129002
v -0.067947 0.609467 -0.070998
v -0.067947 0.609467 0.070998
v -0.067947 0.609467 0.129002
v -0.067267 1.467962 -0.175666
v -0.067267 1.467962 0.175666
v -0.067220 0.480906 -0.100000
v -0.067220 0.480906 0.100000
v -0.067085 1.525968 -0.189051
v -0.067085 1.525968 0.189051
v -0.066736 0.928886 0.153857
v -0.066650 1.545681 0.000000
v -0.066622 1.409463 -0.155182
v -0.066486 1.409810 0.155201
v -0.066442 0.576311 -0.128359
v -0.066442 0.576311 -0.071641
v -0.066442 0.576311 0.071641
v -0.066442 0.576311 0.128359
v -0.066189 0.927324 -0.157216
v -0.066183 1.547389 -0.070968
v -0.066183 1.547389 0.070968
v -0.066159 0.450629 -0.100000
v -0.066159 0.450629 0.100000
v -0.065663 1.442829 -0.177391
v -0.065663 1.442829 0.177391
v -0.065204 0.421203 -0.100000
v -0.065204 0.421203 0.100000
v -0.065034 0.543799 -0.127758
v -0.065034 0.543799 -0.072242
v -0.065034 0.543799 0.072242
v -0.065034 0.543799 0.127758
v -0.064939 1.474346 -0.155738
v -0.064939 1.474346 0.155738
v -0.064781 1.552512 -0.129561
v -0.064781 1.552513 0.129561
v -0.064510 1.504904 -0.192727
v -0.064510 1.504904 0.192727
v -0.064411 0.849707 0.032200
v -0.064330 0.849476 -0.034178
v -0.064315 0.392684 -0.100000
v -0.064315 0.392684 0.100000
v -0.064208 1.417987 -0.179104
v -0.064208 1.417987 0.179104
v -0.063757 0.511981 -0.127214
v -0.063757 0.511981 -0.072787
v -0.063757 0.511981 0.072786
v -0.063757 0.511981 0.127214
v -0.063462 0.365089 -0.100000
v -0.063462 0.365089 0.100000
v -0.063220 0.881840 0.156558
v -0.063058 0.881377 -0.157553
v -0.062805 1.394043 -0.180756
v -0.062805 1.394043 0.180756
v -0.062707 1.458245 -0.154507
v -0.062707 1.458245 0.154507
v -0.062654 1.477680 -0.196826
v -0.062654 1.477680 0.196826
v -0.062637 0.480906 -0.126735
v -0.062637 0.480906 -0.073265
v -0.062637 0.480906 0.073265
v -0.062637 0.480906 0.126735
v -0.062633 0.338295 -0.100000
v -0.062633 0.338295 0.100000
v -0.062510 1.560364 -0.166601
v -0.062510 1.560364 0.166601
v -0.061824 0.312141 -0.100000
v -0.061824 0.312141 0.100000
v -0.061649 0.450629 -0.126313
v -0.061649 0.450629 -0.073687
v -0.061649 0.450629 0.073687
v -0.061649 0.450629 0.126313
v -0.061445 1.370814 -0.182358
v -0.061445 1.370814 0.182358
v -0.061186 1.436980 -0.154209
v -0.061186 1.436980 0.154209
v -0.061186 1.448678 -0.200573
v -0.061186 1.448678 0.200573
v -0.061153 0.816277 0.037547
v -0.061143 0.816248 -0.037795
v -0.061030 0.286467 -0.100000
v -0.061030 0.286467 0.100000
v -0.061004 0.835709 0.157733
v -0.060984 0.835651 -0.157857
v -0.060758 0.421203 -0.125933
v -0.060758 0.421203 -0.074067
v -0.060758 0.421203 0.074067
v -0.060758 0.421203 0.125933
v -0.060220 0.261049 -0.100000
v -0.060220 0.261049 0.100000
v -0.060115 1.348116 -0.183923
v -0.060115 1.348116 0.183923
v -0.059930 0.392684 -0.125580
v -0.059930 0.392684 -0.074420
v -0.059930 0.392684 0.074420
v -0.059930 0.392684 0.125580
v -0.059830 1.414521 -0.154839
v -0.059830 1.414521 0.154839
v -0.059830 1.421454 -0.203369
v -0.059830 1.421454 0.203369
v -0.059699 1.567504 -0.185692
v -0.059699 1.567504 0.185692
v -0.059516 1.181678 -0.155321
v -0.059470 0.781764 0.039958
v -0.059470 0.781765 -0.039958
v -0.059470 0.791832 -0.157878
v -0.059470 0.791832 0.157878
v -0.059256 0.235419 -0.100000
v -0.059256 0.235419 0.100000
v -0.059135 0.365089 -0.125240
v -0.059135 0.365089 -0.074760
v -0.059135 0.365089 0.074760
v -0.059135 0.365089 0.125240
v -0.059015 1.445521 -0.150165
v -0.059015 1.445521 0.150165
v -0.058534 1.326068 -0.185444
v -0.058534 1.326068 0.185444
v -0.058523 1.391818 -0.156194
v -0.058523 1.391818 0.156194
v -0.058523 1.396269 -0.205317
v -0.058523 1.396269 0.205317
v -0.058363 0.338295 -0.124911
v -0.058363 0.338295 -0.075089
v -0.058363 0.338295 0.075089
v -0.058363 0.338295 0.124911
v -0.058100 0.746948 -0.041659
v -0.058100 0.746948 0.041659
v -0.058100 0.751196 -0.157428
v -0.058100 0.751196 0.157428
v -0.057976 0.209044 -0.100000
v -0.057976 0.209044 0.100000
v -0.057609 0.312141 -0.124589
v -0.057609 0.312141 -0.075411
v -0.057609 0.312141 0.075411
v -0.057609 0.312141 0.124589
v -0.057255 1.369069 -0.158022
v -0.057255 1.369069 0.158022
v -0.057255 1.372559 -0.206693
v -0.057255 1.372559 0.206693
v -0.056869 0.286466 -0.075727
v -0.056869 0.286466 0.124273
v -0.056869 0.286467 -0.124273
v -0.056869 0.286467 0.075727
v -0.056780 0.712130 -0.043148
v -0.056780 0.712130 0.043148
v -0.056780 0.713389 -0.156581
v -0.056780 0.713389 0.156581
v -0.056741 1.569806 -0.193637
v -0.056741 1.569806 0.193637
v -0.056217 0.181392 -0.100000
v -0.056217 0.181392 0.100000
v -0.056146 1.192804 0.154513
v -0.056114 0.261055 -0.123962
v -0.056114 0.261055 -0.076038
v -0.056114 0.261055 0.076038
v -0.056114 0.261055 0.123962
v -0.056017 1.346471 -0.160070
v -0.056017 1.346471 0.160070
v -0.056017 1.349761 -0.207776
v -0.056017 1.349761 0.207776
v -0.055570 1.118925 -0.160754
v -0.055502 0.677493 -0.044489
v -0.055502 0.677493 0.044489
v -0.055502 0.677650 -0.155477
v -0.055502 0.677650 0.155477
v -0.055330 1.305997 -0.186828
v -0.055330 1.305997 0.186828
v -0.055216 0.235465 -0.123654
v -0.055216 0.235465 -0.076346
v -0.055216 0.235465 0.076346
v -0.055216 0.235465 0.123654
v -0.054543 1.324496 -0.162216
v -0.054543 1.324496 0.162216
v -0.054543 1.327699 0.208667
v -0.054543 1.327700 -0.208667
v -0.054254 0.643219 -0.154254
v -0.054254 0.643219 -0.045746
v -0.054254 0.643219 0.045746
v -0.054254 0.643219 0.154254
v -0.054146 1.128834 0.155798
v -0.054031 1.563142 -0.197236
v -0.054031 1.563142 0.197236
v -0.054023 0.209199 -0.123349
v -0.054023 0.209199 -0.076651
v -0.054023 0.209199 0.076651
v -0.054023 0.209199 0.123349
v -0.053975 1.461751 -0.144939
v -0.053975 1.461751 0.144939
v -0.053622 0.152320 -0.100000
v -0.053622 0.152320 0.100000
v -0.053036 1.255964 -0.155247
v -0.053032 0.609468 -0.153032
v -0.053032 0.609468 -0.046968
v -0.053032 0.609468 0.046968
v -0.053032 0.609468 0.153032
v -0.052384 0.181757 -0.123047
v -0.052384 0.181757 -0.076953
v -0.052384 0.181757 0.076953
v -0.052384 0.181757 0.123047
v -0.051872 1.544780 -0.201972
v -0.051872 1.544780 0.201972
v -0.051857 0.576311 -0.151857
v -0.051857 0.576311 -0.048143
v -0.051857 0.576311 0.048143
v -0.051857 0.576311 0.151857
v -0.051558 1.304719 -0.164858
v -0.051558 1.304719 0.164858
v -0.051558 1.307747 -0.208765
v -0.051558 1.307747 0.208765
v -0.050828 1.461687 -0.140415
v -0.050828 1.461687 0.140415
v -0.050758 0.543799 -0.150758
v -0.050758 0.543799 -0.049242
v -0.050758 0.543799 0.049242
v -0.050758 0.543799 0.150758
v -0.050745 1.262485 0.155491
v -0.050205 1.517563 -0.208051
v -0.050205 1.517563 0.208051
v -0.049952 0.153019 -0.122745
v -0.049952 0.153019 -0.077255
v -0.049952 0.153019 0.077255
v -0.049952 0.153019 0.122745
v -0.049762 0.511981 -0.149762
v -0.049762 0.511981 -0.050238
v -0.049762 0.511981 0.050238
v -0.049762 0.511981 0.149762
v -0.049054 0.123247 -0.100000
v -0.049054 0.123247 0.100000
v -0.048960 1.450193 -0.136974
v -0.048960 1.450193 0.136974
v -0.048887 0.480906 -0.148887
v -0.048887 0.480906 -0.051113
v -0.048887 0.480906 0.051113
v -0.048887 0.480906 0.148887
v -0.048883 1.485732 -0.214358
v -0.048883 1.485732 0.214358
v -0.048882 1.074208 0.159401
v -0.048861 1.289371 -0.187974
v -0.048861 1.289371 0.187974
v -0.048450 1.068147 -0.166860
v -0.048116 0.450629 -0.148116
v -0.048116 0.450629 -0.051884
v -0.048116 0.450629 0.051884
v -0.048116 0.450629 0.148116
v -0.047755 1.432134 -0.135001
v -0.047755 1.432134 0.135001
v -0.047755 1.453524 -0.219781
v -0.047755 1.453524 0.219781
v -0.047421 0.421203 -0.147421
v -0.047421 0.421203 -0.052579
v -0.047421 0.421203 0.052579
v -0.047421 0.421203 0.147421
v -0.046775 0.392684 -0.146775
v -0.046775 0.392684 -0.053225
v -0.046775 0.392684 0.053225
v -0.046775 0.392684 0.146775
v -0.046697 1.411649 -0.134734
v -0.046697 1.411649 0.134734
v -0.046697 1.424326 -0.223475
v -0.046697 1.424326 0.223475
v -0.046154 0.365089 -0.146154
v -0.046154 0.365089 -0.053846
v -0.046154 0.365089 0.053846
v -0.046154 0.365089 0.146154
v -0.045677 1.389975 -0.135844
v -0.045677 1.389975 0.135844
v -0.045677 1.398112 -0.225668
v -0.045677 1.398112 0.225668
v -0.045599 1.288778 -0.168149
v -0.045599 1.288778 0.168149
v -0.045599 1.291505 -0.207694
v -0.045599 1.291505 0.207694
v -0.045596 0.124364 -0.122430
v -0.045596 0.124364 -0.077570
v -0.045596 0.124364 0.077570
v -0.045596 0.124364 0.122430
v -0.045551 0.338295 -0.145551
v -0.045551 0.338295 -0.054449
v -0.045551 0.338295 0.054449
v -0.045551 0.338295 0.145551
v -0.044963 0.312141 -0.144963
v -0.044963 0.312141 -0.055037
v -0.044963 0.312141 0.055037
v -0.044963 0.312141 0.144963
v -0.044687 1.367624 -0.137859
v -0.044687 1.367624 0.137859
v -0.044687 1.374004 -0.226857
v -0.044687 1.374004 0.226857
v -0.044386 0.286467 -0.144386
v -0.044386 0.286467 -0.055614
v -0.044386 0.286467 0.055614
v -0.044386 0.286467 0.144386
v -0.043964 1.327746 -0.154329
v -0.043796 0.261072 -0.143816
v -0.043796 0.261072 -0.056184
v -0.043796 0.261072 0.056184
v -0.043796 0.261072 0.143816
v -0.043720 1.345108 -0.140306
v -0.043720 1.345108 0.140306
v -0.043720 1.351124 -0.227540
v -0.043720 1.351124 0.227540
v -0.043702 1.026574 0.164225
v -0.043213 1.329831 0.154439
v -0.043095 0.235602 -0.143253
v -0.043095 0.235602 -0.056747
v -0.043095 0.235602 0.056747
v -0.043095 0.235602 0.143253
v -0.042840 1.023335 -0.170491
v -0.042570 1.323198 -0.142970
v -0.042570 1.323198 0.142970
v -0.042570 1.329056 -0.227909
v -0.042570 1.329056 0.227909
v -0.042165 0.209661 -0.142695
v -0.042165 0.209661 -0.057305
v -0.042165 0.209661 0.057305
v -0.042165 0.209661 0.142695
v -0.041462 0.880304 -0.002776
v -0.041183 0.095981 -0.100000
v -0.041183 0.095981 0.100000
v -0.040885 0.182853 -0.142143
v -0.040885 0.182853 -0.057857
v -0.040885 0.182853 0.057857
v -0.040885 0.182853 0.142143
v -0.040240 1.303699 -0.146651
v -0.040240 1.303699 0.146651
v -0.040240 1.309237 -0.226940
v -0.040240 1.309237 0.226940
v -0.039470 0.981174 0.168860
v -0.038942 0.979554 -0.172343
v -0.038941 0.155115 -0.141590
v -0.038941 0.155115 -0.058410
v -0.038941 0.155115 0.058410
v -0.038941 0.155115 0.141590
v -0.038832 0.868666 0.008001
v -0.038810 0.868604 -0.011588
v -0.037992 0.097547 -0.122087
v -0.037992 0.097547 -0.077913
v -0.037992 0.097547 0.077913
v -0.037992 0.097547 0.122087
v -0.037485 1.277020 -0.188826
v -0.037485 1.277020 0.188826
v -0.037155 1.387191 -0.149951
v -0.037062 1.387452 0.149965
v -0.036496 0.934085 0.172099
v -0.036274 0.933401 -0.173569
v -0.035894 1.288551 -0.152052
v -0.035894 1.288551 0.152052
v -0.035894 1.293491 -0.223669
v -0.035894 1.293491 0.223669
v -0.035392 0.843721 0.016205
v -0.035382 0.843692 -0.017377
v -0.035291 1.277358 -0.170448
v -0.035291 1.277358 0.170448
v -0.035291 1.279877 -0.206984
v -0.035291 1.279877 0.206984
v -0.035222 0.127714 -0.141015
v -0.035222 0.127714 -0.058985
v -0.035222 0.127714 0.058985
v -0.035222 0.127714 0.141015
v -0.034573 0.885910 0.173925
v -0.034507 0.885708 -0.174361
v -0.034434 1.588658 0.000000
v -0.034244 1.589405 -0.072276
v -0.034244 1.589405 0.072276
v -0.033675 1.591647 -0.132070
v -0.033675 1.591647 0.132070
v -0.033464 0.813361 0.020833
v -0.033463 0.813357 -0.020979
v -0.033362 0.838386 0.174619
v -0.033354 0.838361 -0.174673
v -0.032751 1.594822 -0.170136
v -0.032751 1.594822 0.170136
v -0.032624 1.428980 -0.143546
v -0.032624 1.428980 0.143546
v -0.032523 0.780349 -0.023375
v -0.032523 0.780349 0.023375
v -0.032523 0.793248 -0.174460
v -0.032523 0.793248 0.174460
v -0.031773 0.746351 -0.025379
v -0.031773 0.746351 0.025379
v -0.031773 0.751793 -0.173708
v -0.031773 0.751793 0.173708
v -0.031596 1.596129 -0.190169
v -0.031596 1.596129 0.190169
v -0.031052 0.711953 0.027197
v -0.031052 0.711954 -0.027197
v -0.031052 0.713566 -0.172533
v -0.031052 0.713566 0.172533
v -0.030903 1.279671 -0.157667
v -0.030903 1.279671 0.157667
v -0.030903 1.283923 -0.219327
v -0.030903 1.283923 0.219327
v -0.030362 1.592203 -0.199099
v -0.030362 1.592203 0.199099
v -0.030353 0.677471 -0.028882
v -0.030353 0.677471 0.028882
v -0.030353 0.677672 -0.171085
v -0.030353 0.677672 0.171085
v -0.029670 0.643219 -0.169512
v -0.029670 0.643219 -0.030488
v -0.029670 0.643219 0.030488
v -0.029670 0.643219 0.169512
v -0.029665 1.450075 -0.136919
v -0.029665 1.450075 0.136919
v -0.029198 1.579683 -0.203856
v -0.029198 1.579683 0.203856
v -0.029002 0.609467 -0.167947
v -0.029002 0.609467 -0.032053
v -0.029002 0.609467 0.032053
v -0.029002 0.609467 0.167947
v -0.028679 0.072329 -0.100000
v -0.028679 0.072329 0.100000
v -0.028419 0.102247 -0.140388
v -0.028419 0.102247 -0.059612
v -0.028419 0.102247 0.059612
v -0.028419 0.102247 0.140388
v -0.028359 0.576311 -0.166442
v -0.028359 0.576311 -0.033558
v -0.028359 0.576311 0.033558
v -0.028359 0.576311 0.166442
v -0.028219 1.556455 -0.209993
v -0.028219 1.556456 0.209993
v -0.027841 1.453829 -0.130903
v -0.027841 1.453829 0.130903
v -0.027758 0.543799 -0.165034
v -0.027758 0.543799 -0.034966
v -0.027758 0.543799 0.034966
v -0.027758 0.543799 0.165034
v -0.027412 1.525421 -0.217562
v -0.027412 1.525421 0.217562
v -0.027214 0.511981 -0.163757
v -0.027214 0.511981 -0.036243
v -0.027214 0.511981 0.036243
v -0.027214 0.511981 0.163757
v -0.026781 1.445195 -0.126092
v -0.026781 1.445195 0.126092
v -0.026735 0.480906 -0.162637
v -0.026735 0.480906 -0.037363
v -0.026735 0.480906 0.037363
v -0.026735 0.480906 0.162637
v -0.026727 1.490729 -0.225240
v -0.026727 1.490729 0.225240
v -0.026313 0.450629 -0.161649
v -0.026313 0.450629 -0.038351
v -0.026313 0.450629 0.038351
v -0.026313 0.450629 0.161649
v -0.026116 1.429126 -0.123079
v -0.026116 1.429126 0.123079
v -0.026116 1.456532 -0.231704
v -0.026116 1.456532 0.231704
v -0.025933 0.421203 -0.160758
v -0.025933 0.421203 -0.039242
v -0.025933 0.421203 0.039242
v -0.025933 0.421203 0.160758
v -0.025816 0.074325 -0.121701
v -0.025816 0.074325 -0.078299
v -0.025816 0.074325 0.078299
v -0.025816 0.074325 0.121701
v -0.025580 0.392684 -0.159930
v -0.025580 0.392684 -0.040070
v -0.025580 0.392684 0.040070
v -0.025580 0.392684 0.159930
v -0.025537 1.409866 -0.122255
v -0.025537 1.409866 0.122255
v -0.025537 1.426109 -0.235954
v -0.025537 1.426109 0.235954
v -0.025240 0.365089 -0.159135
v -0.025240 0.365089 -0.040865
v -0.025240 0.365089 0.040865
v -0.025240 0.365089 0.159135
v -0.024979 1.388830 -0.123212
v -0.024979 1.388830 0.123212
v -0.024979 1.399257 -0.238299
v -0.024979 1.399257 0.238299
v -0.024911 0.338295 -0.158363
v -0.024911 0.338295 -0.041637
v -0.024911 0.338295 0.041637
v -0.024911 0.338295 0.158363
v -0.024589 0.312141 -0.157609
v -0.024589 0.312141 -0.042391
v -0.024589 0.312141 0.042391
v -0.024589 0.312141 0.157609
v -0.024438 1.366726 -0.125343
v -0.024438 1.366726 0.125343
v -0.024438 1.374902 -0.239372
v -0.024438 1.374902 0.239372
v -0.024273 0.286466 -0.156869
v -0.024273 0.286466 0.043131
v -0.024273 0.286467 -0.043131
v -0.024273 0.286467 0.156869
v -0.023951 0.261100 -0.156139
v -0.023951 0.261100 -0.043861
v -0.023951 0.261100 0.043861
v -0.023951 0.261100 0.156139
v -0.023909 1.344262 -0.128039
v -0.023909 1.344262 0.128039
v -0.023909 1.351970 -0.239807
v -0.023909 1.351970 0.239807
v -0.023568 0.235823 -0.155417
v -0.023568 0.235823 -0.044583
v -0.023568 0.235823 0.044583
v -0.023568 0.235823 0.155417
v -0.023281 1.322345 -0.131028
v -0.023281 1.322345 0.131028
v -0.023281 1.329850 -0.239855
v -0.023281 1.329850 0.239855
v -0.023059 0.210405 -0.154703
v -0.023059 0.210405 -0.045297
v -0.023059 0.210405 0.045297
v -0.023059 0.210405 0.154703
v -0.022359 0.184618 -0.153995
v -0.022359 0.184618 -0.046005
v -0.022359 0.184618 0.046005
v -0.022359 0.184618 0.153995
v -0.022006 1.302685 -0.135376
v -0.022006 1.302685 0.135376
v -0.022006 1.309780 -0.238247
v -0.022006 1.309780 0.238247
v -0.021202 0.158492 -0.153288
v -0.021202 0.158492 -0.046712
v -0.021202 0.158492 0.046712
v -0.021202 0.158492 0.153288
v -0.020380 1.269511 -0.189344
v -0.020380 1.269511 0.189344
v -0.019819 1.287004 -0.142430
v -0.019819 1.287004 0.142430
v -0.019819 1.293278 -0.233412
v -0.019819 1.293278 0.233412
v -0.019386 1.270481 -0.169845
v -0.019386 1.270481 0.169845
v -0.019386 1.273148 -0.208526
v -0.019386 1.273148 0.208526
v -0.018508 0.133111 -0.152550
v -0.018508 0.133111 -0.047450
v -0.018508 0.133111 0.047450
v -0.018508 0.133111 0.152550
v -0.018311 1.276189 -0.153509
v -0.018311 1.276189 0.153509
v -0.018311 1.281045 0.223923
v -0.018311 1.281046 -0.223923
v -0.017226 0.080312 -0.139682
v -0.017226 0.080312 -0.060318
v -0.017226 0.080312 0.060318
v -0.017226 0.080312 0.139682
v -0.012997 0.109818 -0.151747
v -0.012997 0.109818 -0.048253
v -0.012997 0.109818 0.048253
v -0.012997 0.109818 0.151747
v -0.010778 0.053633 -0.100000
v -0.010778 0.053633 0.100000
v -0.008300 0.055993 -0.121263
v -0.008300 0.055993 -0.078737
v -0.008300 0.055993 0.078737
v -0.008300 0.055993 0.121263
v -0.003388 0.089957 -0.150843
v -0.003388 0.089957 -0.049157
v -0.003388 0.089957 0.049157
v -0.003388 0.089957 0.150843
v -0.000868 0.063072 -0.138881
v -0.000868 0.063072 -0.061119
v -0.000868 0.063072 0.061119
v -0.000868 0.063072 0.138881
v 0.000000 0.186748 -0.157946
v 0.000000 0.186748 -0.042054
v 0.000000 0.186748 0.042054
v 0.000000 0.186748 0.157946
v 0.000000 0.211304 -0.158706
v 0.000000 0.211304 -0.041294
v 0.000000 0.211304 0.041294
v 0.000000 0.211304 0.158706
v 0.000000 0.236089 -0.159472
v 0.000000 0.236089 -0.040528
v 0.000000 0.236089 0.040528
v 0.000000 0.236089 0.159472
v 0.000000 0.261133 -0.160247
v 0.000000 0.261133 -0.039753
v 0.000000 0.261133 0.039753
v 0.000000 0.261133 0.160247
v 0.000000 0.286467 -0.161030
v 0.000000 0.286467 -0.038970
v 0.000000 0.286467 0.038970
v 0.000000 0.286467 0.161030
v 0.000000 0.312141 -0.161824
v 0.000000 0.312141 -0.038176
v 0.000000 0.312141 0.038176
v 0.000000 0.312141 0.161824
v 0.000000 0.338295 -0.162633
v 0.000000 0.338295 -0.037367
v 0.000000 0.338295 0.037367
v 0.000000 0.338295 0.162633
v 0.000000 0.365089 -0.163462
v 0.000000 0.365089 -0.036538
v 0.000000 0.365089 0.036538
v 0.000000 0.365089 0.163462
v 0.000000 0.392684 -0.164315
v 0.000000 0.392684 -0.035685
v 0.000000 0.392684 0.035685
v 0.000000 0.392684 0.164315
v 0.000000 0.421203 -0.165204
v 0.000000 0.421203 -0.034796
v 0.000000 0.421203 0.034796
v 0.000000 0.421203 0.165204
v 0.000000 0.450629 -0.166159
v 0.000000 0.450629 -0.033841
v 0.000000 0.450629 0.033841
v 0.000000 0.450629 0.166159
v 0.000000 0.480906 -0.167220
v 0.000000 0.480906 -0.032780
v 0.000000 0.480906 0.032780
v 0.000000 0.480906 0.167220
v 0.000000 0.511981 -0.168423
v 0.000000 0.511981 -0.031577
v 0.000000 0.511981 0.031577
v 0.000000 0.511981 0.168423
v 0.000000 0.543799 -0.169792
v 0.000000 0.543799 -0.030208
v 0.000000 0.543799 0.030208
v 0.000000 0.543799 0.169792
v 0.000000 0.576311 -0.171304
v 0.000000 0.576311 -0.028696
v 0.000000 0.576311 0.028696
v 0.000000 0.576311 0.171304
v 0.000000 0.609468 -0.172918
v 0.000000 0.609468 -0.027082
v 0.000000 0.609468 0.027082
v 0.000000 0.609468 0.172918
v 0.000000 0.643219 -0.174599
v 0.000000 0.643219 -0.025401
v 0.000000 0.643219 0.025401
v 0.000000 0.643219 0.174599
v 0.000000 0.677463 -0.023679
v 0.000000 0.677463 0.023679
v 0.000000 0.677680 -0.176287
v 0.000000 0.677680 0.176287
v 0.000000 0.711894 -0.021880
v 0.000000 0.711894 0.021880
v 0.000000 0.713625 -0.177850
v 0.000000 0.713625 0.177850
v 0.000000 0.746152 -0.019953
v 0.000000 0.746152 0.019953
v 0.000000 0.751992 -0.179134
v 0.000000 0.751992 0.179134
v 0.000000 0.779877 -0.017848
v 0.000000 0.779877 0.017848
v 0.000000 0.793720 -0.179988
v 0.000000 0.793720 0.179988
v 0.000000 0.812349 -0.015417
v 0.000000 0.812349 0.015325
v 0.000000 0.839264 -0.180279
v 0.000000 0.839278 0.180248
v 0.000000 0.841406 -0.012119
v 0.000000 0.841406 0.011379
v 0.000000 0.863726 -0.007454
v 0.000000 0.863726 0.005326
v 0.000000 0.872792 -0.001481
v 0.000000 0.887151 -0.179964
v 0.000000 0.887267 0.179715
v 0.000000 0.935427 -0.179020
v 0.000000 0.935817 0.178180
v 0.000000 0.982136 -0.177425
v 0.000000 0.983062 0.175435
v 0.000000 1.026367 -0.175039
v 0.000000 1.028204 0.171472
v 0.000000 1.071390 -0.171243
v 0.000000 1.074747 0.167087
v 0.000000 1.121436 -0.165823
v 0.000000 1.126776 0.163142
v 0.000000 1.180404 -0.160635
v 0.000000 1.186425 0.159934
v 0.000000 1.249517 -0.157220
v 0.000000 1.253570 0.157307
v 0.000000 1.266997 -0.189517
v 0.000000 1.266997 0.189517
v 0.000000 1.268109 -0.169013
v 0.000000 1.268109 0.169013
v 0.000000 1.270913 -0.209675
v 0.000000 1.270913 0.209675
v 0.000000 1.274441 -0.151430
v 0.000000 1.274441 0.151430
v 0.000000 1.279600 -0.226222
v 0.000000 1.279600 0.226222
v 0.000000 1.286010 -0.139229
v 0.000000 1.286010 0.139229
v 0.000000 1.292733 -0.236720
v 0.000000 1.292733 0.236720
v 0.000000 1.302190 -0.131629
v 0.000000 1.302190 0.131629
v 0.000000 1.309804 -0.242027
v 0.000000 1.309804 0.242027
v 0.000000 1.319613 -0.153756
v 0.000000 1.321002 0.153829
v 0.000000 1.322041 -0.127048
v 0.000000 1.322041 0.127048
v 0.000000 1.330096 -0.243839
v 0.000000 1.330096 0.243839
v 0.000000 1.343980 -0.123950
v 0.000000 1.343980 0.123950
v 0.000000 1.352252 -0.243896
v 0.000000 1.352252 0.243896
v 0.000000 1.366427 -0.121171
v 0.000000 1.366427 0.121171
v 0.000000 1.375201 -0.243544
v 0.000000 1.375201 0.243544
v 0.000000 1.379901 -0.148245
v 0.000000 1.380075 0.148254
v 0.000000 1.388449 -0.119002
v 0.000000 1.388449 0.119002
v 0.000000 1.399638 -0.242510
v 0.000000 1.399638 0.242510
v 0.000000 1.409272 -0.118095
v 0.000000 1.409272 0.118095
v 0.000000 1.423467 -0.141340
v 0.000000 1.423467 0.141340
v 0.000000 1.426703 -0.240114
v 0.000000 1.426703 0.240114
v 0.000000 1.428123 -0.119105
v 0.000000 1.428123 0.119105
v 0.000000 1.443529 -0.122465
v 0.000000 1.443529 0.122465
v 0.000000 1.446183 -0.134245
v 0.000000 1.446183 0.134245
v 0.000000 1.451210 -0.127733
v 0.000000 1.451210 0.127733
v 0.000000 1.457535 -0.235678
v 0.000000 1.457535 0.235678
v 0.000000 1.492395 -0.228868
v 0.000000 1.492395 0.228868
v 0.000000 1.528040 -0.220733
v 0.000000 1.528040 0.220733
v 0.000000 1.560348 -0.212666
v 0.000000 1.560348 0.212666
v 0.000000 1.585196 -0.206062
v 0.000000 1.585196 0.206062
v 0.000000 1.599669 -0.200920
v 0.000000 1.599669 0.200920
v 0.000000 1.602984 0.000000
v 0.000000 1.603411 -0.072711
v 0.000000 1.603411 0.072711
v 0.000000 1.604692 -0.132906
v 0.000000 1.604692 0.132906
v 0.000000 1.605670 -0.191662
v 0.000000 1.605670 0.191662
v 0.000000 1.606308 -0.171315
v 0.000000 1.606308 0.171315
v 0.000208 0.162568 -0.157187
v 0.000208 0.162568 -0.042813
v 0.000208 0.162568 0.042813
v 0.000208 0.162568 0.157187
v 0.001664 0.139625 -0.156395
v 0.001664 0.139625 -0.043605
v 0.001664 0.139625 0.043605
v 0.001664 0.139625 0.156395
v 0.005616 0.118956 -0.155533
v 0.005616 0.118956 -0.044467
v 0.005616 0.118956 0.044467
v 0.005616 0.118956 0.155533
v 0.011014 0.039357 -0.100000
v 0.011014 0.039357 0.100000
v 0.011108 0.074479 -0.149816
v 0.011108 0.074479 -0.050184
v 0.011108 0.074479 0.050184
v 0.011108 0.074479 0.149816
v 0.013086 0.042006 -0.120785
v 0.013086 0.042006 -0.079215
v 0.013086 0.042006 0.079215
v 0.013086 0.042006 0.120785
v 0.013313 0.101599 -0.154563
v 0.013313 0.101599 -0.045437
v 0.013313 0.101599 0.045437
v 0.013313 0.101599 0.154563
v 0.018311 1.276189 -0.153509
v 0.018311 1.276189 0.153509
v 0.018311 1.281045 -0.223923
v 0.018311 1.281046 0.223923
v 0.019301 0.049952 -0.138006
v 0.019301 0.049952 -0.061994
v 0.019301 0.049952 0.061994
v 0.019301 0.049952 0.138006
v 0.019386 1.270481 -0.169845
v 0.019386 1.270481 0.169845
v 0.019386 1.273148 -0.208526
v 0.019386 1.273148 0.208526
v 0.019819 1.287004 -0.142430
v 0.019819 1.287004 0.142430
v 0.019819 1.293278 -0.233412
v 0.019819 1.293278 0.233412
v 0.020380 1.269511 -0.189344
v 0.020380 1.269511 0.189344
v 0.021618 0.166644 -0.153288
v 0.021618 0.166644 -0.046712
v 0.021618 0.166644 0.046712
v 0.021618 0.166644 0.153288
v 0.021836 0.146139 -0.152550
v 0.021836 0.146139 -0.047450
v 0.021836 0.146139 0.047450
v 0.021836 0.146139 0.152550
v 0.022006 1.302685 -0.135376
v 0.022006 1.302685 0.135376
v 0.022006 1.309780 -0.238247
v 0.022006 1.309780 0.238247
v 0.022359 0.188878 -0.153995
v 0.022359 0.188878 -0.046005
v 0.022359 0.188878 0.046005
v 0.022359 0.188878 0.153995
v 0.023059 0.212202 -0.154703
v 0.023059 0.212202 -0.045297
v 0.023059 0.212202 0.045297
v 0.023059 0.212202 0.154703
v 0.023281 1.322345 -0.131028
v 0.023281 1.322345 0.131028
v 0.023281 1.329850 -0.239855
v 0.023281 1.329850 0.239855
v 0.023568 0.236355 -0.155417
v 0.023568 0.236355 -0.044583
v 0.023568 0.236355 0.044583
v 0.023568 0.236355 0.155417
v 0.023909 1.344262 -0.128039
v 0.023909 1.344262 0.128039
v 0.023909 1.351970 -0.239807
v 0.023909 1.351970 0.239807
v 0.023951 0.261166 -0.156139
v 0.023951 0.261166 -0.043861
v 0.023951 0.261166 0.043861
v 0.023951 0.261166 0.156139
v 0.024230 0.128094 -0.151747
v 0.024230 0.128094 -0.048253
v 0.024230 0.128094 0.048253
v 0.024230 0.128094 0.151747
v 0.024273 0.286466 -0.043131
v 0.024273 0.286466 0.156869
v 0.024273 0.286467 -0.156869
v 0.024273 0.286467 0.043131
v 0.024438 1.366726 -0.125343
v 0.024438 1.366726 0.125343
v 0.024438 1.374902 -0.239372
v 0.024438 1.374902 0.239372
v 0.024589 0.312141 -0.157609
v 0.024589 0.312141 -0.042391
v 0.024589 0.312141 0.042391
v 0.024589 0.312141 0.157609
v 0.024911 0.338295 -0.158363
v 0.024911 0.338295 -0.041637
v 0.024911 0.338295 0.041637
v 0.024911 0.338295 0.158363
v 0.024979 1.388830 -0.123212
v 0.024979 1.388830 0.123212
v 0.024979 1.399257 -0.238299
v 0.024979 1.399257 0.238299
v 0.025240 0.365089 -0.159135
v 0.025240 0.365089 -0.040865
v 0.025240 0.365089 0.040865
v 0.025240 0.365089 0.159135
v 0.025537 1.409866 -0.122255
v 0.025537 1.409866 0.122255
v 0.025537 1.426109 -0.235954
v 0.025537 1.426109 0.235954
v 0.025561 0.088245 -0.153461
v 0.025561 0.088245 -0.046539
v 0.025561 0.088245 0.046539
v 0.025561 0.088245 0.153461
v 0.025580 0.392684 -0.159930
v 0.025580 0.392684 -0.040070
v 0.025580 0.392684 0.040070
v 0.025580 0.392684 0.159930
v 0.025933 0.421203 -0.160758
v 0.025933 0.421203 -0.039242
v 0.025933 0.421203 0.039242
v 0.025933 0.421203 0.160758
v 0.026116 1.429126 -0.123079
v 0.026116 1.429126 0.123079
v 0.026116 1.456532 -0.231704
v 0.026116 1.456532 0.231704
v 0.026313 0.450629 -0.161649
v 0.026313 0.450629 -0.038351
v 0.026313 0.450629 0.038351
v 0.026313 0.450629 0.161649
v 0.026727 1.490729 -0.225240
v 0.026727 1.490729 0.225240
v 0.026735 0.480906 -0.162637
v 0.026735 0.480906 -0.037363
v 0.026735 0.480906 0.037363
v 0.026735 0.480906 0.162637
v 0.026781 1.445195 -0.126092
v 0.026781 1.445195 0.126092
v 0.027214 0.511981 -0.163757
v 0.027214 0.511981 -0.036243
v 0.027214 0.511981 0.036243
v 0.027214 0.511981 0.163757
v 0.027412 1.525421 -0.217562
v 0.027412 1.525421 0.217562
v 0.027758 0.543799 -0.165034
v 0.027758 0.543799 -0.034966
v 0.027758 0.543799 0.034966
v 0.027758 0.543799 0.165034
v 0.027841 1.453829 -0.130903
v 0.027841 1.453829 0.130903
v 0.028219 1.556455 0.209993
v 0.028219 1.556456 -0.209993
v 0.028359 0.576311 -0.166442
v 0.028359 0.576311 -0.033558
v 0.028359 0.576311 0.033558
v 0.028359 0.576311 0.166442
v 0.029002 0.609467 -0.167947
v 0.029002 0.609467 -0.032053
v 0.029002 0.609467 0.032053
v 0.029002 0.609467 0.167947
v 0.029198 1.579683 -0.203856
v 0.029198 1.579683 0.203856
v 0.029315 0.062754 -0.148695
v 0.029315 0.062754 -0.051305
v 0.029315 0.062754 0.051305
v 0.029315 0.062754 0.148695
v 0.029665 1.450075 -0.136919
v 0.029665 1.450075 0.136919
v 0.029670 0.643219 -0.169512
v 0.029670 0.643219 -0.030488
v 0.029670 0.643219 0.030488
v 0.029670 0.643219 0.169512
v 0.030014 0.113240 -0.150843
v 0.030014 0.113240 -0.049157
v 0.030014 0.113240 0.049157
v 0.030014 0.113240 0.150843
v 0.030353 0.677471 -0.028882
v 0.030353 0.677471 0.028882
v 0.030353 0.677672 -0.171085
v 0.030353 0.677672 0.171085
v 0.030362 1.592203 -0.199099
v 0.030362 1.592203 0.199099
v 0.030903 1.279671 -0.157667
v 0.030903 1.279671 0.157667
v 0.030903 1.283923 -0.219327
v 0.030903 1.283923 0.219327
v 0.031052 0.711953 -0.027197
v 0.031052 0.711954 0.027197
v 0.031052 0.713566 -0.172533
v 0.031052 0.713566 0.172533
v 0.031596 1.596129 -0.190169
v 0.031596 1.596129 0.190169
v 0.031773 0.746351 -0.025379
v 0.031773 0.746351 0.025379
v 0.031773 0.751793 -0.173708
v 0.031773 0.751793 0.173708
v 0.032523 0.780349 -0.023375
v 0.032523 0.780349 0.023375
v 0.032523 0.793248 -0.174460
v 0.032523 0.793248 0.174460
v 0.032624 1.428980 -0.143546
v 0.032624 1.428980 0.143546
v 0.032751 1.594822 -0.170136
v 0.032751 1.594822 0.170136
v 0.033354 0.838361 -0.174673
v 0.033362 0.838386 0.174619
v 0.033463 0.813357 -0.020979
v 0.033464 0.813361 0.020833
v 0.033675 1.591647 -0.132070
v 0.033675 1.591647 0.132070
v 0.034244 1.589405 -0.072276
v 0.034244 1.589405 0.072276
v 0.034434 1.588658 0.000000
v 0.034507 0.885708 -0.174361
v 0.034573 0.885910 0.173925
v 0.034627 0.028500 -0.100000
v 0.034627 0.028500 0.100000
v 0.035291 1.277358 -0.170448
v 0.035291 1.277358 0.170448
v 0.035291 1.279877 -0.206984
v 0.035291 1.279877 0.206984
v 0.035382 0.843692 -0.017377
v 0.035392 0.843721 0.016205
v 0.035894 1.288551 -0.152052
v 0.035894 1.288551 0.152052
v 0.035894 1.293491 -0.223669
v 0.035894 1.293491 0.223669
v 0.036274 0.933401 -0.173569
v 0.036318 0.031360 -0.120285
v 0.036318 0.031360 -0.079715
v 0.036318 0.031360 0.079715
v 0.036318 0.031360 0.120285
v 0.036496 0.934085 0.172099
v 0.037062 1.387452 0.149965
v 0.037155 1.387191 -0.149951
v 0.037485 1.277020 -0.188826
v 0.037485 1.277020 0.188826
v 0.038550 0.151536 -0.141015
v 0.038550 0.151536 -0.058985
v 0.038550 0.151536 0.058985
v 0.038550 0.151536 0.141015
v 0.038810 0.868604 -0.011588
v 0.038832 0.868666 0.008001
v 0.038942 0.979554 -0.172343
v 0.039357 0.170021 -0.141590
v 0.039357 0.170021 -0.058410
v 0.039357 0.170021 0.058410
v 0.039357 0.170021 0.141590
v 0.039470 0.981174 0.168860
v 0.039652 0.135665 -0.140388
v 0.039652 0.135665 -0.059612
v 0.039652 0.135665 0.059612
v 0.039652 0.135665 0.140388
v 0.040013 0.102011 -0.149816
v 0.040013 0.102011 -0.050184
v 0.040013 0.102011 0.050184
v 0.040013 0.102011 0.149816
v 0.040240 1.303699 -0.146651
v 0.040240 1.303699 0.146651
v 0.040240 1.309237 -0.226940
v 0.040240 1.309237 0.226940
v 0.040885 0.190642 -0.142143
v 0.040885 0.190642 -0.057857
v 0.040885 0.190642 0.057857
v 0.040885 0.190642 0.142143
v 0.041392 0.039938 -0.137093
v 0.041392 0.039938 -0.062907
v 0.041392 0.039938 0.062907
v 0.041392 0.039938 0.137093
v 0.041400 0.078205 -0.152258
v 0.041400 0.078205 -0.047742
v 0.041400 0.078205 0.047742
v 0.041400 0.078205 0.152258
v 0.041462 0.880304 -0.002776
v 0.042165 0.212947 -0.142695
v 0.042165 0.212947 -0.057305
v 0.042165 0.212947 0.057305
v 0.042165 0.212947 0.142695
v 0.042570 1.323198 -0.142970
v 0.042570 1.323198 0.142970
v 0.042570 1.329056 -0.227909
v 0.042570 1.329056 0.227909
v 0.042840 1.023335 -0.170491
v 0.043095 0.236576 -0.143253
v 0.043095 0.236576 -0.056747
v 0.043095 0.236576 0.056747
v 0.043095 0.236576 0.143253
v 0.043213 1.329830 0.154439
v 0.043702 1.026574 0.164225
v 0.043720 1.345108 -0.140306
v 0.043720 1.345108 0.140306
v 0.043720 1.351124 -0.227540
v 0.043720 1.351124 0.227540
v 0.043796 0.261194 -0.143816
v 0.043796 0.261194 -0.056184
v 0.043796 0.261194 0.056184
v 0.043796 0.261194 0.143816
v 0.043852 0.122885 -0.139682
v 0.043852 0.122885 -0.060318
v 0.043852 0.122885 0.060318
v 0.043852 0.122885 0.139682
v 0.043964 1.327746 -0.154329
v 0.044386 0.286467 -0.144386
v 0.044386 0.286467 -0.055614
v 0.044386 0.286467 0.055614
v 0.044386 0.286467 0.144386
v 0.044687 1.367624 -0.137859
v 0.044687 1.367624 0.137859
v 0.044687 1.374004 -0.226857
v 0.044687 1.374004 0.226857
v 0.044963 0.312141 -0.144963
v 0.044963 0.312141 -0.055037
v 0.044963 0.312141 0.055037
v 0.044963 0.312141 0.144963
v 0.045551 0.338295 -0.145551
v 0.045551 0.338295 -0.054449
v 0.045551 0.338295 0.054449
v 0.045551 0.338295 0.145551
v 0.045599 1.288778 -0.168149
v 0.045599 1.288778 0.168149
v 0.045599 1.291505 -0.207694
v 0.045599 1.291505 0.207694
v 0.045677 1.389975 -0.135844
v 0.045677 1.389975 0.135844
v 0.045677 1.398112 -0.225668
v 0.045677 1.398112 0.225668
v 0.046154 0.365089 -0.146154
v 0.046154 0.365089 -0.053846
v 0.046154 0.365089 0.053846
v 0.046154 0.365089 0.146154
v 0.046697 1.411649 -0.134734
v 0.046697 1.411649 0.134734
v 0.046697 1.424326 -0.223475
v 0.046697 1.424326 0.223475
v 0.046775 0.392684 -0.146775
v 0.046775 0.392684 -0.053225
v 0.046775 0.392684 0.053225
v 0.046775 0.392684 0.146775
v 0.047421 0.421203 -0.147421
v 0.047421 0.421203 -0.052579
v 0.047421 0.421203 0.052579
v 0.047421 0.421203 0.147421
v 0.047755 1.432134 -0.135001
v 0.047755 1.432134 0.135001
v 0.047755 1.453524 -0.219781
v 0.047755 1.453524 0.219781
v 0.048116 0.450629 -0.148116
v 0.048116 0.450629 -0.051884
v 0.048116 0.450629 0.051884
v 0.048116 0.450629 0.148116
v 0.048450 1.068147 -0.166860
v 0.048861 1.289371 -0.187974
v 0.048861 1.289371 0.187974
v 0.048882 1.074209 0.159401
v 0.048883 1.485732 -0.214358
v 0.048883 1.485732 0.214358
v 0.048887 0.480906 -0.148887
v 0.048887 0.480906 -0.051113
v 0.048887 0.480906 0.051113
v 0.048887 0.480906 0.148887
v 0.048924 0.154886 -0.122430
v 0.048924 0.154886 -0.077570
v 0.048924 0.154886 0.077570
v 0.048924 0.154886 0.122430
v 0.048960 1.450193 -0.136974
v 0.048960 1.450193 0.136974
v 0.049225 0.140364 -0.122087
v 0.049225 0.140364 -0.077913
v 0.049225 0.140364 0.077913
v 0.049225 0.140364 0.122087
v 0.049566 0.053760 -0.147526
v 0.049566 0.053760 -0.052474
v 0.049566 0.053760 0.052474
v 0.049566 0.053760 0.147526
v 0.049762 0.511981 -0.149762
v 0.049762 0.511981 -0.050238
v 0.049762 0.511981 0.050238
v 0.049762 0.511981 0.149762
v 0.050205 1.517563 -0.208051
v 0.050205 1.517563 0.208051
v 0.050368 0.172117 -0.122745
v 0.050368 0.172117 -0.077255
v 0.050368 0.172117 0.077255
v 0.050368 0.172117 0.122745
v 0.050745 1.262485 0.155491
v 0.050758 0.543799 -0.150758
v 0.050758 0.543799 -0.049242
v 0.050758 0.543799 0.049242
v 0.050758 0.543799 0.150758
v 0.050828 1.461687 -0.140415
v 0.050828 1.461687 0.140415
v 0.051558 1.304719 -0.164858
v 0.051558 1.304719 0.164858
v 0.051558 1.307747 -0.208765
v 0.051558 1.307747 0.208765
v 0.051857 0.576311 -0.151857
v 0.051857 0.576311 -0.048143
v 0.051857 0.576311 0.048143
v 0.051857 0.576311 0.151857
v 0.051872 1.544780 -0.201972
v 0.051872 1.544780 0.201972
v 0.051989 0.113418 -0.138881
v 0.051989 0.113418 -0.061119
v 0.051989 0.113418 0.061119
v 0.051989 0.113418 0.138881
v 0.052382 0.156003 -0.100000
v 0.052382 0.156003 0.100000
v 0.052384 0.191738 -0.123047
v 0.052384 0.191738 -0.076953
v 0.052384 0.191738 0.076953
v 0.052384 0.191738 0.123047
v 0.052416 0.141931 -0.100000
v 0.052416 0.141931 0.100000
v 0.052442 0.128872 -0.121701
v 0.052442 0.128872 -0.078299
v 0.052442 0.128872 0.078299
v 0.052442 0.128872 0.121701
v 0.053032 0.609468 -0.153032
v 0.053032 0.609468 -0.046968
v 0.053032 0.609468 0.046968
v 0.053032 0.609468 0.153032
v 0.053036 1.255963 -0.155247
v 0.053485 0.093655 -0.148695
v 0.053485 0.093655 -0.051305
v 0.053485 0.093655 0.051305
v 0.053485 0.093655 0.148695
v 0.053975 1.461751 -0.144939
v 0.053975 1.461751 0.144939
v 0.054023 0.213409 -0.123349
v 0.054023 0.213409 -0.076651
v 0.054023 0.213409 0.076651
v 0.054023 0.213409 0.123349
v 0.054031 1.563142 -0.197236
v 0.054031 1.563142 0.197236
v 0.054038 0.172816 -0.100000
v 0.054038 0.172816 0.100000
v 0.054146 1.128834 0.155798
v 0.054254 0.643219 -0.154254
v 0.054254 0.643219 -0.045746
v 0.054254 0.643219 0.045746
v 0.054254 0.643219 0.154254
v 0.054543 1.324496 -0.162216
v 0.054543 1.324496 0.162216
v 0.054543 1.327699 -0.208667
v 0.054543 1.327699 0.208667
v 0.055216 0.236713 -0.123654
v 0.055216 0.236713 -0.076346
v 0.055216 0.236713 0.076346
v 0.055216 0.236713 0.123654
v 0.055305 0.130868 -0.100000
v 0.055305 0.130868 0.100000
v 0.055330 1.305997 -0.186828
v 0.055330 1.305997 0.186828
v 0.055502 0.677493 -0.044489
v 0.055502 0.677493 0.044489
v 0.055502 0.677650 -0.155477
v 0.055502 0.677650 0.155477
v 0.055570 1.118924 -0.160754
v 0.056017 1.346471 -0.160070
v 0.056017 1.346471 0.160070
v 0.056017 1.349761 -0.207776
v 0.056017 1.349761 0.207776
v 0.056114 0.261211 -0.123962
v 0.056114 0.261211 -0.076038
v 0.056114 0.261211 0.076038
v 0.056114 0.261211 0.123962
v 0.056146 1.192804 0.154513
v 0.056217 0.192103 -0.100000
v 0.056217 0.192103 0.100000
v 0.056741 1.569806 -0.193637
v 0.056741 1.569806 0.193637
v 0.056780 0.712130 -0.043148
v 0.056780 0.712130 0.043148
v 0.056780 0.713389 -0.156581
v 0.056780 0.713389 0.156581
v 0.056869 0.286466 -0.124273
v 0.056869 0.286466 0.075727
v 0.056869 0.286467 -0.075727
v 0.056869 0.286467 0.124273
v 0.057255 1.369069 -0.158022
v 0.057255 1.369069 0.158022
v 0.057255 1.372559 -0.206693
v 0.057255 1.372559 0.206693
v 0.057609 0.312141 -0.124589
v 0.057609 0.312141 -0.075411
v 0.057609 0.312141 0.075411
v 0.057609 0.312141 0.124589
v 0.057976 0.213563 -0.100000
v 0.057976 0.213563 0.100000
v 0.057989 0.020060 -0.100000
v 0.057989 0.020060 0.100000
v 0.058100 0.746948 -0.041659
v 0.058100 0.746948 0.041659
v 0.058100 0.751196 -0.157428
v 0.058100 0.751196 0.157428
v 0.058363 0.338295 -0.124911
v 0.058363 0.338295 -0.075089
v 0.058363 0.338295 0.075089
v 0.058363 0.338295 0.124911
v 0.058523 1.391818 -0.156194
v 0.058523 1.391818 0.156194
v 0.058523 1.396269 -0.205317
v 0.058523 1.396269 0.205317
v 0.058534 1.326068 -0.185444
v 0.058534 1.326068 0.185444
v 0.059015 1.445521 -0.150165
v 0.059015 1.445521 0.150165
v 0.059135 0.365089 -0.125240
v 0.059135 0.365089 -0.074760
v 0.059135 0.365089 0.074760
v 0.059135 0.365089 0.125240
v 0.059256 0.236758 -0.100000
v 0.059256 0.236758 0.100000
v 0.059370 0.023051 -0.119784
v 0.059370 0.023051 -0.080216
v 0.059370 0.023051 0.080216
v 0.059370 0.023051 0.119784
v 0.059422 0.120498 -0.121263
v 0.059422 0.120498 -0.078737
v 0.059422 0.120498 0.078737
v 0.059422 0.120498 0.121263
v 0.059431 0.070440 -0.151003
v 0.059431 0.070440 -0.048997
v 0.059431 0.070440 0.048997
v 0.059431 0.070440 0.151003
v 0.059470 0.781764 -0.039958
v 0.059470 0.781765 0.039958
v 0.059470 0.791832 -0.157878
v 0.059470 0.791832 0.157878
v 0.059516 1.181678 -0.155321
v 0.059699 1.567504 0.185692
v 0.059699 1.567505 -0.185692
v 0.059830 1.414521 -0.154839
v 0.059830 1.414521 0.154839
v 0.059830 1.421454 -0.203369
v 0.059830 1.421454 0.203369
v 0.059930 0.392684 -0.125580
v 0.059930 0.392684 -0.074420
v 0.059930 0.392684 0.074420
v 0.059930 0.392684 0.125580
v 0.060115 1.348116 -0.183923
v 0.060115 1.348116 0.183923
v 0.060220 0.261217 -0.100000
v 0.060220 0.261217 0.100000
v 0.060758 0.421203 -0.125933
v 0.060758 0.421203 -0.074067
v 0.060758 0.421203 0.074067
v 0.060758 0.421203 0.125933
v 0.060984 0.835651 -0.157857
v 0.061004 0.835709 0.157733
v 0.061030 0.286467 -0.100000
v 0.061030 0.286467 0.100000
v 0.061143 0.816248 -0.037795
v 0.061153 0.816277 0.037547
v 0.061186 1.436980 -0.154209
v 0.061186 1.436980 0.154209
v 0.061186 1.448678 -0.200573
v 0.061186 1.448678 0.200573
v 0.061445 1.370814 -0.182358
v 0.061445 1.370814 0.182358
v 0.061649 0.450629 -0.126313
v 0.061649 0.450629 -0.073687
v 0.061649 0.450629 0.073687
v 0.061649 0.450629 0.126313
v 0.061824 0.312141 -0.100000
v 0.061824 0.312141 0.100000
v 0.061899 0.122858 -0.100000
v 0.061899 0.122858 0.100000
v 0.062510 1.560364 -0.166601
v 0.062510 1.560364 0.166601
v 0.062633 0.338295 -0.100000
v 0.062633 0.338295 0.100000
v 0.062637 0.480906 -0.126735
v 0.062637 0.480906 -0.073265
v 0.062637 0.480906 0.073265
v 0.062637 0.480906 0.126735
v 0.062654 1.477680 -0.196826
v 0.062654 1.477680 0.196826
v 0.062707 1.458245 -0.154507
v 0.062707 1.458245 0.154507
v 0.062805 1.394043 -0.180756
v 0.062805 1.394043 0.180756
v 0.063058 0.881377 -0.157553
v 0.063220 0.881840 0.156558
v 0.063462 0.365089 -0.100000
v 0.063462 0.365089 0.100000
v 0.063499 0.106457 -0.138006
v 0.063499 0.106457 -0.061994
v 0.063499 0.106457 0.061994
v 0.063499 0.106457 0.138006
v 0.063515 0.032021 -0.136176
v 0.063515 0.032021 -0.063824
v 0.063515 0.032021 0.063824
v 0.063515 0.032021 0.136176
v 0.063757 0.511981 -0.127214
v 0.063757 0.511981 -0.072786
v 0.063757 0.511981 0.072787
v 0.063757 0.511981 0.127214
v 0.064208 1.417987 -0.179104
v 0.064208 1.417987 0.179104
v 0.064315 0.392684 -0.100000
v 0.064315 0.392684 0.100000
v 0.064330 0.849476 -0.034178
v 0.064411 0.849707 0.032200
v 0.064510 1.504904 -0.192727
v 0.064510 1.504904 0.192727
v 0.064781 1.552512 -0.129561
v 0.064781 1.552512 0.129561
v 0.064939 1.474346 -0.155738
v 0.064939 1.474346 0.155738
v 0.065034 0.543799 -0.127758
v 0.065034 0.543799 -0.072242
v 0.065034 0.543799 0.072242
v 0.065034 0.543799 0.127758
v 0.065204 0.421203 -0.100000
v 0.065204 0.421203 0.100000
v 0.065663 1.442829 -0.177391
v 0.065663 1.442829 0.177391
v 0.066159 0.450629 -0.100000
v 0.066159 0.450629 0.100000
v 0.066183 1.547389 -0.070968
v 0.066183 1.547389 0.070968
v 0.066189 0.927324 -0.157216
v 0.066442 0.576311 -0.128359
v 0.066442 0.576311 -0.071641
v 0.066442 0.576311 0.071641
v 0.066442 0.576311 0.128359
v 0.066486 1.409810 0.155201
v 0.066622 1.409463 -0.155182
v 0.066650 1.545681 0.000000
v 0.066736 0.928886 0.153857
v 0.067085 1.525968 -0.189051
v 0.067085 1.525968 0.189051
v 0.067220 0.480906 -0.100000
v 0.067220 0.480906 0.100000
v 0.067267 1.467962 -0.175666
v 0.067267 1.467962 0.175666
v 0.067947 0.609467 -0.129002
v 0.067947 0.609467 -0.070998
v 0.067947 0.609467 0.070998
v 0.067947 0.609467 0.129002
v 0.068423 0.511981 -0.100000
v 0.068423 0.511981 0.100000
v 0.068531 1.480562 -0.157861
v 0.068531 1.480562 0.157861
v 0.069296 0.087121 -0.147526
v 0.069296 0.087121 -0.052474
v 0.069296 0.087121 0.052474
v 0.069296 0.087121 0.147526
v 0.069461 1.489625 -0.174233
v 0.069461 1.489625 0.174233
v 0.069512 0.643219 -0.129670
v 0.069512 0.643219 -0.070330
v 0.069512 0.643219 0.070330
v 0.069512 0.643219 0.129670
v 0.069714 0.114403 -0.120785
v 0.069714 0.114403 -0.079215
v 0.069714 0.114403 0.079215
v 0.069714 0.114403 0.120785
v 0.069792 0.543799 -0.100000
v 0.069792 0.543799 0.100000
v 0.070193 0.046473 -0.146350
v 0.070193 0.046473 -0.053650
v 0.070193 0.046473 0.053650
v 0.070193 0.046473 0.146350
v 0.070690 0.880724 -0.027466
v 0.070707 1.536494 -0.186572
v 0.070707 1.536494 0.186572
v 0.070875 0.971807 -0.157097
v 0.070913 0.881361 0.020585
v 0.071112 0.677529 -0.069635
v 0.071112 0.677529 0.069635
v 0.071112 0.677615 -0.130331
v 0.071112 0.677615 0.130331
v 0.071304 0.576311 -0.100000
v 0.071304 0.576311 0.100000
v 0.071786 0.117052 -0.100000
v 0.071786 0.117052 0.100000
v 0.072173 0.975511 0.149136
v 0.072750 0.712416 -0.068848
v 0.072750 0.712416 0.068848
v 0.072750 0.713104 -0.130882
v 0.072750 0.713104 0.130882
v 0.072769 1.503265 -0.173456
v 0.072769 1.503265 0.173456
v 0.072919 0.609468 -0.100000
v 0.072919 0.609468 0.100000
v 0.074134 1.472169 -0.160830
v 0.074134 1.472169 0.160830
v 0.074440 0.747911 -0.067888
v 0.074440 0.747911 0.067888
v 0.074440 0.750233 -0.131199
v 0.074440 0.750233 0.131199
v 0.074599 0.643219 -0.100000
v 0.074599 0.643219 0.100000
v 0.075528 1.533701 0.184845
v 0.075532 1.533690 -0.184844
v 0.076196 0.784045 -0.066674
v 0.076196 0.784045 0.066674
v 0.076196 0.789551 -0.131161
v 0.076196 0.789551 0.131161
v 0.076315 0.677572 -0.099983
v 0.076315 0.677572 0.099983
v 0.076596 1.358144 0.157108
v 0.077470 0.100942 -0.137093
v 0.077470 0.100942 -0.062907
v 0.077470 0.100942 0.062907
v 0.077470 0.100942 0.137093
v 0.077603 1.013989 -0.156828
v 0.077688 1.355365 -0.156961
v 0.077719 1.504331 0.173701
v 0.077719 1.504332 -0.173701
v 0.078073 0.712760 -0.099865
v 0.078073 0.712760 0.099865
v 0.078130 0.831285 -0.130751
v 0.078167 0.831389 0.130522
v 0.078239 0.820712 -0.065056
v 0.078252 0.063916 -0.149742
v 0.078252 0.063916 -0.050258
v 0.078252 0.063916 0.050258
v 0.078252 0.063916 0.149742
v 0.078269 0.820796 0.064742
v 0.079309 0.013431 -0.100000
v 0.079309 0.013431 0.100000
v 0.079861 1.021525 0.142373
v 0.079887 0.749072 -0.099543
v 0.079887 0.749072 0.099543
v 0.080457 0.016466 -0.119206
v 0.080457 0.016466 -0.080794
v 0.080457 0.016466 0.080794
v 0.080457 0.016466 0.119206
v 0.080746 0.874391 -0.130367
v 0.080989 1.521222 0.178542
v 0.081023 1.521136 -0.178538
v 0.081038 0.875223 0.128532
v 0.081621 0.857247 -0.062607
v 0.081772 0.786798 -0.098918
v 0.081772 0.786798 0.098918
v 0.081857 0.857920 0.060097
v 0.082227 1.446139 0.163795
v 0.082325 1.445889 -0.163782
v 0.082543 0.109521 -0.120285
v 0.082543 0.109521 -0.079715
v 0.082543 0.109521 0.079715
v 0.082543 0.109521 0.120285
v 0.083875 0.826010 -0.097960
v 0.083918 0.826133 0.097650
v 0.083948 0.025557 -0.135120
v 0.083948 0.025557 -0.064880
v 0.083948 0.025557 0.064880
v 0.083948 0.025557 0.135120
v 0.084234 0.112380 -0.100000
v 0.084234 0.112380 0.100000
v 0.084612 1.490007 0.174279
v 0.084642 0.917531 -0.130557
v 0.084646 1.489920 -0.174274
v 0.084820 0.913698 -0.009439
v 0.085626 0.920338 0.124337
v 0.086311 0.081359 -0.146350
v 0.086311 0.081359 -0.053650
v 0.086311 0.081359 0.053650
v 0.086311 0.081359 0.146350
v 0.086338 1.504364 0.161091
v 0.086436 1.504114 -0.161068
v 0.086811 1.056414 -0.153557
v 0.086880 0.865906 -0.096940
v 0.087225 0.866890 0.094455
v 0.087596 0.893445 -0.059461
v 0.088379 0.895679 0.050452
v 0.088977 1.071332 0.135445
v 0.089451 1.295278 0.152146
v 0.089635 0.040182 -0.144997
v 0.089635 0.040182 -0.055003
v 0.089635 0.040182 0.055003
v 0.089635 0.040182 0.144997
v 0.090393 0.959484 -0.132060
v 0.090758 1.488717 0.125812
v 0.090895 1.488370 -0.125713
v 0.091560 0.905700 -0.096577
v 0.092606 1.406214 0.162674
v 0.092724 0.909020 0.087960
v 0.092726 0.966139 0.117153
v 0.092852 1.464411 0.170279
v 0.092989 0.095811 -0.136176
v 0.092989 0.095811 -0.063824
v 0.092989 0.095811 0.063824
v 0.092989 0.095811 0.136176
v 0.093125 1.463716 -0.170242
v 0.093197 1.285417 -0.151448
v 0.093391 1.404217 -0.162569
v 0.093547 1.478941 0.069152
v 0.093641 1.478703 -0.068905
v 0.094522 1.475677 0.000167
v 0.096493 0.057836 -0.148290
v 0.096493 0.057836 -0.051710
v 0.096493 0.057836 0.051710
v 0.096493 0.057836 0.148290
v 0.097134 0.104781 -0.119784
v 0.097134 0.104781 -0.080216
v 0.097134 0.104781 0.080216
v 0.097134 0.104781 0.119784
v 0.097335 0.932237 -0.059862
v 0.097929 0.009584 -0.100000
v 0.097929 0.009584 0.100000
v 0.098240 0.999094 -0.134477
v 0.098292 1.131332 0.130846
v 0.098514 0.945520 -0.099097
v 0.098516 0.107771 -0.100000
v 0.098516 0.107771 0.100000
v 0.098760 0.012564 -0.118113
v 0.098760 0.012564 -0.081887
v 0.098760 0.012564 0.081887
v 0.098760 0.012564 0.118113
v 0.099028 1.104607 -0.144429
v 0.099145 0.937402 0.034817
v 0.101272 0.953390 0.077367
v 0.101493 1.433971 0.155523
v 0.101632 0.021377 -0.133120
v 0.101632 0.021377 -0.066880
v 0.101632 0.021377 0.066880
v 0.101632 0.021377 0.133120
v 0.102278 1.431974 -0.155336
v 0.102631 1.012967 0.106787
v 0.103303 0.075505 -0.144997
v 0.103303 0.075505 -0.055003
v 0.103303 0.075505 0.055003
v 0.103303 0.075505 0.144997
v 0.104669 1.358843 0.152048
v 0.106074 1.219066 0.132781
v 0.106754 0.035413 -0.142433
v 0.106754 0.035413 -0.057567
v 0.106754 0.035413 0.057567
v 0.106754 0.035413 0.142433
v 0.107078 1.352636 -0.151505
v 0.107245 0.984560 -0.105617
v 0.107443 1.035269 -0.132268
v 0.108942 0.090146 -0.135120
v 0.108942 0.090146 -0.064880
v 0.108942 0.090146 0.064880
v 0.108942 0.090146 0.135120
v 0.109076 1.407403 0.122986
v 0.110056 0.977305 -0.071542
v 0.110168 1.404624 -0.122189
v 0.110684 0.977413 -0.030533
v 0.112481 0.099221 -0.119206
v 0.112481 0.099221 -0.080794
v 0.112481 0.099221 0.080794
v 0.112481 0.099221 0.119206
v 0.112896 0.052368 -0.145537
v 0.112896 0.052368 -0.054463
v 0.112896 0.052368 0.054463
v 0.112896 0.052368 0.145537
v 0.112951 1.001396 0.062489
v 0.113204 1.014583 -0.111344
v 0.113599 0.009848 -0.100000
v 0.113599 0.009848 0.100000
v 0.113654 1.064803 0.095330
v 0.113676 0.102241 -0.100000
v 0.113676 0.102241 0.100000
v 0.113817 0.987972 0.015250
v 0.113831 0.012590 -0.116288
v 0.113831 0.012590 -0.083712
v 0.113831 0.012590 0.083712
v 0.113831 0.012590 0.116288
v 0.114213 1.391961 0.068645
v 0.114964 1.390050 -0.066668
v 0.115658 0.020376 -0.129497
v 0.115658 0.020376 -0.070503
v 0.115658 0.020376 0.070503
v 0.115658 0.020376 0.129497
v 0.116179 1.186808 -0.127585
v 0.116292 1.386766 0.001335
v 0.116754 1.316832 0.123794
v 0.117924 1.067695 -0.118148
v 0.118660 0.069449 -0.142433
v 0.118660 0.069449 -0.057567
v 0.118660 0.069449 0.057567
v 0.118660 0.069449 0.142433
v 0.118946 1.023212 -0.091410
v 0.120558 1.306922 -0.121172
v 0.120566 0.032653 -0.137466
v 0.120566 0.032653 -0.062534
v 0.120566 0.032653 0.062534
v 0.120566 0.032653 0.137466
v 0.123403 0.083612 -0.133120
v 0.123403 0.083612 -0.066880
v 0.123403 0.083612 0.066880
v 0.123403 0.083612 0.133120
v 0.123416 1.126714 0.085250
v 0.123801 1.034156 -0.055923
v 0.124445 0.021771 -0.125374
v 0.124445 0.021771 0.125374
v 0.124446 0.021771 -0.074626
v 0.124446 0.021771 0.074626
v 0.124903 1.055617 0.044973
v 0.125867 0.017512 -0.115033
v 0.125867 0.017512 -0.084967
v 0.125867 0.017512 0.084967
v 0.125867 0.017512 0.115033
v 0.126229 1.296287 0.071377
v 0.126364 0.047879 -0.140142
v 0.126364 0.047879 -0.059858
v 0.126364 0.047879 0.059858
v 0.126364 0.047879 0.140142
v 0.126584 0.015381 -0.100000
v 0.126584 0.015381 0.100000
v 0.126653 0.092299 -0.118113
v 0.126653 0.092299 -0.081887
v 0.126653 0.092299 0.081887
v 0.126653 0.092299 0.118113
v 0.126882 1.045170 -0.008123
v 0.127863 0.095152 -0.100000
v 0.127863 0.095152 0.100000
v 0.128004 1.096113 -0.087141
v 0.128718 1.203877 0.077548
v 0.128751 1.290076 -0.064131
v 0.130273 0.030730 -0.128965
v 0.130273 0.030730 -0.071035
v 0.130273 0.030730 0.071035
v 0.130273 0.030730 0.128965
v 0.130469 1.289370 0.004784
v 0.130924 0.063517 -0.137466
v 0.130924 0.063517 -0.062534
v 0.130924 0.063517 0.062534
v 0.130924 0.063517 0.137466
v 0.133662 1.119232 0.027235
v 0.134340 1.110766 -0.034133
v 0.134416 0.076266 -0.129497
v 0.134416 0.076266 -0.070503
v 0.134416 0.076266 0.070503
v 0.134416 0.076266 0.129497
v 0.134715 1.191666 -0.056009
v 0.135469 0.028080 -0.115903
v 0.135469 0.028080 -0.084097
v 0.135469 0.028080 0.084097
v 0.135469 0.028080 0.115903
v 0.136270 1.196617 0.012896
v 0.136311 0.044563 -0.130760
v 0.136311 0.044563 -0.069240
v 0.136311 0.044563 0.069240
v 0.136311 0.044563 0.130760
v 0.137065 0.026694 -0.100000
v 0.137065 0.026694 0.100000
v 0.137659 0.083580 -0.116288
v 0.137659 0.083580 -0.083712
v 0.137659 0.083580 0.083712
v 0.137659 0.083580 0.116288
v 0.139129 0.085909 -0.100000
v 0.139129 0.085909 0.100000
v 0.139780 0.059253 -0.128965
v 0.139780 0.059253 -0.071035
v 0.139780 0.059253 0.071035
v 0.139780 0.059253 0.128965
v 0.140494 0.069916 -0.125374
v 0.140494 0.069916 -0.074626
v 0.140494 0.069916 0.074626
v 0.140494 0.069916 0.125374
v 0.142351 0.042550 -0.116714
v 0.142351 0.042550 -0.083286
v 0.142351 0.042550 0.083286
v 0.142351 0.042550 0.116714
v 0.144186 0.072470 -0.115033
v 0.144186 0.072470 -0.084967
v 0.144186 0.072470 0.084967
v 0.144186 0.072470 0.115033
v 0.144373 0.041876 -0.100000
v 0.144373 0.041876 0.100000
v 0.145527 0.058254 -0.115903
v 0.145527 0.058254 -0.084097
v 0.145527 0.058254 0.084097
v 0.145527 0.058254 0.115903
v 0.146038 0.073745 -0.100000
v 0.146038 0.073745 0.100000
v 0.147636 0.058406 -0.100000
v 0.147636 0.058406 0.100000
vt 0.056132 5.665620
vt 0.056132 5.740417
vt 0.058860 5.703647
vt 0.062163 5.775929
vt 0.066479 5.677539
vt 0.072055 5.799527
vt 0.087277 5.645278
vt 0.090174 5.740946
vt 0.090415 5.701968
vt 0.091155 5.668628
vt 0.093913 5.778493
vt 0.097522 5.807935
vt 0.126463 5.637291
vt 0.127430 5.663108
vt 0.128936 5.698915
vt 0.130763 5.739822
vt 0.132613 5.779361
vt 0.134193 5.811077
vt 0.164116 5.665380
vt 0.166246 5.641762
vt 0.167659 5.698528
vt 0.170483 5.804686
vt 0.171157 5.775053
vt 0.171376 5.737330
vt 0.189614 5.672055
vt 0.195190 5.794044
vt 0.199150 5.659251
vt 0.199475 5.697386
vt 0.202779 5.769668
vt 0.205491 5.733767
vt 0.219932 5.690356
vt 0.430192 5.780259
vt 0.433911 5.808330
vt 0.434390 5.751013
vt 0.436845 5.717392
vt 0.442470 5.730130
vt 0.455869 5.785424
vt 0.457822 5.814704
vt 0.458329 5.754069
vt 0.461130 5.836378
vt 0.462054 5.725940
vt 0.462749 5.704060
vt 0.463355 5.687133
vt 0.488122 5.788436
vt 0.488522 5.819071
vt 0.489055 5.755346
vt 0.490287 5.842185
vt 0.491268 5.724902
vt 0.494667 5.701079
vt 0.499003 5.683320
vt 0.520347 5.839588
vt 0.520468 5.818100
vt 0.520975 5.757465
vt 0.521271 5.729150
vt 0.521707 5.788993
vt 0.526912 5.707539
vt 0.534706 5.691001
vt 0.541615 5.832295
vt 0.541777 5.678141
vt 0.542424 5.735548
vt 0.548010 5.814515
vt 0.548490 5.757198
vt 0.551363 5.786828
vt 0.553039 5.723691
vt 0.564221 5.710081
vt 0.567801 5.812144
vt 0.568300 5.750120
vt 0.573118 5.698105
vt 0.573118 5.781793
vt 0.685382 5.780259
vt 0.689101 5.808330
vt 0.689581 5.751013
vt 0.692035 5.717392
vt 0.697661 5.730130
vt 0.711060 5.785424
vt 0.713012 5.814704
vt 0.713520 5.754068
vt 0.716320 5.836378
vt 0.717244 5.725940
vt 0.717940 5.704060
vt 0.718546 5.687133
vt 0.743313 5.788436
vt 0.743712 5.819071
vt 0.744245 5.755346
vt 0.745477 5.842185
vt 0.746459 5.724902
vt 0.749858 5.701079
vt 0.754193 5.683320
vt 0.775537 5.839588
vt 0.775658 5.818100
vt 0.776165 5.757464
vt 0.776462 5.729150
vt 0.776898 5.788993
vt 0.782102 5.707538
vt 0.789896 5.691001
vt 0.796805 5.832294
vt 0.796968 5.678141
vt 0.797615 5.735548
vt 0.802306 3.739005
vt 0.802306 3.895263
vt 0.802306 4.075841
vt 0.802306 4.237804
vt 0.802306 4.321055
vt 0.803201 5.814515
vt 0.803681 5.757198
vt 0.806553 5.786828
vt 0.806613 4.291864
vt 0.808229 5.723691
vt 0.808637 4.249543
vt 0.810722 3.745366
vt 0.812418 3.849078
vt 0.812723 4.284139
vt 0.812732 3.793943
vt 0.812883 4.007529
vt 0.814950 3.889585
vt 0.815914 4.316034
vt 0.819411 5.710080
vt 0.820234 4.242480
vt 0.822992 5.812144
vt 0.823154 4.035385
vt 0.823154 4.125541
vt 0.823490 5.750119
vt 0.824735 3.794497
vt 0.825860 3.845332
vt 0.828308 5.698105
vt 0.828308 5.781793
vt 0.845521 4.295169
vt 1.359416 5.715701
vt 1.362185 5.679026
vt 1.365445 5.751989
vt 1.369860 5.653554
vt 1.375361 5.776692
vt 1.393365 5.714164
vt 1.393658 5.675457
vt 1.394501 5.643687
vt 1.397109 5.752703
vt 1.400783 5.784306
vt 1.430758 5.637682
vt 1.432152 5.671748
vt 1.433922 5.712345
vt 1.435779 5.752952
vt 1.437431 5.787045
vt 1.438657 5.809732
vt 1.467461 5.640426
vt 1.470901 5.672005
vt 1.473744 5.781046
vt 1.474352 5.749251
vt 1.474566 5.710536
vt 1.477864 5.801470
vt 1.492993 5.648051
vt 1.498495 5.771190
vt 1.502650 5.637682
vt 1.502800 5.672743
vt 1.506060 5.745706
vt 1.508774 5.709026
vt 1.509040 5.780704
vt 1.523401 5.668841
vt 1.733493 3.662008
vt 1.737023 3.712733
vt 1.742952 3.611800
vt 1.745395 3.660358
vt 1.750751 3.604697
vt 1.750751 3.715233
vt 1.863865 0.064010
vt 1.863865 5.301127
vt 1.863865 5.353625
vt 1.865505 5.401771
vt 1.866344 5.242449
vt 1.866749 0.107590
vt 1.867944 5.447393
vt 1.870937 5.491366
vt 1.871736 5.177498
vt 1.876605 5.530760
vt 1.878351 0.178834
vt 1.881140 0.056133
vt 1.881537 0.112059
vt 1.886836 5.561870
vt 1.889100 0.203642
vt 1.898449 5.580594
vt 1.899372 5.302207
vt 1.899793 5.352648
vt 1.900291 5.247570
vt 1.901098 5.400062
vt 1.901560 0.317635
vt 1.902769 5.189233
vt 1.902830 5.445612
vt 1.904905 5.489691
vt 1.906077 5.134330
vt 1.908717 5.529592
vt 1.909249 5.091657
vt 1.915247 5.562207
vt 1.918325 0.126181
vt 1.920309 0.058691
vt 1.921809 5.586131
vt 1.921865 0.237359
vt 1.928079 0.380551
vt 1.931657 1.571227
vt 1.931798 1.658659
vt 1.931923 1.479972
vt 1.931944 1.388231
vt 1.932844 1.739739
vt 1.933747 0.538544
vt 1.934674 1.815175
vt 1.937013 1.886485
vt 1.939586 1.955188
vt 1.941376 5.133557
vt 1.942152 2.022533
vt 1.943010 5.161073
vt 1.944199 5.204519
vt 1.944614 2.088690
vt 1.945147 5.254848
vt 1.946024 5.304583
vt 1.946870 5.352519
vt 1.946910 2.153560
vt 1.947690 5.399026
vt 1.948492 5.444468
vt 1.948579 1.033411
vt 1.948976 2.217042
vt 1.949366 5.488636
vt 1.950746 5.529009
vt 1.950772 2.279037
vt 1.952337 2.339438
vt 1.953153 5.562809
vt 1.953736 2.398137
vt 1.955029 2.455028
vt 1.956269 2.510073
vt 1.957118 5.588532
vt 1.957474 2.563522
vt 1.958650 2.615694
vt 1.959804 2.666909
vt 1.960949 2.717323
vt 1.962118 2.766437
vt 1.963349 2.813588
vt 1.964680 2.858113
vt 1.966095 2.899292
vt 1.967357 2.936181
vt 1.967804 1.243822
vt 1.968173 2.967781
vt 1.968253 2.993091
vt 1.969673 1.171318
vt 1.974642 1.323120
vt 1.976790 5.176385
vt 1.977255 0.868812
vt 1.979044 1.407005
vt 1.979564 1.662524
vt 1.979770 1.740991
vt 1.980056 1.579232
vt 1.980305 1.493179
vt 1.980669 1.815091
vt 1.982023 1.885919
vt 1.983080 5.188701
vt 1.983590 1.954565
vt 1.985166 2.021924
vt 1.986675 2.088095
vt 1.988079 2.152977
vt 1.988667 5.220662
vt 1.989338 2.216471
vt 1.989339 0.629142
vt 1.990197 0.268569
vt 1.990424 2.278476
vt 1.990670 0.141743
vt 1.990976 0.434761
vt 1.991364 2.338885
vt 1.992198 2.397593
vt 1.992967 2.454491
vt 1.992969 5.262963
vt 1.993197 5.560946
vt 1.993704 2.509543
vt 1.993829 5.584965
vt 1.994420 2.562999
vt 1.994640 1.106237
vt 1.995103 0.064985
vt 1.995119 2.615178
vt 1.995267 5.528191
vt 1.995577 5.307777
vt 1.995805 2.666399
vt 1.996469 5.488209
vt 1.996489 2.716786
vt 1.996783 5.353190
vt 1.996868 5.444090
vt 1.997058 5.398773
vt 1.997214 2.765670
vt 1.998025 2.812183
vt 1.998972 2.855459
vt 1.999994 2.997216
vt 2.000043 2.894663
vt 2.000985 2.929078
vt 2.001231 2.980803
vt 2.001485 2.958020
vt 2.009129 1.212329
vt 2.019713 5.212562
vt 2.019994 5.578627
vt 2.021996 1.272434
vt 2.028008 5.559585
vt 2.028814 5.234971
vt 2.034869 5.528199
vt 2.035813 5.270597
vt 2.037189 1.350631
vt 2.038278 3.003581
vt 2.038368 5.488657
vt 2.039783 5.311313
vt 2.039899 5.444610
vt 2.040282 1.815560
vt 2.040354 1.885792
vt 2.040602 1.743084
vt 2.040619 1.954358
vt 2.040910 2.021721
vt 2.040975 5.399414
vt 2.041185 2.087897
vt 2.041220 2.992409
vt 2.041220 5.354617
vt 2.041433 2.152783
vt 2.041509 1.667785
vt 2.041645 2.216280
vt 2.041811 2.278289
vt 2.041940 2.338701
vt 2.042044 2.397411
vt 2.042134 2.454312
vt 2.042219 2.509366
vt 2.042301 2.562824
vt 2.042382 2.615005
vt 2.042460 2.666229
vt 2.042547 2.716607
vt 2.042683 2.765414
vt 2.042919 2.811714
vt 2.043015 1.589517
vt 2.043207 2.976707
vt 2.043307 2.854575
vt 2.043832 2.893120
vt 2.043963 1.430312
vt 2.044123 2.954767
vt 2.044218 2.926711
vt 2.044383 1.509846
vt 2.046810 1.194890
vt 2.053008 1.049164
vt 2.079869 3.008947
vt 2.083875 2.997216
vt 2.086842 2.980803
vt 2.088339 1.286785
vt 2.088619 2.958020
vt 2.089470 2.929078
vt 2.089771 2.894663
vt 2.089892 2.855459
vt 2.090136 2.812183
vt 2.090527 2.765670
vt 2.091018 2.716786
vt 2.091563 2.666399
vt 2.092123 2.615178
vt 2.092693 2.562999
vt 2.093277 2.509543
vt 2.093879 2.454491
vt 2.094505 2.397593
vt 2.095170 2.338885
vt 2.095893 2.278476
vt 2.096694 2.216471
vt 2.097585 2.152977
vt 2.098552 2.088095
vt 2.098994 0.463623
vt 2.099343 0.662397
vt 2.099576 2.021924
vt 2.100638 1.954565
vt 2.101385 0.287733
vt 2.101745 1.886090
vt 2.103026 1.816463
vt 2.104636 1.745622
vt 2.105802 0.151902
vt 2.106732 1.673502
vt 2.109543 1.600310
vt 2.112865 0.069430
vt 2.113017 0.858369
vt 2.113599 1.527325
vt 2.114845 1.377163
vt 2.115447 1.172871
vt 2.115618 3.025044
vt 2.118266 1.454908
vt 2.120769 3.011636
vt 2.124799 2.993091
vt 2.127503 2.967781
vt 2.129158 2.936181
vt 2.130168 2.899292
vt 2.130932 2.858113
vt 2.131780 2.813588
vt 2.132748 2.766437
vt 2.133801 2.717323
vt 2.134904 2.666909
vt 2.136028 2.615694
vt 2.137173 2.563522
vt 2.138346 2.510073
vt 2.139554 2.455028
vt 2.140810 2.398137
vt 2.142154 2.339438
vt 2.143631 2.279037
vt 2.145286 2.217042
vt 2.147149 2.153560
vt 2.149190 2.088690
vt 2.151361 2.022533
vt 2.153484 5.128524
vt 2.153485 5.359371
vt 2.153615 1.955188
vt 2.155791 1.019689
vt 2.155934 1.886799
vt 2.156235 5.164883
vt 2.156236 5.395730
vt 2.158412 1.817684
vt 2.160659 5.092773
vt 2.160659 5.323621
vt 2.161171 1.748207
vt 2.164333 1.678733
vt 2.168316 1.609908
vt 2.169043 1.286544
vt 2.170613 5.129574
vt 2.170613 5.360422
vt 2.173375 5.168119
vt 2.173375 5.398966
vt 2.174713 1.543526
vt 2.178065 5.091657
vt 2.178065 5.322504
vt 2.186270 1.480961
vt 2.186687 5.200731
vt 2.186687 5.431579
vt 2.190988 5.130824
vt 2.190988 5.361672
vt 2.193969 5.170536
vt 2.193969 5.401383
vt 2.198800 5.091775
vt 2.198800 5.322622
vt 2.208156 5.204158
vt 2.208156 5.435005
vt 2.208892 1.150784
vt 2.210790 5.132039
vt 2.210790 5.362886
vt 2.214108 5.172773
vt 2.214108 5.403621
vt 2.217871 1.414640
vt 2.219062 5.092015
vt 2.219062 5.322863
vt 2.226890 1.506428
vt 2.227389 5.133057
vt 2.227389 5.363905
vt 2.229439 5.207296
vt 2.229439 5.438144
vt 2.231084 5.174812
vt 2.231084 5.405660
vt 2.232719 0.470118
vt 2.234766 0.663734
vt 2.236160 5.092067
vt 2.236160 5.322914
vt 2.237350 0.293730
vt 2.238448 5.133735
vt 2.238449 5.364583
vt 2.243562 1.482992
vt 2.245637 0.155288
vt 2.247680 5.091818
vt 2.247680 5.210239
vt 2.247681 5.322665
vt 2.247681 5.441087
vt 2.248503 0.848435
vt 2.255368 0.070913
vt 2.258493 1.265364
vt 2.277088 1.002838
vt 2.280989 1.479683
vt 2.301096 1.366791
vt 2.305620 1.543061
vt 2.314269 1.130034
vt 2.316924 1.609850
vt 2.321966 1.678733
vt 2.325515 1.748207
vt 2.328631 1.817684
vt 2.331443 1.886799
vt 2.334083 1.955188
vt 2.334852 1.450421
vt 2.336650 2.022533
vt 2.339112 2.088690
vt 2.341408 2.153560
vt 2.343474 2.217042
vt 2.345269 2.279037
vt 2.346835 2.339438
vt 2.348233 2.398137
vt 2.349526 2.455028
vt 2.350767 2.510073
vt 2.351971 2.563522
vt 2.352005 1.238633
vt 2.353148 2.615694
vt 2.354301 2.666909
vt 2.355447 2.717323
vt 2.355567 1.525974
vt 2.356616 2.766437
vt 2.357847 2.813588
vt 2.359178 2.858113
vt 2.360593 2.899292
vt 2.361854 2.936181
vt 2.362671 2.967781
vt 2.362751 2.993091
vt 2.365561 1.600141
vt 2.366129 0.459844
vt 2.367409 0.650114
vt 2.369759 1.673502
vt 2.372452 1.745622
vt 2.373729 0.287260
vt 2.374629 1.816463
vt 2.376453 1.886090
vt 2.378088 1.954565
vt 2.378293 0.834268
vt 2.379663 2.021924
vt 2.381173 2.088095
vt 2.382577 2.152977
vt 2.383836 2.216471
vt 2.384499 1.334826
vt 2.384921 2.278476
vt 2.385768 0.151902
vt 2.385862 2.338885
vt 2.386696 2.397593
vt 2.387465 2.454491
vt 2.388202 2.509543
vt 2.388918 2.562999
vt 2.389617 2.615178
vt 2.390302 2.666399
vt 2.390987 2.716786
vt 2.391711 2.765670
vt 2.392523 2.812183
vt 2.393470 2.855459
vt 2.394491 2.997216
vt 2.394541 2.894663
vt 2.394580 0.988337
vt 2.395483 2.929078
vt 2.395729 2.980803
vt 2.395983 2.958020
vt 2.397991 0.069431
vt 2.402491 3.538001
vt 2.402491 5.117356
vt 2.402491 5.350244
vt 2.402537 5.305407
vt 2.402651 5.260880
vt 2.402900 5.217662
vt 2.402943 5.393889
vt 2.403351 5.176754
vt 2.403742 5.140593
vt 2.405026 3.396471
vt 2.405026 3.679532
vt 2.406316 5.432849
vt 2.407638 1.423644
vt 2.412633 3.279619
vt 2.412633 3.796384
vt 2.414698 5.463344
vt 2.416961 1.112178
vt 2.421814 1.507870
vt 2.424500 3.205751
vt 2.424500 3.870251
vt 2.428841 1.589270
vt 2.431737 1.667785
vt 2.432776 3.003581
vt 2.433298 1.743084
vt 2.434247 1.815560
vt 2.434785 1.885792
vt 2.435116 1.954358
vt 2.435407 2.021721
vt 2.435682 2.087897
vt 2.435718 2.992409
vt 2.435931 2.152783
vt 2.436142 2.216281
vt 2.436309 2.278289
vt 2.436438 2.338701
vt 2.436542 2.397411
vt 2.436573 3.167677
vt 2.436573 3.908326
vt 2.436631 2.454312
vt 2.436716 2.509366
vt 2.436799 2.562824
vt 2.436879 2.615005
vt 2.436958 2.666229
vt 2.437044 2.716607
vt 2.437149 5.398474
vt 2.437181 2.765414
vt 2.437417 2.811714
vt 2.437624 5.354892
vt 2.437705 2.976707
vt 2.437805 2.854575
vt 2.438330 2.893120
vt 2.438451 5.310222
vt 2.438621 2.954767
vt 2.438629 5.437595
vt 2.438715 2.926711
vt 2.439382 5.266247
vt 2.440510 5.224353
vt 2.441927 5.185923
vt 2.442487 1.215983
vt 2.443204 5.468817
vt 2.443461 5.153751
vt 2.443875 5.136258
vt 2.443986 3.924170
vt 2.443987 3.151833
vt 2.465564 1.309756
vt 2.473710 0.609538
vt 2.474367 3.008947
vt 2.474919 0.429264
vt 2.478373 2.997216
vt 2.480719 5.441509
vt 2.481099 5.473426
vt 2.481340 2.980803
vt 2.481546 1.401366
vt 2.481699 5.402177
vt 2.483116 2.958020
vt 2.483380 5.358635
vt 2.483968 2.929078
vt 2.484268 2.894663
vt 2.484389 2.855459
vt 2.484634 2.812183
vt 2.485024 2.765670
vt 2.485220 5.314069
vt 2.485516 2.716786
vt 2.486060 2.666399
vt 2.486369 0.267882
vt 2.486620 2.615178
vt 2.487191 2.562999
vt 2.487194 5.270329
vt 2.487775 2.509543
vt 2.488377 2.454491
vt 2.489002 2.397593
vt 2.489409 5.228927
vt 2.489667 2.338885
vt 2.490391 2.278476
vt 2.490899 1.491509
vt 2.491192 2.216471
vt 2.491931 0.980155
vt 2.491973 5.191376
vt 2.492083 2.152977
vt 2.493050 2.088095
vt 2.493988 0.804907
vt 2.494074 2.021924
vt 2.494840 5.160595
vt 2.495135 1.954565
vt 2.495404 1.579023
vt 2.496176 1.885919
vt 2.496993 1.662524
vt 2.496994 1.815091
vt 2.497347 1.740990
vt 2.497364 5.145116
vt 2.501415 3.538001
vt 2.501786 0.141743
vt 2.502498 3.393863
vt 2.502499 3.682140
vt 2.503381 1.100167
vt 2.505751 3.274616
vt 2.505751 3.801387
vt 2.510115 3.025044
vt 2.510561 3.198701
vt 2.510561 3.877302
vt 2.512003 3.140939
vt 2.512003 3.935063
vt 2.513868 3.158749
vt 2.513868 3.917254
vt 2.515266 3.011636
vt 2.516115 0.064984
vt 2.519297 2.993091
vt 2.519427 1.199849
vt 2.521182 5.473842
vt 2.522000 2.967781
vt 2.523656 2.936181
vt 2.524666 2.899292
vt 2.525211 5.443175
vt 2.525430 2.858113
vt 2.526278 2.813588
vt 2.527246 2.766437
vt 2.528299 2.717323
vt 2.528746 5.404377
vt 2.529402 2.666909
vt 2.530526 2.615694
vt 2.531671 2.563522
vt 2.531696 5.360954
vt 2.532843 2.510073
vt 2.533247 0.526266
vt 2.534051 2.455028
vt 2.534603 5.316418
vt 2.534749 1.291908
vt 2.535307 2.398137
vt 2.536651 2.339438
vt 2.537531 0.653628
vt 2.537663 5.272581
vt 2.538128 2.279037
vt 2.539783 2.217042
vt 2.540986 5.230828
vt 2.541487 0.376601
vt 2.541647 2.153560
vt 2.543688 2.088690
vt 2.544680 5.192545
vt 2.545380 1.385094
vt 2.545858 2.022533
vt 2.548113 1.955188
vt 2.548829 5.160541
vt 2.550366 1.886485
vt 2.551458 1.479042
vt 2.552383 1.815175
vt 2.553413 5.143317
vt 2.553893 1.739739
vt 2.554149 1.571111
vt 2.554622 1.658659
vt 2.555922 5.472445
vt 2.557351 0.236865
vt 2.558039 0.432308
vt 2.564638 5.443051
vt 2.570435 5.404683
vt 2.571704 3.137309
vt 2.571704 3.938694
vt 2.573317 0.316261
vt 2.574507 5.361328
vt 2.575068 3.538001
vt 2.575501 3.392994
vt 2.575502 3.683009
vt 2.575561 0.126181
vt 2.576801 3.272949
vt 2.576801 3.803054
vt 2.577795 3.155772
vt 2.577795 3.920231
vt 2.578357 5.316737
vt 2.578442 3.196351
vt 2.578442 3.879652
vt 2.582365 5.272460
vt 2.586627 5.229501
vt 2.591241 5.188862
vt 2.591491 0.058691
vt 2.593447 0.203470
vt 2.596375 5.153006
vt 2.602473 5.130243
vt 2.602614 4.119467
vt 2.602615 4.280489
vt 2.602615 4.334222
vt 2.607559 0.178812
vt 2.607995 4.292460
vt 2.609345 4.326932
vt 2.613084 4.050959
vt 2.614088 0.112059
vt 2.616251 3.140940
vt 2.616251 3.935063
vt 2.619643 3.538002
vt 2.620076 3.393863
vt 2.620076 3.682140
vt 2.620622 4.286325
vt 2.621372 3.801387
vt 2.621373 3.274616
vt 2.622354 3.158749
vt 2.622354 3.917254
vt 2.623009 3.198701
vt 2.623009 3.877302
vt 2.623009 4.078215
vt 2.623009 4.168225
vt 2.629725 5.138078
vt 2.630643 0.107590
vt 2.631354 0.056132
vt 2.636416 5.106275
vt 2.641740 4.339918
vt 2.649308 0.064010
vt 2.761572 0.056132
vt 2.761572 4.638569
vt 2.762820 4.583158
vt 2.763877 4.693658
vt 2.765197 4.529721
vt 2.768092 4.478071
vt 2.771348 4.427402
vt 2.772118 0.125719
vt 2.772610 4.745509
vt 2.774806 4.376906
vt 2.776211 0.060355
vt 2.778339 4.325856
vt 2.781937 4.273852
vt 2.782518 0.149895
vt 2.785623 4.220575
vt 2.789420 4.165708
vt 2.790646 4.791203
vt 2.793332 4.109000
vt 2.793431 4.635633
vt 2.793844 0.261541
vt 2.794154 4.686509
vt 2.795870 4.583578
vt 2.797305 4.050486
vt 2.799144 4.532283
vt 2.800818 4.733788
vt 2.801266 3.990268
vt 2.802720 4.481760
vt 2.805143 3.928451
vt 2.806515 4.431540
vt 2.808884 3.865137
vt 2.810443 4.381155
vt 2.812523 3.800430
vt 2.812738 0.074226
vt 2.814438 4.330160
vt 2.814808 0.182803
vt 2.815774 1.604421
vt 2.816113 3.734431
vt 2.816198 4.775052
vt 2.816302 1.685478
vt 2.816428 1.516894
vt 2.817649 1.760895
vt 2.818509 4.278213
vt 2.818934 1.424797
vt 2.819504 0.321083
vt 2.819532 1.832192
vt 2.819706 3.667244
vt 2.819731 4.828583
vt 2.821664 1.900882
vt 2.822679 4.224994
vt 2.823337 3.599014
vt 2.823799 1.968215
vt 2.823844 0.470245
vt 2.824042 1.330720
vt 2.824241 3.192051
vt 2.825836 2.034358
vt 2.826951 3.530060
vt 2.826974 4.170185
vt 2.827714 2.099209
vt 2.829370 2.162667
vt 2.830473 3.460743
vt 2.830762 2.224630
vt 2.831405 4.113540
vt 2.831933 2.284994
vt 2.832500 1.237249
vt 2.832946 2.343652
vt 2.833777 4.677614
vt 2.833829 3.391426
vt 2.833865 2.400501
vt 2.834578 3.255830
vt 2.834744 2.455506
vt 2.835005 4.631819
vt 2.835597 2.508915
vt 2.835936 4.055092
vt 2.836299 3.322670
vt 2.836430 2.561049
vt 2.837248 2.612226
vt 2.837896 4.719381
vt 2.838060 2.662847
vt 2.838893 2.713632
vt 2.838925 4.583813
vt 2.839780 2.765384
vt 2.840516 3.994948
vt 2.840752 2.818903
vt 2.841919 2.874353
vt 2.842029 4.808568
vt 2.843323 4.535100
vt 2.843711 2.929350
vt 2.844239 1.144720
vt 2.845095 3.933214
vt 2.846634 2.980871
vt 2.847763 4.485932
vt 2.849637 3.869996
vt 2.850018 4.755302
vt 2.851195 3.025895
vt 2.852248 4.436250
vt 2.854158 3.805394
vt 2.855917 1.044467
vt 2.856786 4.385995
vt 2.857088 4.858529
vt 2.858561 0.748312
vt 2.858690 3.739508
vt 2.861385 4.335063
vt 2.862641 1.685407
vt 2.862922 1.606928
vt 2.863080 1.759522
vt 2.863150 0.923900
vt 2.863265 3.672438
vt 2.863993 1.830365
vt 2.864369 1.523406
vt 2.865133 1.899028
vt 2.866070 4.283180
vt 2.866288 1.966402
vt 2.867385 2.032585
vt 2.867894 3.604371
vt 2.868222 1.435804
vt 2.868382 2.097474
vt 2.869240 2.160966
vt 2.869931 2.222959
vt 2.870484 2.283349
vt 2.870869 4.230027
vt 2.870940 2.342031
vt 2.871342 2.398902
vt 2.871723 2.453928
vt 2.871862 4.784161
vt 2.872094 2.507358
vt 2.872455 2.559511
vt 2.872510 3.535846
vt 2.872810 2.610708
vt 2.873167 2.661383
vt 2.873559 2.712432
vt 2.874027 2.764862
vt 2.874609 2.819685
vt 2.874671 3.200504
vt 2.874731 0.552403
vt 2.875422 2.877187
vt 2.875752 4.668517
vt 2.875812 4.175286
vt 2.875877 4.835356
vt 2.875889 1.345439
vt 2.876881 2.934757
vt 2.877025 3.467489
vt 2.877290 4.704774
vt 2.878964 4.627800
vt 2.879476 2.989062
vt 2.880574 0.373046
vt 2.880918 4.118711
vt 2.880930 3.223829
vt 2.881353 3.399925
vt 2.882508 0.213411
vt 2.883699 3.036768
vt 2.884396 4.583839
vt 2.884748 0.089579
vt 2.884955 3.334294
vt 2.885482 3.273788
vt 2.886113 4.735356
vt 2.886175 4.060339
vt 2.888642 1.253406
vt 2.889841 3.075389
vt 2.889950 4.537704
vt 2.891560 4.000279
vt 2.895285 4.489890
vt 2.897053 3.938641
vt 2.898813 4.882682
vt 2.900495 4.440743
vt 2.901408 4.807142
vt 2.902634 3.875531
vt 2.903924 4.759561
vt 2.905675 4.390616
vt 2.906775 1.158988
vt 2.908303 3.811049
vt 2.910910 4.339745
vt 2.912445 4.692454
vt 2.913084 4.660759
vt 2.914061 3.745291
vt 2.914264 4.857121
vt 2.916242 4.287922
vt 2.917977 4.624247
vt 2.918490 4.718616
vt 2.918702 2.764688
vt 2.918725 2.819947
vt 2.918809 2.712031
vt 2.918989 2.878132
vt 2.919003 2.660896
vt 2.919241 2.610203
vt 2.919490 2.558999
vt 2.919744 2.506838
vt 2.919888 2.936560
vt 2.919912 3.678354
vt 2.920004 2.453402
vt 2.920272 2.398369
vt 2.920546 2.341491
vt 2.920817 2.282800
vt 2.921071 2.222402
vt 2.921295 2.160399
vt 2.921479 2.096895
vt 2.921632 2.031994
vt 2.921705 4.234832
vt 2.921764 1.965797
vt 2.921886 2.991792
vt 2.921887 1.898409
vt 2.922043 1.829818
vt 2.922402 1.759560
vt 2.923164 1.687057
vt 2.924530 1.611730
vt 2.924695 4.583635
vt 2.925447 3.040392
vt 2.925843 3.610438
vt 2.926791 1.054463
vt 2.927108 1.533171
vt 2.927332 4.180156
vt 2.929118 4.778740
vt 2.930842 3.079786
vt 2.931242 4.539634
vt 2.931786 3.542155
vt 2.932911 4.738970
vt 2.933131 1.451638
vt 2.933150 4.123648
vt 2.935698 4.826032
vt 2.937353 4.492937
vt 2.937657 3.474219
vt 2.939173 4.065348
vt 2.940999 4.902683
vt 2.941967 4.707935
vt 2.943198 4.444232
vt 2.943373 3.407346
vt 2.944704 0.930038
vt 2.944973 1.367107
vt 2.945407 4.005369
vt 2.948725 3.342969
vt 2.948946 4.394207
vt 2.951863 3.943822
vt 2.952998 3.285408
vt 2.953713 4.875571
vt 2.954214 4.725904
vt 2.954444 4.755003
vt 2.954743 4.343381
vt 2.954984 3.223459
vt 2.955356 3.241272
vt 2.958541 3.880816
vt 2.959259 4.794759
vt 2.959672 0.775795
vt 2.960649 4.291607
vt 2.963938 1.277745
vt 2.964947 2.877187
vt 2.965166 2.934757
vt 2.965323 2.819685
vt 2.965421 3.816448
vt 2.965929 2.764862
vt 2.966413 2.989062
vt 2.966662 2.712432
vt 2.966700 4.238565
vt 2.967482 2.661383
vt 2.968352 2.610708
vt 2.969117 3.036768
vt 2.969240 2.559511
vt 2.970145 2.507358
vt 2.971071 2.453928
vt 2.971775 4.842615
vt 2.972026 2.398902
vt 2.972473 3.750812
vt 2.972932 4.183939
vt 2.973015 2.342031
vt 2.973401 4.739991
vt 2.973533 3.075389
vt 2.974055 2.283349
vt 2.974435 0.592146
vt 2.975163 2.222959
vt 2.976354 2.160966
vt 2.977641 2.097474
vt 2.979010 2.032585
vt 2.979380 4.127484
vt 2.979670 3.684002
vt 2.980186 4.919466
vt 2.980441 1.966402
vt 2.981090 4.768648
vt 2.981915 1.899027
vt 2.983443 1.830536
vt 2.985151 1.760892
vt 2.985561 0.403161
vt 2.986080 4.069240
vt 2.986977 3.616202
vt 2.987194 1.690030
vt 2.989727 1.617888
vt 2.990404 1.180766
vt 2.991078 4.891809
vt 2.991911 4.809480
vt 2.992927 0.232532
vt 2.993066 4.009324
vt 2.993585 1.544481
vt 2.994336 3.547949
vt 2.997799 4.752168
vt 2.999509 0.099609
vt 3.000375 3.947847
vt 3.001682 3.479873
vt 3.002301 1.470146
vt 3.005147 2.929350
vt 3.005603 2.980871
vt 3.005622 2.874353
vt 3.006628 2.818903
vt 3.006854 4.858198
vt 3.007387 3.025895
vt 3.007830 2.765384
vt 3.008024 3.884922
vt 3.008951 3.412601
vt 3.009138 2.713632
vt 3.010521 2.662847
vt 3.010737 3.062200
vt 3.010847 4.781831
vt 3.011952 2.612226
vt 3.013407 2.561049
vt 3.014699 4.931155
vt 3.014890 2.508915
vt 3.015975 3.820643
vt 3.016245 3.347338
vt 3.016409 2.455506
vt 3.017973 2.400501
vt 3.019598 2.343652
vt 3.019926 1.394191
vt 3.021320 2.284994
vt 3.022093 1.071381
vt 3.023185 2.224630
vt 3.024173 3.755102
vt 3.024337 3.287584
vt 3.024545 4.904542
vt 3.024553 4.824373
vt 3.025236 2.162667
vt 3.025682 4.764404
vt 3.027501 2.099209
vt 3.029950 2.034358
vt 3.032535 1.968215
vt 3.032561 3.688391
vt 3.033280 3.238965
vt 3.035210 1.900882
vt 3.037338 3.216665
vt 3.037956 1.832505
vt 3.038843 4.872173
vt 3.040864 1.763401
vt 3.041088 3.620647
vt 3.041396 4.796154
vt 3.043132 4.935780
vt 3.044055 1.693932
vt 3.047646 1.624461
vt 3.048051 1.309829
vt 3.049718 3.552192
vt 3.052527 1.555557
vt 3.052638 4.912580
vt 3.054320 4.839317
vt 3.054915 4.778414
vt 3.055434 0.943687
vt 3.058417 3.483389
vt 3.061894 4.934614
vt 3.062659 1.488615
vt 3.066065 4.883565
vt 3.067151 3.414606
vt 3.069142 4.811888
vt 3.073917 4.918066
vt 3.076223 3.346506
vt 3.078777 4.853348
vt 3.081746 4.794886
vt 3.082828 1.207383
vt 3.084046 1.424815
vt 3.084335 0.789328
vt 3.087282 3.280936
vt 3.087821 4.891837
vt 3.090470 4.828516
vt 3.097946 4.863313
vt 3.102248 4.814286
vt 3.102454 3.219691
vt 3.102454 4.842196
vt 3.103991 0.605401
vt 3.117257 0.413250
vt 3.125746 1.091937
vt 3.128313 0.238912
vt 3.138992 0.102951
vt 3.139294 1.358756
vt 3.173733 1.228782
vt 3.175822 0.960456
vt 3.178672 1.426110
vt 3.193314 1.489085
vt 3.200805 1.555616
vt 3.204922 1.624461
vt 3.208028 1.693932
vt 3.210699 1.763400
vt 3.213068 1.832505
vt 3.215270 1.900882
vt 3.217405 1.968215
vt 3.219442 2.034358
vt 3.220345 0.799371
vt 3.220594 1.114236
vt 3.221321 2.099209
vt 3.222976 2.162667
vt 3.224368 2.224630
vt 3.225539 2.284994
vt 3.226552 2.343652
vt 3.227471 2.400501
vt 3.228350 2.455506
vt 3.229203 2.508915
vt 3.230036 2.561048
vt 3.230854 2.612226
vt 3.231666 2.662847
vt 3.232499 2.713632
vt 3.233386 2.765384
vt 3.234358 2.818903
vt 3.234862 1.320330
vt 3.235526 2.874353
vt 3.236446 1.398733
vt 3.237318 2.929350
vt 3.240184 0.604205
vt 3.240240 2.980871
vt 3.243850 1.471514
vt 3.244801 3.025895
vt 3.249039 1.544652
vt 3.251581 0.406873
vt 3.252161 1.617888
vt 3.254405 1.690030
vt 3.254639 1.229073
vt 3.256140 1.760892
vt 3.257531 1.830536
vt 3.258739 1.899027
vt 3.259895 1.966402
vt 3.260992 2.032585
vt 3.261988 2.097474
vt 3.262846 2.160966
vt 3.263537 2.222959
vt 3.264090 2.283349
vt 3.264547 2.342031
vt 3.264592 0.232996
vt 3.264948 2.398902
vt 3.265329 2.453928
vt 3.265700 2.507357
vt 3.266061 2.559511
vt 3.266416 2.610708
vt 3.266773 2.661383
vt 3.267165 2.712431
vt 3.267633 2.764862
vt 3.268216 2.819685
vt 3.269028 2.877187
vt 3.270487 2.934757
vt 3.273082 2.989062
vt 3.277305 3.036768
vt 3.278843 0.099608
vt 3.281896 0.990395
vt 3.283447 3.075389
vt 3.291781 1.136611
vt 3.308457 1.373858
vt 3.309895 1.453638
vt 3.311960 1.293746
vt 3.312086 1.533421
vt 3.312308 2.764688
vt 3.312331 2.819946
vt 3.312415 2.712031
vt 3.312595 2.878132
vt 3.312608 2.660896
vt 3.312848 2.610202
vt 3.313097 2.558999
vt 3.313350 2.506838
vt 3.313494 2.936559
vt 3.313610 2.453402
vt 3.313876 1.611730
vt 3.313878 2.398369
vt 3.314153 2.341490
vt 3.314424 2.282800
vt 3.314677 2.222402
vt 3.314901 2.160399
vt 3.314973 1.687057
vt 3.315086 2.096895
vt 3.315238 2.031994
vt 3.315370 1.965797
vt 3.315475 1.759560
vt 3.315492 2.991792
vt 3.315493 1.898409
vt 3.315583 1.829818
vt 3.319053 3.040392
vt 3.322747 1.214973
vt 3.323894 5.066079
vt 3.323894 5.517453
vt 3.323894 5.686424
vt 3.323946 5.558201
vt 3.324214 5.110874
vt 3.324325 5.602279
vt 3.324424 5.646276
vt 3.324449 3.079786
vt 3.325225 5.022779
vt 3.325350 5.156068
vt 3.325813 5.482018
vt 3.327069 5.200106
vt 3.328552 5.424375
vt 3.329042 4.982068
vt 3.331063 5.453591
vt 3.331553 5.239604
vt 3.332690 1.154486
vt 3.335744 4.946452
vt 3.337754 5.435493
vt 3.340764 5.270882
vt 3.345604 1.048187
vt 3.354060 5.412117
vt 3.355412 0.571666
vt 3.357209 5.485558
vt 3.357219 5.522093
vt 3.358299 5.564069
vt 3.358553 2.877187
vt 3.358597 5.455315
vt 3.358640 5.431157
vt 3.358773 2.934757
vt 3.358929 2.819685
vt 3.359535 2.764862
vt 3.359588 5.609929
vt 3.360019 2.989062
vt 3.360268 2.712431
vt 3.360458 5.110562
vt 3.360495 5.064989
vt 3.360591 5.656131
vt 3.360872 5.155870
vt 3.360910 5.698636
vt 3.361088 2.661383
vt 3.361442 5.019586
vt 3.361656 5.199972
vt 3.361958 2.610708
vt 3.362680 0.378446
vt 3.362723 3.036768
vt 3.362846 2.559511
vt 3.363751 2.507357
vt 3.363756 4.974784
vt 3.364238 5.239892
vt 3.364677 2.453928
vt 3.365632 2.398902
vt 3.366621 2.342031
vt 3.367082 0.811294
vt 3.367139 3.075389
vt 3.367636 4.932500
vt 3.367661 2.283349
vt 3.368769 2.222959
vt 3.369631 5.272497
vt 3.369960 2.160966
vt 3.371247 2.097474
vt 3.372239 4.900580
vt 3.372616 2.032585
vt 3.374047 1.966402
vt 3.375127 5.296241
vt 3.375522 1.899027
vt 3.376131 1.114007
vt 3.376462 4.888355
vt 3.376985 1.830365
vt 3.377466 0.214086
vt 3.377790 1.351148
vt 3.377821 1.437495
vt 3.378238 1.759522
vt 3.378573 1.523617
vt 3.379048 1.685407
vt 3.379182 1.606928
vt 3.379720 1.266937
vt 3.382730 1.187136
vt 3.388650 5.427510
vt 3.391321 5.453372
vt 3.393675 5.484537
vt 3.394708 0.089580
vt 3.395908 5.521540
vt 3.398164 5.563895
vt 3.398754 2.929349
vt 3.399210 2.980871
vt 3.399228 2.874353
vt 3.400234 2.818902
vt 3.400476 5.610295
vt 3.400994 3.025895
vt 3.401436 2.765384
vt 3.402497 5.657178
vt 3.402744 2.713632
vt 3.403785 5.700417
vt 3.404128 2.662847
vt 3.404136 0.977008
vt 3.404343 3.062200
vt 3.405558 2.612226
vt 3.406427 5.200486
vt 3.406549 5.240792
vt 3.406853 5.156337
vt 3.407014 2.561048
vt 3.407379 5.110906
vt 3.407754 5.274431
vt 3.407917 5.064412
vt 3.408473 5.016486
vt 3.408496 2.508915
vt 3.409048 4.966764
vt 3.409609 4.916451
vt 3.409873 4.845603
vt 3.409962 4.873042
vt 3.410015 2.455506
vt 3.410552 5.299852
vt 3.411579 2.400501
vt 3.413204 2.343652
vt 3.414926 2.284993
vt 3.416791 2.224630
vt 3.418295 5.426685
vt 3.418842 2.162667
vt 3.420346 0.482308
vt 3.421107 2.099209
vt 3.423234 5.450469
vt 3.423381 0.617800
vt 3.423556 2.034358
vt 3.425086 1.074426
vt 3.426141 1.968215
vt 3.428816 1.900882
vt 3.429088 5.480170
vt 3.430992 0.324963
vt 3.431499 1.832191
vt 3.433436 5.516379
vt 3.433654 1.159996
vt 3.433963 1.760895
vt 3.435520 1.244779
vt 3.435947 1.685477
vt 3.436388 1.333897
vt 3.436808 5.558183
vt 3.437157 1.425738
vt 3.437191 1.604421
vt 3.437525 1.517011
vt 3.438447 5.427944
vt 3.440087 5.603894
vt 3.442085 4.781944
vt 3.443072 5.649947
vt 3.445288 5.692309
vt 3.446156 4.803503
vt 3.447375 5.297369
vt 3.447541 0.381297
vt 3.447828 5.273718
vt 3.448117 5.444816
vt 3.448791 0.183288
vt 3.450427 4.846126
vt 3.451062 5.241248
vt 3.453510 5.201406
vt 3.454237 4.901006
vt 3.455208 5.157342
vt 3.456726 5.111801
vt 3.456932 4.959333
vt 3.457245 5.472165
vt 3.457819 5.064395
vt 3.458038 5.013961
vt 3.463263 5.507005
vt 3.463898 0.262891
vt 3.467504 5.547439
vt 3.468488 0.074226
vt 3.471524 5.591244
vt 3.472553 4.731903
vt 3.473614 5.291694
vt 3.475245 5.634969
vt 3.478186 5.674857
vt 3.479260 4.769309
vt 3.482384 5.273093
vt 3.485250 0.150063
vt 3.486908 4.824494
vt 3.490319 5.242083
vt 3.494095 4.888862
vt 3.495031 5.202728
vt 3.497849 5.158762
vt 3.499422 4.953814
vt 3.499675 0.125740
vt 3.500247 5.113140
vt 3.501858 5.012495
vt 3.501858 5.064993
vt 3.507107 0.060354
vt 3.523740 0.056132
vt 3.636005 3.232770
vt 3.636005 4.841173
vt 3.636005 5.397059
vt 3.636328 5.441835
vt 3.637330 5.353761
vt 3.637463 5.487001
vt 3.639186 5.531026
vt 3.641135 5.313028
vt 3.642605 4.866194
vt 3.643697 5.570601
vt 3.647814 5.277349
vt 3.650786 4.931161
vt 3.652977 5.602111
vt 3.653112 4.896710
vt 3.654753 3.293907
vt 3.655722 4.825079
vt 3.663981 5.621320
vt 3.664495 4.948093
vt 3.664634 4.852761
vt 3.666710 3.359488
vt 3.667413 4.926129
vt 3.672228 5.440250
vt 3.672256 5.394672
vt 3.672649 5.485558
vt 3.673192 5.349255
vt 3.673445 5.529679
vt 3.675479 3.427806
vt 3.675491 5.304425
vt 3.676073 5.569741
vt 3.677608 4.885986
vt 3.679349 5.262084
vt 3.680933 4.949710
vt 3.681576 5.602733
vt 3.682779 4.810081
vt 3.683577 3.496838
vt 3.683909 5.230021
vt 3.687191 3.229957
vt 3.687284 5.627244
vt 3.688049 5.217497
vt 3.691518 3.565884
vt 3.692946 4.918788
vt 3.693377 4.838600
vt 3.696402 3.252691
vt 3.699314 3.634580
vt 3.706977 3.702560
vt 3.707492 4.945812
vt 3.708227 3.301655
vt 3.708449 4.872851
vt 3.713151 4.796587
vt 3.714504 3.769503
vt 3.717270 3.361659
vt 3.718050 5.529573
vt 3.718227 5.570056
vt 3.718461 5.485389
vt 3.718976 5.439945
vt 3.719503 5.393436
vt 3.719560 5.604148
vt 3.720046 5.345498
vt 3.720454 5.171473
vt 3.720610 5.295762
vt 3.721156 5.245424
vt 3.721327 5.174274
vt 3.721478 5.201926
vt 3.721841 3.835270
vt 3.722598 5.630436
vt 3.724445 3.427141
vt 3.725347 4.906939
vt 3.725692 4.824588
vt 3.728918 3.899768
vt 3.731282 3.494627
vt 3.735665 3.962903
vt 3.738071 3.562915
vt 3.741238 4.935045
vt 3.742036 4.024577
vt 3.742780 4.784211
vt 3.743168 4.858215
vt 3.744794 3.631378
vt 3.748062 4.084682
vt 3.751430 3.699387
vt 3.753558 5.110721
vt 3.753798 4.143106
vt 3.757694 5.132505
vt 3.757956 3.766402
vt 3.758113 4.810751
vt 3.759295 4.199734
vt 3.759408 5.627905
vt 3.759640 5.603449
vt 3.761996 5.175220
vt 3.762430 4.891712
vt 3.762750 5.570537
vt 3.764330 3.832237
vt 3.764603 4.254526
vt 3.765143 5.530520
vt 3.765819 5.230108
vt 3.766824 5.486422
vt 3.768332 5.440867
vt 3.768516 5.288411
vt 3.769303 4.771290
vt 3.769416 5.393455
vt 3.769626 5.343023
vt 3.769668 3.239086
vt 3.769758 4.307729
vt 3.770507 3.896800
vt 3.772529 3.257008
vt 3.774789 4.359662
vt 3.776438 3.959992
vt 3.776930 3.301319
vt 3.779019 4.842609
vt 3.779728 4.410642
vt 3.780330 4.919328
vt 3.781927 3.359057
vt 3.782092 4.021718
vt 3.784370 5.061975
vt 3.784632 4.460821
vt 3.785704 5.622437
vt 3.787182 3.423605
vt 3.787487 4.081869
vt 3.788050 4.795549
vt 3.789660 4.509682
vt 3.790778 4.755840
vt 3.791098 5.099435
vt 3.792529 3.490651
vt 3.792652 4.140332
vt 3.794356 5.603408
vt 3.795000 4.556543
vt 3.797620 4.196998
vt 3.797904 3.558761
vt 3.798746 5.154587
vt 3.800837 4.600721
vt 3.801756 4.874336
vt 3.802193 5.572055
vt 3.802420 4.251827
vt 3.803271 3.627217
vt 3.805264 4.735876
vt 3.805923 5.218875
vt 3.806862 5.532565
vt 3.806927 4.641517
vt 3.807080 4.305066
vt 3.808591 3.695305
vt 3.809669 5.488581
vt 3.811238 5.283744
vt 3.811297 4.678162
vt 3.811543 4.709877
vt 3.811630 4.357032
vt 3.812060 5.442966
vt 3.813130 4.777050
vt 3.813136 4.824649
vt 3.813668 5.342367
vt 3.813668 5.394833
vt 3.813829 3.762411
vt 3.816096 4.408046
vt 3.818966 3.828336
vt 3.820519 4.458314
vt 3.822584 4.900480
vt 3.823984 3.892980
vt 3.824990 4.507601
vt 3.828867 3.956249
vt 3.829614 4.555562
vt 3.830980 4.753326
vt 3.833599 4.018040
vt 3.834495 4.601848
vt 3.838181 4.078248
vt 3.839303 4.645957
vt 3.840036 4.722981
vt 3.840099 4.853615
vt 3.841980 4.686764
vt 3.842614 4.136764
vt 3.842623 4.802468
vt 3.846901 4.193479
vt 3.847753 3.291688
vt 3.849228 3.352233
vt 3.849447 3.241759
vt 3.850692 3.218279
vt 3.851047 4.248354
vt 3.852696 3.417981
vt 3.855073 4.301638
vt 3.856577 3.485677
vt 3.859002 4.353649
vt 3.860521 3.554169
vt 3.862860 4.404706
vt 3.864477 4.877468
vt 3.864486 3.622829
vt 3.864584 4.774202
vt 3.866666 4.455085
vt 3.868431 3.691030
vt 3.870429 4.504889
vt 3.872322 3.758233
vt 3.874036 4.827748
vt 3.874153 4.554177
vt 3.876163 3.824250
vt 3.877037 4.738608
vt 3.877843 4.603011
vt 3.879969 3.888981
vt 3.881068 4.651124
vt 3.881666 4.696953
vt 3.883753 3.952328
vt 3.887520 4.014188
vt 3.891251 4.074457
vt 3.894918 4.133028
vt 3.898492 4.189793
vt 3.900148 4.794936
vt 3.901953 4.244718
vt 3.902149 4.848544
vt 3.905314 4.298048
vt 3.907823 3.342266
vt 3.908432 3.275788
vt 3.908595 4.350106
vt 3.909995 3.411055
vt 3.911816 4.401209
vt 3.912688 3.480473
vt 3.914763 3.212859
vt 3.914977 4.451701
vt 3.915426 3.549891
vt 3.916033 4.754093
vt 3.918004 4.502022
vt 3.918181 3.618948
vt 3.920800 4.552641
vt 3.920921 3.687279
vt 3.922451 4.861247
vt 3.923272 4.604024
vt 3.923377 4.706997
vt 3.923630 3.754566
vt 3.924888 4.656143
vt 3.926335 3.820664
vt 3.929078 3.885471
vt 3.931743 4.811962
vt 3.931897 3.948886
vt 3.933192 3.145620
vt 3.934819 4.010808
vt 3.937804 4.071130
vt 3.940798 4.129749
vt 3.943746 4.186559
vt 3.946608 4.241526
vt 3.949386 4.294899
vt 3.950509 4.766766
vt 3.952097 4.346997
vt 3.954265 4.822321
vt 3.954759 4.398140
vt 3.957356 4.448727
vt 3.959741 4.499480
vt 3.960137 4.715160
vt 3.961739 4.551204
vt 3.963172 4.604701
vt 3.963425 4.660141
vt 4.326477 5.304063
vt 4.326477 5.356538
vt 4.328119 5.404669
vt 4.328959 5.245418
vt 4.330563 5.450280
vt 4.333552 5.494228
vt 4.334362 5.180517
vt 4.339180 5.533517
vt 4.349306 5.564381
vt 4.362556 5.306384
vt 4.362966 5.356781
vt 4.363488 5.251800
vt 4.364262 5.404155
vt 4.365984 5.193529
vt 4.365987 5.449669
vt 4.368046 5.493693
vt 4.369330 5.138731
vt 4.371789 5.533426
vt 4.372574 5.096232
vt 4.378146 5.565650
vt 4.384374 5.588831
vt 4.405025 5.138815
vt 4.406564 5.166111
vt 4.407708 5.209441
vt 4.408637 5.259704
vt 4.409499 5.309385
vt 4.410330 5.357270
vt 4.411136 5.403724
vt 4.411923 5.449118
vt 4.412775 5.493215
vt 4.414072 5.533390
vt 4.416277 5.566734
vt 4.419863 5.591618
vt 4.440416 5.181571
vt 4.446605 5.193655
vt 4.452150 5.225511
vt 4.456316 5.564853
vt 4.456439 5.267765
vt 4.456597 5.588095
vt 4.458583 5.532542
vt 4.459036 5.312536
vt 4.459868 5.492757
vt 4.460232 5.357905
vt 4.460289 5.448708
vt 4.460493 5.403439
vt 4.482675 5.581563
vt 4.482852 5.216657
vt 4.490877 5.562939
vt 4.491927 5.238998
vt 4.497891 5.531900
vt 4.498927 5.274611
vt 4.501456 5.492518
vt 4.502899 5.315311
vt 4.503001 5.448522
vt 4.504084 5.403359
vt 4.504334 5.358592
vt 4.616599 5.107412
vt 4.616599 5.340328
vt 4.616599 5.703981
vt 4.616599 5.872952
vt 4.616650 5.744729
vt 4.616749 5.295352
vt 4.616939 5.384121
vt 4.616949 5.250710
vt 4.617029 5.788807
vt 4.617128 5.832804
vt 4.617246 5.207425
vt 4.617688 5.166524
vt 4.617997 5.130462
vt 4.618517 5.668546
vt 4.620167 5.423273
vt 4.621257 5.610903
vt 4.623767 5.640120
vt 4.628347 5.454030
vt 4.630458 5.622020
vt 4.646765 5.598644
vt 4.649913 5.672086
vt 4.649923 5.708621
vt 4.651004 5.750597
vt 4.651301 5.641843
vt 4.651344 5.617685
vt 4.651750 5.387928
vt 4.652292 5.796457
vt 4.652353 5.344176
vt 4.653051 5.427284
vt 4.653295 5.842659
vt 4.653296 5.299352
vt 4.653615 5.885164
vt 4.654320 5.255252
vt 4.655493 5.213296
vt 4.656880 5.174899
vt 4.657342 5.458872
vt 4.658293 5.142879
vt 4.658506 5.125641
vt 4.681355 5.614038
vt 4.684026 5.639901
vt 4.686379 5.671065
vt 4.688612 5.708068
vt 4.690868 5.750423
vt 4.693180 5.796823
vt 4.695201 5.843706
vt 4.695425 5.430830
vt 4.695485 5.463160
vt 4.696490 5.886945
vt 4.696600 5.391241
vt 4.697312 5.486381
vt 4.698418 5.347519
vt 4.700380 5.302790
vt 4.702453 5.258918
vt 4.704714 5.217453
vt 4.707243 5.179941
vt 4.709979 5.149325
vt 4.711000 5.613213
vt 4.712289 5.134119
vt 4.715938 5.636997
vt 4.721792 5.666698
vt 4.726140 5.702907
vt 4.729512 5.744711
vt 4.731152 5.614471
vt 4.732791 5.790422
vt 4.734201 5.485113
vt 4.735555 5.463590
vt 4.735776 5.836475
vt 4.737993 5.878838
vt 4.739892 5.432522
vt 4.740821 5.631344
vt 4.743622 5.393470
vt 4.746706 5.349868
vt 4.749736 5.305170
vt 4.749949 5.658692
vt 4.752896 5.261199
vt 4.755967 5.693533
vt 4.756270 5.219375
vt 4.759942 5.181116
vt 4.760208 5.733967
vt 4.760561 5.479747
vt 4.763977 5.149254
vt 4.764228 5.777772
vt 4.767950 5.821497
vt 4.768373 5.132268
vt 4.769994 5.462574
vt 4.770890 5.861385
vt 4.778964 5.432851
vt 4.784933 5.394255
vt 4.789131 5.350735
vt 4.793097 5.305990
vt 4.797202 5.261583
vt 4.801524 5.218541
vt 4.806142 5.177892
vt 4.811209 5.142116
vt 4.817181 5.119513
vt 4.843922 5.128001
vt 4.850583 5.096233
vt 5.016912 0.870858
vt 5.032704 0.541881
vt 5.043088 1.036225
vt 5.057916 0.440158
vt 5.057944 0.321957
vt 5.058013 0.676402
vt 5.062923 1.133223
vt 5.074241 0.270259
vt 5.078777 1.218310
vt 5.080638 0.357584
vt 5.081050 0.208393
vt 5.088510 0.241772
vt 5.089061 0.537858
vt 5.090349 0.183900
vt 5.090659 1.302664
vt 5.098308 0.244077
vt 5.098485 0.305369
vt 5.098493 1.391520
vt 5.099423 0.178587
vt 5.103149 1.483243
vt 5.105738 1.574483
vt 5.107369 1.661886
vt 5.108958 1.742916
vt 5.110652 1.818284
vt 5.110685 0.288708
vt 5.112408 1.889514
vt 5.113072 0.430367
vt 5.114180 1.958133
vt 5.115921 2.025393
vt 5.117572 2.091469
vt 5.118216 0.301130
vt 5.119072 2.156261
vt 5.120035 0.884687
vt 5.120359 2.219672
vt 5.121393 2.281602
vt 5.122216 2.341944
vt 5.122891 2.400590
vt 5.123484 2.457429
vt 5.124048 2.512425
vt 5.124238 1.010199
vt 5.124594 2.565826
vt 5.125128 2.617952
vt 5.125652 2.669121
vt 5.125834 0.113086
vt 5.126205 2.719733
vt 5.126975 2.770500
vt 5.128181 2.822217
vt 5.129881 0.126656
vt 5.130045 2.875674
vt 5.130692 0.358535
vt 5.132056 0.346537
vt 5.132126 0.404965
vt 5.132138 0.163580
vt 5.132465 0.282021
vt 5.132667 0.457366
vt 5.132746 0.218202
vt 5.133192 2.931010
vt 5.133516 0.505518
vt 5.134512 0.551197
vt 5.134864 1.111997
vt 5.135112 0.736863
vt 5.135988 0.595248
vt 5.139855 2.985744
vt 5.140266 0.634795
vt 5.142708 0.326116
vt 5.143443 1.201721
vt 5.149219 1.289235
vt 5.149337 0.666185
vt 5.150277 0.326138
vt 5.152668 3.036739
vt 5.152689 1.381394
vt 5.154464 1.476569
vt 5.155189 1.571005
vt 5.155478 0.594087
vt 5.155504 1.660949
vt 5.155935 1.743571
vt 5.156538 1.819736
vt 5.157251 1.891236
vt 5.158013 1.959859
vt 5.158767 2.027081
vt 5.159470 2.093118
vt 5.160081 2.157876
vt 5.160193 0.685229
vt 5.160563 2.221255
vt 5.160891 2.283158
vt 5.161090 2.343475
vt 5.161205 2.402098
vt 5.161275 2.458917
vt 5.161337 2.513893
vt 5.161397 2.567275
vt 5.161455 2.619382
vt 5.161512 2.670533
vt 5.161589 2.721071
vt 5.161786 2.771434
vt 5.162224 2.822082
vt 5.163024 2.873475
vt 5.164718 2.925559
vt 5.169470 2.976218
vt 5.169664 0.505148
vt 5.169671 0.456527
vt 5.169869 0.550900
vt 5.170106 0.402863
vt 5.170414 0.595017
vt 5.171188 0.341984
vt 5.172049 0.475641
vt 5.172797 0.634991
vt 5.172991 0.273470
vt 5.174269 3.080860
vt 5.175032 0.203905
vt 5.176686 0.141631
vt 5.176859 0.069743
vt 5.177330 0.094985
vt 5.178063 0.667724
vt 5.179859 3.022820
vt 5.183532 0.691686
vt 5.184202 0.392196
vt 5.192690 0.349929
vt 5.198223 0.342212
vt 5.198460 3.062736
vt 5.205860 2.918463
vt 5.205963 2.870297
vt 5.206223 3.115818
vt 5.206488 2.821388
vt 5.207017 2.772023
vt 5.207552 2.722143
vt 5.208094 2.671686
vt 5.208264 2.964212
vt 5.208642 2.620550
vt 5.209202 2.568459
vt 5.209774 2.515092
vt 5.210364 2.460132
vt 5.210971 2.403330
vt 5.211587 2.344725
vt 5.212196 2.284428
vt 5.212788 2.222548
vt 5.213351 2.159194
vt 5.213892 2.094466
vt 5.214423 2.028458
vt 5.214951 1.961268
vt 5.215025 0.635989
vt 5.215101 0.595634
vt 5.215499 1.892663
vt 5.215679 3.005521
vt 5.215765 0.551473
vt 5.216107 0.669748
vt 5.216131 1.821094
vt 5.216576 0.505712
vt 5.216921 1.744683
vt 5.217640 0.456950
vt 5.217946 1.661551
vt 5.218882 0.695396
vt 5.219198 0.402881
vt 5.219257 1.570784
vt 5.220824 1.475315
vt 5.221488 0.341201
vt 5.222594 1.379041
vt 5.224513 1.285857
vt 5.224622 0.271371
vt 5.226594 1.197571
vt 5.226866 3.094100
vt 5.228180 0.199909
vt 5.229127 1.107637
vt 5.230609 3.040368
vt 5.231615 0.135104
vt 5.232306 1.007608
vt 5.234378 0.085241
vt 5.235689 0.889807
vt 5.236380 0.056132
vt 5.238848 0.751873
vt 5.242051 0.611978
vt 5.245572 0.491528
vt 5.245837 3.142711
vt 5.249002 0.404341
vt 5.249362 2.910974
vt 5.249386 2.951817
vt 5.251293 2.866720
vt 5.251848 0.358703
vt 5.253174 2.820291
vt 5.253792 2.987838
vt 5.253974 0.348354
vt 5.254671 3.067405
vt 5.254704 2.772203
vt 5.255713 0.693109
vt 5.256003 2.722799
vt 5.256188 0.669264
vt 5.257195 2.672419
vt 5.258382 2.621292
vt 5.259542 0.636701
vt 5.259592 2.569210
vt 5.260831 2.515854
vt 5.262108 2.460904
vt 5.262184 0.596826
vt 5.262730 3.118122
vt 5.263431 2.404113
vt 5.264118 0.552757
vt 5.264814 2.345519
vt 5.265010 3.017625
vt 5.265996 0.507047
vt 5.266277 2.285234
vt 5.267836 2.223370
vt 5.268137 0.458468
vt 5.269501 2.160032
vt 5.270771 0.404847
vt 5.271259 2.095322
vt 5.273088 2.029334
vt 5.274133 0.344014
vt 5.274969 1.962164
vt 5.276897 1.893594
vt 5.278346 0.275546
vt 5.278940 1.822149
vt 5.281181 1.746039
vt 5.282012 0.687630
vt 5.283087 0.206035
vt 5.283705 1.663476
vt 5.284684 3.040343
vt 5.285945 3.087974
vt 5.285985 2.941126
vt 5.286664 1.573597
vt 5.287860 2.972772
vt 5.287923 0.143823
vt 5.287971 2.904341
vt 5.289344 3.163482
vt 5.290488 1.479250
vt 5.290826 0.668973
vt 5.291449 2.863323
vt 5.292423 0.097254
vt 5.294489 2.818942
vt 5.295676 1.384212
vt 5.295959 2.998373
vt 5.296544 0.072102
vt 5.296881 2.771908
vt 5.298848 2.722893
vt 5.298885 0.637921
vt 5.300614 2.672569
vt 5.302367 2.621445
vt 5.302721 3.136777
vt 5.302724 1.292260
vt 5.303795 0.598555
vt 5.304152 2.569365
vt 5.305981 2.516011
vt 5.306851 0.554594
vt 5.307865 2.461063
vt 5.309626 0.352233
vt 5.309667 0.508990
vt 5.309819 2.404274
vt 5.311318 3.057466
vt 5.311883 2.345682
vt 5.311947 3.017519
vt 5.312314 1.205050
vt 5.312718 0.460915
vt 5.312804 0.394730
vt 5.314100 2.285400
vt 5.316198 0.408593
vt 5.316514 2.223538
vt 5.318511 0.478527
vt 5.318516 2.985864
vt 5.319154 2.160205
vt 5.320299 0.350247
vt 5.321624 3.104087
vt 5.321987 2.095498
vt 5.324965 2.029513
vt 5.325154 0.285819
vt 5.325846 1.115761
vt 5.328041 1.962348
vt 5.328777 0.597503
vt 5.330648 0.222102
vt 5.331189 1.893826
vt 5.332148 3.002806
vt 5.332982 3.180076
vt 5.334473 1.822695
vt 5.334683 3.031796
vt 5.336610 0.167610
vt 5.337979 1.747430
vt 5.341794 1.666507
vt 5.342633 3.071045
vt 5.342864 0.130854
vt 5.343289 1.014516
vt 5.343507 3.152042
vt 5.344173 0.740984
vt 5.346130 1.579220
vt 5.349500 0.117494
vt 5.351715 1.488142
vt 5.352391 3.015329
vt 5.354640 0.889310
vt 5.355469 0.330310
vt 5.357357 0.301517
vt 5.358901 3.117759
vt 5.359400 1.396662
vt 5.362326 3.043286
vt 5.363093 0.247118
vt 5.363323 0.363120
vt 5.369928 0.205044
vt 5.370039 1.308170
vt 5.373375 3.193702
vt 5.375689 0.435543
vt 5.376348 3.083133
vt 5.377678 3.025535
vt 5.378140 0.184080
vt 5.380824 0.294032
vt 5.382042 3.165269
vt 5.384677 1.224339
vt 5.385155 0.249731
vt 5.388088 0.189769
vt 5.389013 4.371709
vt 5.389013 4.440023
vt 5.389013 4.631522
vt 5.390711 0.311128
vt 5.393034 3.054071
vt 5.394869 0.247810
vt 5.395105 3.130513
vt 5.395297 0.543893
vt 5.400434 0.214688
vt 5.403540 1.415553
vt 5.405119 1.139966
vt 5.405155 0.363979
vt 5.406442 3.035523
vt 5.407906 0.276835
vt 5.408706 3.202619
vt 5.410068 3.095392
vt 5.412495 4.368956
vt 5.415710 1.332228
vt 5.416412 3.175310
vt 5.424622 3.065928
vt 5.425033 0.329192
vt 5.425384 0.683643
vt 5.426050 0.447413
vt 5.428101 3.141911
vt 5.431660 1.253700
vt 5.433444 1.043918
vt 5.435211 4.556953
vt 5.436693 3.047173
vt 5.437417 3.204977
vt 5.440926 3.107931
vt 5.445055 3.181097
vt 5.446609 0.392065
vt 5.451579 1.181840
vt 5.453528 3.079415
vt 5.454791 0.550199
vt 5.456027 3.202328
vt 5.456140 3.151110
vt 5.458559 4.560111
vt 5.458559 4.627991
vt 5.458904 4.444688
vt 5.464745 3.061467
vt 5.466418 3.119980
vt 5.466701 3.184879
vt 5.474872 0.879884
vt 5.476106 3.094301
vt 5.477509 1.116900
vt 5.478484 3.157631
vt 5.486316 3.128395
vt 5.486720 3.079181
vt 5.489137 0.640311
vt 5.489137 3.106987
vt 5.601401 0.540305
vt 5.601401 3.098677
vt 5.606725 3.124000
vt 5.609468 0.818951
vt 5.611607 3.189298
vt 5.615592 0.329438
vt 5.615674 3.155009
vt 5.620484 0.445421
vt 5.621908 3.083602
vt 5.624440 3.206902
vt 5.628467 3.185114
vt 5.628973 0.993553
vt 5.629406 3.111699
vt 5.629766 0.278089
vt 5.634068 0.666425
vt 5.634515 0.215725
vt 5.639055 0.365400
vt 5.640682 3.145538
vt 5.640776 3.209349
vt 5.642951 0.249243
vt 5.643130 0.190657
vt 5.648640 1.112830
vt 5.649689 3.069993
vt 5.652088 0.184902
vt 5.652843 0.251165
vt 5.654339 3.179075
vt 5.654761 0.313151
vt 5.655574 0.540581
vt 5.658830 3.099012
vt 5.659025 0.205753
vt 5.666272 0.296172
vt 5.666879 1.211805
vt 5.667499 3.206801
vt 5.672148 3.133982
vt 5.673930 0.437143
vt 5.674187 0.308407
vt 5.676450 0.117951
vt 5.680706 3.058054
vt 5.681131 0.131148
vt 5.682183 1.303275
vt 5.684905 0.167698
vt 5.687298 3.168882
vt 5.687715 0.221930
vt 5.688552 0.365608
vt 5.689975 0.285379
vt 5.691813 3.086655
vt 5.692099 0.349581
vt 5.693603 1.396043
vt 5.694418 0.407776
vt 5.696935 0.460012
vt 5.699225 0.333012
vt 5.699569 0.508047
vt 5.701746 3.197757
vt 5.701777 1.489718
vt 5.702242 0.553631
vt 5.703486 0.869398
vt 5.705328 0.597587
vt 5.706641 0.332986
vt 5.707563 3.121123
vt 5.707746 1.581613
vt 5.709735 0.996872
vt 5.710924 3.047194
vt 5.711006 0.637004
vt 5.711031 0.730248
vt 5.712547 1.669036
vt 5.717049 1.750001
vt 5.721106 0.668204
vt 5.721437 1.105592
vt 5.721437 1.825324
vt 5.723420 0.595658
vt 5.724893 3.074477
vt 5.725105 3.155553
vt 5.725728 1.896524
vt 5.726219 0.072248
vt 5.727780 0.097191
vt 5.729051 0.143497
vt 5.729926 0.205385
vt 5.729936 1.965118
vt 5.730682 0.274571
vt 5.731593 0.342767
vt 5.732364 1.200385
vt 5.732509 0.687052
vt 5.732868 0.403427
vt 5.734064 2.032356
vt 5.734385 0.480493
vt 5.734457 0.456957
vt 5.736247 0.505501
vt 5.738060 2.098410
vt 5.738067 3.035633
vt 5.738122 0.551204
vt 5.740263 0.595283
vt 5.741374 1.290759
vt 5.741584 3.184039
vt 5.741862 2.163184
vt 5.743138 0.397473
vt 5.744034 0.635239
vt 5.744159 3.107353
vt 5.745405 2.226579
vt 5.748336 1.384545
vt 5.748645 2.288497
vt 5.749867 0.355255
vt 5.750311 0.668025
vt 5.751620 2.348831
vt 5.753638 1.480531
vt 5.754389 2.407469
vt 5.755562 3.060810
vt 5.756300 0.692301
vt 5.757012 2.464303
vt 5.757808 1.575242
vt 5.759539 2.519294
vt 5.760296 3.021290
vt 5.761367 1.665207
vt 5.761993 2.572690
vt 5.764389 2.624810
vt 5.764755 1.747827
vt 5.765260 3.140190
vt 5.766740 2.675975
vt 5.768066 1.824010
vt 5.769096 2.726338
vt 5.771309 1.895541
vt 5.771645 2.775391
vt 5.774492 1.964200
vt 5.774604 2.822463
vt 5.775774 3.002085
vt 5.777617 2.031459
vt 5.778197 2.866880
vt 5.779142 3.091143
vt 5.780649 2.097533
vt 5.781546 3.043605
vt 5.782115 0.339724
vt 5.782213 2.907931
vt 5.782215 0.401223
vt 5.782477 0.270179
vt 5.782697 0.455201
vt 5.783156 0.199062
vt 5.783362 2.976437
vt 5.783431 0.503931
vt 5.783548 2.162325
vt 5.783955 0.134600
vt 5.784283 0.549690
vt 5.784675 0.085019
vt 5.784722 2.944751
vt 5.784738 3.167355
vt 5.785211 0.593866
vt 5.785436 0.056132
vt 5.786273 2.225737
vt 5.786525 0.634315
vt 5.788630 0.668322
vt 5.788795 2.287670
vt 5.791136 2.348017
vt 5.791942 0.694449
vt 5.793334 2.406667
vt 5.795426 2.463511
vt 5.797444 2.518513
vt 5.799403 2.571919
vt 5.800574 3.020815
vt 5.801315 2.624050
vt 5.803193 2.675224
vt 5.804603 3.121437
vt 5.805064 2.725652
vt 5.807034 2.775102
vt 5.808385 0.493678
vt 5.808424 0.407123
vt 5.809224 2.823235
vt 5.809348 0.611492
vt 5.809361 0.361789
vt 5.809714 3.070484
vt 5.811155 2.990968
vt 5.811207 0.745963
vt 5.811754 2.869709
vt 5.813280 0.879855
vt 5.814323 2.914006
vt 5.814890 0.998806
vt 5.814930 2.954895
vt 5.815992 1.102567
vt 5.816752 1.195391
vt 5.817565 1.285421
vt 5.818787 1.379635
vt 5.820382 1.476447
vt 5.822218 1.572133
vt 5.824164 1.662969
vt 5.826108 1.746164
vt 5.827742 3.146493
vt 5.828028 1.822655
vt 5.828649 0.666407
vt 5.828678 0.690806
vt 5.829921 1.894316
vt 5.831014 0.633443
vt 5.831787 1.963017
vt 5.832282 0.593383
vt 5.832627 0.549253
vt 5.832842 0.503506
vt 5.833078 3.043365
vt 5.833191 0.454918
vt 5.833621 2.030303
vt 5.833807 0.401342
vt 5.834819 0.340635
vt 5.835413 2.096403
vt 5.836324 0.272389
vt 5.837151 2.161219
vt 5.838276 0.203148
vt 5.838823 2.224653
vt 5.839807 3.097322
vt 5.840421 2.286605
vt 5.840591 0.141193
vt 5.841949 2.346968
vt 5.843187 0.094808
vt 5.843413 2.405633
vt 5.844822 2.462492
vt 5.846184 2.517507
vt 5.846229 0.069769
vt 5.847318 3.008449
vt 5.847507 2.570926
vt 5.848798 2.623070
vt 5.850066 2.674257
vt 5.851316 2.724764
vt 5.852552 2.774694
vt 5.853776 2.824108
vt 5.854050 2.967081
vt 5.854659 0.684529
vt 5.854988 2.873065
vt 5.855773 2.921280
vt 5.862981 0.665273
vt 5.866830 3.119515
vt 5.867122 0.352834
vt 5.867547 3.065874
vt 5.870058 0.633719
vt 5.872090 0.394810
vt 5.873591 0.594112
vt 5.875052 0.550063
vt 5.876201 0.504399
vt 5.877477 0.456284
vt 5.878992 0.403964
vt 5.880856 0.345683
vt 5.880876 0.477468
vt 5.883189 0.281389
vt 5.885479 3.025887
vt 5.886157 0.217831
vt 5.886463 3.133229
vt 5.889674 1.572519
vt 5.889918 1.662552
vt 5.889934 0.163464
vt 5.890294 1.477709
vt 5.890343 1.745234
vt 5.890802 1.821476
vt 5.891281 1.893063
vt 5.891767 1.961778
vt 5.892250 2.029092
vt 5.892592 1.381566
vt 5.892743 2.095218
vt 5.893267 2.160059
vt 5.893837 2.223516
vt 5.894225 0.592130
vt 5.894468 2.285488
vt 5.894695 0.126737
vt 5.895143 2.345869
vt 5.895199 2.979224
vt 5.895839 2.404550
vt 5.896534 2.461423
vt 5.897210 2.516453
vt 5.897383 1.287537
vt 5.897866 2.569886
vt 5.898239 3.084478
vt 5.898507 2.622043
vt 5.899136 2.673243
vt 5.899282 2.928511
vt 5.899736 2.723830
vt 5.900211 2.774240
vt 5.900307 2.876378
vt 5.900440 2.824936
vt 5.900727 0.113319
vt 5.905101 1.196817
vt 5.911608 0.726106
vt 5.912566 0.328607
vt 5.914650 1.101602
vt 5.915365 0.296782
vt 5.918995 0.242403
vt 5.919270 3.040290
vt 5.920207 3.095964
vt 5.921817 0.360791
vt 5.923753 0.992452
vt 5.924186 0.200277
vt 5.925410 0.864815
vt 5.931498 2.989238
vt 5.931564 0.179130
vt 5.936723 0.431716
vt 5.937148 0.290578
vt 5.937568 2.934455
vt 5.940122 2.879074
vt 5.940472 0.245225
vt 5.941401 2.825573
vt 5.941664 0.184492
vt 5.941804 2.344903
vt 5.941826 2.403598
vt 5.941877 2.284507
vt 5.941894 2.460485
vt 5.941968 2.515527
vt 5.942024 2.773815
vt 5.942040 2.568972
vt 5.942095 2.222517
vt 5.942110 2.621140
vt 5.942179 2.672352
vt 5.942211 2.723006
vt 5.942490 2.159041
vt 5.943033 2.094177
vt 5.943678 2.028027
vt 5.944380 1.960689
vt 5.945105 1.891993
vt 5.945868 1.820689
vt 5.946694 1.745259
vt 5.947610 1.664182
vt 5.947783 0.307100
vt 5.948873 1.576633
vt 5.950146 0.242899
vt 5.951661 1.484558
vt 5.954635 0.209114
vt 5.957386 1.390595
vt 5.958329 0.534329
vt 5.964068 0.358687
vt 5.964206 0.271183
vt 5.967456 1.297383
vt 5.982540 1.205286
vt 5.982602 0.321858
vt 5.986520 0.437862
vt 5.987636 0.659123
vt 6.000332 1.105567
vt 6.004827 0.382115
vt 6.015117 0.531761
vt 6.017485 0.985529
vt 6.028739 0.810293
vt 6.048191 0.614874
vn -0.999522 -0.030912 0.000000
vn -0.999519 -0.031026 0.000000
vn -0.999508 -0.031374 0.000000
vn -0.999494 -0.031804 0.000000
vn -0.999431 -0.033738 0.000000
vn -0.999402 -0.034583 0.000000
vn -0.999321 -0.036846 0.000000
vn -0.999165 -0.040851 0.000000
vn -0.999092 -0.042604 0.000000
vn -0.998999 -0.044731 0.000000
vn -0.998869 -0.047547 0.000000
vn -0.998790 -0.049186 0.000000
vn -0.998764 -0.049649 -0.002497
vn -0.998764 -0.049649 0.002497
vn -0.998760 -0.049771 -0.001041
vn -0.998760 -0.049771 0.001041
vn -0.998759 -0.049804 -0.000044
vn -0.998759 -0.049804 0.000044
vn -0.998756 -0.049855 -0.000329
vn -0.998756 -0.049855 0.000328
vn -0.998725 0.014845 0.048242
vn -0.998653 -0.051572 -0.005643
vn -0.998627 -0.052025 0.006054
vn -0.998510 -0.053960 -0.008089
vn -0.998510 -0.053960 0.008089
vn -0.998480 -0.053368 -0.013781
vn -0.998480 -0.053368 0.013781
vn -0.998477 -0.055176 0.000000
vn -0.998403 -0.056223 -0.005485
vn -0.998403 -0.056223 0.005484
vn -0.998331 -0.057582 -0.004354
vn -0.998331 -0.057581 0.004353
vn -0.997901 -0.064597 -0.004494
vn -0.997901 -0.064596 0.004494
vn -0.997716 -0.065602 -0.016101
vn -0.997487 -0.068422 0.018387
vn -0.997181 -0.075028 0.000000
vn -0.996804 -0.071033 -0.036550
vn -0.996804 -0.071033 0.036550
vn -0.996365 -0.062027 -0.058395
vn -0.995308 0.094996 0.018363
vn -0.993850 -0.100725 -0.046016
vn -0.993567 0.010490 -0.112759
vn -0.993439 -0.114091 -0.007868
vn -0.993439 -0.114090 0.007868
vn -0.993319 -0.064831 0.095470
vn -0.993281 -0.104977 0.048702
vn -0.993076 0.075552 -0.089960
vn -0.992668 -0.120874 0.000000
vn -0.988515 0.063800 0.136995
vn -0.986551 -0.163129 0.010266
vn -0.984186 0.171834 0.043033
vn -0.984045 -0.149076 0.097121
vn -0.983598 0.177365 -0.032797
vn -0.983194 -0.170511 -0.065241
vn -0.982805 0.184589 0.004717
vn -0.982679 0.140729 0.120571
vn -0.982455 -0.155451 -0.103040
vn -0.982045 0.150515 -0.113720
vn -0.980444 -0.136341 0.141916
vn -0.976426 -0.215852 0.000000
vn -0.976426 -0.215851 0.000000
vn -0.972734 -0.181819 0.143984
vn -0.971949 -0.173097 -0.159227
vn -0.970187 -0.180376 0.161870
vn -0.969729 -0.058546 -0.237060
vn -0.969725 -0.013540 0.243824
vn -0.968269 -0.171476 -0.181798
vn -0.968269 -0.171476 0.181800
vn -0.966947 -0.254265 0.019060
vn -0.965520 -0.259713 0.017911
vn -0.965520 -0.259712 -0.017911
vn -0.964102 -0.260275 -0.052576
vn -0.958925 -0.218010 -0.181479
vn -0.958776 -0.284127 -0.004443
vn -0.957915 -0.284179 0.040508
vn -0.957242 0.286313 0.041378
vn -0.956704 0.287915 -0.042678
vn -0.956039 0.293181 0.005805
vn -0.955453 0.295101 -0.005036
vn -0.955088 -0.241683 0.171452
vn -0.954266 0.298947 0.002730
vn -0.953904 0.300108 -0.001526
vn -0.953434 0.301600 0.000598
vn -0.952269 -0.303109 -0.036163
vn -0.948066 -0.275642 -0.158722
vn -0.944752 -0.149130 0.291896
vn -0.943683 -0.064906 0.324423
vn -0.942088 -0.181444 -0.282043
vn -0.937062 -0.088286 0.337818
vn -0.937030 -0.100591 -0.334448
vn -0.936996 -0.240671 -0.253213
vn -0.935495 -0.070287 -0.346279
vn -0.935495 -0.070287 0.346279
vn -0.935073 -0.052474 -0.350550
vn -0.935073 -0.052474 0.350550
vn -0.934708 -0.041462 -0.352991
vn -0.934708 -0.041462 0.352991
vn -0.934561 -0.034477 -0.354128
vn -0.934561 -0.034477 0.354128
vn -0.934514 -0.031692 -0.354512
vn -0.934514 -0.031692 0.354512
vn -0.934508 -0.031292 -0.354565
vn -0.934508 -0.031292 0.354565
vn -0.934505 -0.031408 -0.354563
vn -0.934505 -0.031408 0.354563
vn -0.934504 -0.031408 0.354563
vn -0.934492 -0.063710 -0.350236
vn -0.934482 -0.032195 -0.354551
vn -0.934482 -0.032195 0.354552
vn -0.934439 -0.062026 0.350680
vn -0.934422 -0.034153 -0.354526
vn -0.934422 -0.034153 0.354525
vn -0.934318 -0.037300 -0.354483
vn -0.934318 -0.037300 0.354483
vn -0.934318 -0.037299 -0.354483
vn -0.934318 -0.037299 0.354483
vn -0.934170 -0.041354 -0.354424
vn -0.934170 -0.041354 0.354424
vn -0.934010 -0.045282 -0.354365
vn -0.934010 -0.045282 0.354365
vn -0.933953 -0.055392 -0.353078
vn -0.933953 -0.055392 0.353078
vn -0.933885 -0.048131 -0.354320
vn -0.933885 -0.048131 0.354321
vn -0.933842 -0.052810 -0.353767
vn -0.933842 -0.052810 0.353767
vn -0.933808 -0.049791 -0.354294
vn -0.933808 -0.049791 0.354294
vn -0.933803 -0.051227 -0.354102
vn -0.933803 -0.051227 0.354102
vn -0.933782 -0.050512 -0.354258
vn -0.933782 -0.050512 0.354258
vn -0.933762 -0.050276 -0.354347
vn -0.933762 -0.050276 0.354347
vn -0.933657 -0.049385 -0.354748
vn -0.933657 -0.049385 0.354748
vn -0.933458 -0.112967 -0.340433
vn -0.933458 -0.112967 0.340433
vn -0.933398 -0.046997 -0.355752
vn -0.933398 -0.046997 0.355753
vn -0.933065 0.024887 -0.358845
vn -0.932910 -0.081014 -0.350879
vn -0.932910 -0.081014 0.350879
vn -0.932880 -0.089562 -0.348876
vn -0.932879 -0.089563 0.348876
vn -0.932863 -0.040654 -0.357929
vn -0.932863 -0.040654 0.357929
vn -0.932832 -0.043318 -0.357698
vn -0.932832 -0.043318 0.357698
vn -0.932740 -0.030876 0.359226
vn -0.932739 -0.030876 -0.359227
vn -0.931872 -0.197159 -0.304536
vn -0.931760 -0.075708 -0.355095
vn -0.931760 -0.075707 0.355094
vn -0.931657 -0.040338 -0.361093
vn -0.931650 -0.039817 0.361168
vn -0.931047 -0.023094 0.364169
vn -0.931046 -0.023094 -0.364170
vn -0.928855 -0.041959 0.368059
vn -0.928663 -0.065934 -0.365018
vn -0.928663 -0.065934 0.365018
vn -0.928410 -0.091500 -0.360116
vn -0.928409 -0.140071 0.344147
vn -0.928409 -0.140070 -0.344147
vn -0.928409 -0.091501 0.360116
vn -0.928353 -0.046216 -0.368815
vn -0.927362 -0.374166 0.000000
vn -0.926960 -0.011000 -0.374999
vn -0.926960 -0.011000 0.375000
vn -0.924321 0.003625 0.381599
vn -0.923638 -0.053395 0.379529
vn -0.921428 -0.052711 -0.384957
vn -0.921428 -0.052711 0.384956
vn -0.920868 -0.096907 0.377639
vn -0.919951 -0.202831 -0.335484
vn -0.919951 -0.202831 0.335484
vn -0.919041 -0.068663 -0.388136
vn -0.918750 0.002761 -0.394830
vn -0.918750 0.002761 0.394830
vn -0.918163 0.086314 0.386687
vn -0.915927 -0.071970 0.394840
vn -0.914403 0.094605 -0.393595
vn -0.908668 -0.105001 0.404101
vn -0.908444 -0.092935 0.407544
vn -0.908204 -0.049334 0.415610
vn -0.908203 -0.049334 -0.415613
vn -0.906082 -0.066073 -0.417910
vn -0.901809 0.008610 -0.432049
vn -0.901809 0.008610 0.432049
vn -0.901674 -0.284449 -0.325689
vn -0.901674 -0.284448 0.325688
vn -0.901674 -0.237047 0.361653
vn -0.901674 -0.237046 -0.361652
vn -0.896678 -0.110799 -0.428593
vn -0.890076 -0.455540 0.015751
vn -0.873984 -0.353428 -0.333528
vn -0.873984 -0.353428 0.333528
vn -0.872205 0.489140 0.000000
vn -0.870201 0.492539 -0.012474
vn -0.870201 0.492540 0.012469
vn -0.863275 0.503512 0.035094
vn -0.863263 0.503532 -0.035107
vn -0.863235 0.209088 0.459464
vn -0.860241 0.209042 -0.465066
vn -0.859587 -0.006552 -0.510947
vn -0.859587 -0.006552 0.510947
vn -0.852600 -0.165727 -0.495588
vn -0.851629 -0.522903 0.036062
vn -0.851628 -0.522904 -0.036061
vn -0.847700 0.526926 0.061267
vn -0.847670 0.526977 -0.061236
vn -0.828570 0.558615 -0.037698
vn -0.828552 0.558632 0.037844
vn -0.826847 -0.113246 -0.550908
vn -0.823528 -0.230055 -0.518532
vn -0.823504 -0.229987 0.518601
vn -0.811006 -0.585038 0.000000
vn -0.804317 -0.528010 -0.272544
vn -0.804317 -0.528010 0.272543
vn -0.804317 -0.179519 -0.566434
vn -0.804316 -0.485598 -0.342447
vn -0.804316 -0.485598 0.342448
vn -0.788553 -0.006102 -0.614936
vn -0.762826 -0.554178 -0.333141
vn -0.762826 -0.554178 0.333141
vn -0.756060 -0.388246 0.526913
vn -0.730323 -0.475549 -0.490390
vn -0.727572 -0.055719 0.683765
vn -0.718274 -0.088040 -0.690168
vn -0.718274 -0.088040 0.690168
vn -0.717142 -0.197430 0.668378
vn -0.714447 -0.056252 -0.697425
vn -0.714447 -0.056252 0.697425
vn -0.714102 -0.044570 0.698621
vn -0.712431 -0.158587 -0.683588
vn -0.712431 -0.158587 0.683588
vn -0.710485 -0.044519 -0.702303
vn -0.710485 -0.044519 0.702303
vn -0.708211 -0.037844 -0.704986
vn -0.708211 -0.037844 -0.704985
vn -0.708211 -0.037844 0.704986
vn -0.707866 -0.256902 -0.657972
vn -0.707523 -0.106009 0.698694
vn -0.707168 -0.033676 -0.706244
vn -0.707167 -0.033676 -0.706244
vn -0.707167 -0.033676 0.706244
vn -0.706801 -0.032028 -0.706687
vn -0.706801 -0.032028 0.706687
vn -0.706750 -0.031793 -0.706749
vn -0.706750 -0.031793 0.706749
vn -0.706749 -0.031793 -0.706749
vn -0.706749 -0.031793 0.706749
vn -0.706749 -0.031792 -0.706749
vn -0.706749 -0.031792 0.706749
vn -0.706747 -0.031911 -0.706747
vn -0.706747 -0.031911 0.706747
vn -0.706729 -0.032711 -0.706728
vn -0.706729 -0.032711 0.706728
vn -0.706728 -0.032711 -0.706728
vn -0.706681 -0.034701 -0.706681
vn -0.706681 -0.034701 0.706681
vn -0.706681 -0.034700 0.706681
vn -0.706599 -0.037898 -0.706599
vn -0.706599 -0.037898 0.706599
vn -0.706483 -0.042018 0.706482
vn -0.706482 -0.042018 -0.706482
vn -0.706482 -0.042018 0.706482
vn -0.706358 -0.046007 -0.706358
vn -0.706358 -0.046007 0.706358
vn -0.706261 -0.048902 -0.706261
vn -0.706261 -0.048902 0.706261
vn -0.706201 -0.050587 -0.706202
vn -0.706201 -0.050587 -0.706201
vn -0.706201 -0.050587 0.706202
vn -0.706180 -0.051375 -0.706166
vn -0.706180 -0.051375 0.706166
vn -0.706165 -0.052495 -0.706099
vn -0.706165 -0.052495 0.706099
vn -0.706143 -0.050913 -0.706237
vn -0.706143 -0.050913 0.706237
vn -0.706107 -0.125374 -0.696918
vn -0.706063 -0.055119 -0.706001
vn -0.706063 -0.055119 0.706001
vn -0.705913 -0.048896 -0.706609
vn -0.705913 -0.048896 0.706609
vn -0.705883 -0.059480 -0.705827
vn -0.705883 -0.059480 0.705827
vn -0.705818 -0.069529 0.704973
vn -0.705715 -0.071961 -0.704832
vn -0.705343 -0.114101 -0.699623
vn -0.705343 -0.114101 0.699623
vn -0.705343 -0.043809 -0.707511
vn -0.705343 -0.043809 0.707511
vn -0.705320 -0.016681 -0.708693
vn -0.705319 -0.016681 0.708694
vn -0.704256 -0.100444 -0.702804
vn -0.704256 -0.100444 0.702804
vn -0.704168 -0.036115 -0.709114
vn -0.704168 -0.036115 0.709114
vn -0.704077 -0.001195 -0.710122
vn -0.704077 -0.001195 0.710122
vn -0.702902 -0.031431 0.710592
vn -0.702156 -0.166160 0.692364
vn -0.702156 -0.166159 -0.692364
vn -0.702155 -0.069540 -0.708621
vn -0.702155 -0.069540 0.708620
vn -0.702111 -0.027049 0.711554
vn -0.701886 -0.027892 -0.711743
vn -0.700949 -0.072142 -0.709553
vn -0.700948 -0.072143 0.709554
vn -0.699864 -0.081520 -0.709609
vn -0.699864 -0.081519 0.709609
vn -0.699523 0.019494 0.714344
vn -0.699522 0.019494 -0.714345
vn -0.698896 -0.019050 0.714970
vn -0.696083 -0.025539 -0.717507
vn -0.695447 -0.013476 0.718451
vn -0.695394 -0.015337 0.718465
vn -0.692531 -0.009676 0.721323
vn -0.691482 -0.008179 0.722347
vn -0.690834 -0.017234 -0.722808
vn -0.690579 -0.033134 0.722497
vn -0.689313 0.049758 -0.722753
vn -0.689313 0.049758 0.722753
vn -0.688443 0.458391 -0.562072
vn -0.688427 0.458383 0.562097
vn -0.688077 -0.045956 -0.724181
vn -0.688077 -0.045956 0.724181
vn -0.682205 -0.215487 0.698685
vn -0.682204 -0.309363 -0.662489
vn -0.682204 -0.309363 0.662489
vn -0.682203 -0.215488 -0.698687
vn -0.681318 -0.034121 -0.731192
vn -0.677833 -0.279208 -0.680136
vn -0.677833 -0.279208 0.680136
vn -0.671107 0.083777 -0.736612
vn -0.671106 0.083777 0.736612
vn -0.660360 0.012338 0.750848
vn -0.660360 0.012339 -0.750848
vn -0.651562 0.027854 -0.758084
vn -0.649089 -0.054054 -0.758789
vn -0.642700 0.111712 -0.757930
vn -0.642699 0.111712 0.757930
vn -0.639260 -0.768991 0.000000
vn -0.615803 -0.447973 0.648157
vn -0.615802 -0.532711 -0.580523
vn -0.615801 -0.532711 0.580524
vn -0.615800 -0.447974 -0.648158
vn -0.612393 0.790554 0.000001
vn -0.607172 0.794395 -0.016704
vn -0.607171 0.794395 0.016705
vn -0.603339 0.137934 0.785466
vn -0.603270 0.137934 -0.785519
vn -0.602010 0.128701 -0.788048
vn -0.602010 0.128701 0.788048
vn -0.600044 -0.128494 0.789580
vn -0.599374 -0.128957 -0.790013
vn -0.598698 -0.729089 -0.331647
vn -0.598698 -0.729089 0.331647
vn -0.598697 -0.729090 0.331647
vn -0.594115 0.123955 0.794772
vn -0.594114 0.123954 -0.794773
vn -0.592735 -0.077400 -0.801670
vn -0.590102 0.806158 -0.043451
vn -0.590102 0.806159 0.043449
vn -0.587744 -0.441168 -0.678180
vn -0.587744 -0.441168 0.678180
vn -0.587744 -0.441167 -0.678180
vn -0.587744 -0.441167 0.678180
vn -0.586442 -0.808072 0.055728
vn -0.586440 -0.808073 -0.055727
vn -0.573754 0.117668 0.810531
vn -0.572825 0.117779 -0.811172
vn -0.562575 -0.800278 0.207519
vn -0.562574 -0.800279 -0.207519
vn -0.562572 -0.764216 0.315414
vn -0.562570 -0.764217 -0.315416
vn -0.557040 0.828879 -0.051640
vn -0.557040 0.828879 0.051642
vn -0.551973 -0.316403 0.771502
vn -0.551970 -0.316404 -0.771504
vn -0.550319 -0.004864 -0.834940
vn -0.546275 0.016604 0.837441
vn -0.545498 0.133928 -0.827342
vn -0.545497 0.133928 0.827343
vn -0.543338 0.019440 -0.839289
vn -0.538337 -0.064279 -0.840275
vn -0.511053 0.842941 0.168152
vn -0.511052 0.842941 -0.168156
vn -0.503828 -0.035364 -0.863080
vn -0.503818 -0.035422 0.863083
vn -0.501334 -0.864798 0.028095
vn -0.493332 -0.748662 -0.442865
vn -0.493331 -0.748662 0.442865
vn -0.493331 -0.680779 0.541446
vn -0.493327 -0.680779 -0.541449
vn -0.490483 0.160835 0.856480
vn -0.490449 0.160818 -0.856503
vn -0.483496 -0.875346 0.000000
vn -0.453189 -0.581054 -0.676015
vn -0.453189 -0.581054 0.676015
vn -0.449867 -0.829152 -0.331854
vn -0.449867 -0.829152 0.331854
vn -0.447166 0.071404 0.891596
vn -0.446176 0.070502 -0.892164
vn -0.437836 -0.054120 -0.897425
vn -0.423175 -0.069609 0.903370
vn -0.407449 -0.096506 0.908114
vn -0.405712 -0.097496 -0.908786
vn -0.404816 0.618179 0.673779
vn -0.404815 0.618174 -0.673784
vn -0.377743 -0.925911 0.000000
vn -0.377743 -0.925910 0.000000
vn -0.366538 -0.055107 -0.928770
vn -0.366538 -0.055106 0.928770
vn -0.366537 -0.055106 -0.928770
vn -0.366537 -0.055106 0.928770
vn -0.366203 -0.092968 -0.925879
vn -0.366203 -0.092968 0.925879
vn -0.366202 -0.092968 -0.925879
vn -0.366202 -0.092968 0.925879
vn -0.361428 -0.039581 -0.931560
vn -0.361428 -0.039580 -0.931560
vn -0.361428 -0.039580 0.931560
vn -0.361427 -0.039580 0.931560
vn -0.357745 -0.035147 -0.933158
vn -0.357745 -0.035147 -0.933157
vn -0.357745 -0.035147 0.933158
vn -0.355808 -0.033103 -0.933973
vn -0.355808 -0.033103 -0.933972
vn -0.355808 -0.033103 0.933972
vn -0.355808 -0.033103 0.933973
vn -0.354920 -0.031851 -0.934354
vn -0.354920 -0.031851 0.934354
vn -0.354609 -0.031362 -0.934489
vn -0.354609 -0.031362 0.934489
vn -0.354609 -0.031361 -0.934488
vn -0.354609 -0.031361 0.934488
vn -0.354565 -0.031292 -0.934508
vn -0.354565 -0.031292 -0.934507
vn -0.354565 -0.031292 0.934507
vn -0.354565 -0.031292 0.934508
vn -0.354565 -0.031291 0.934508
vn -0.354563 -0.031408 -0.934504
vn -0.354563 -0.031408 0.934504
vn -0.354552 -0.032195 -0.934482
vn -0.354552 -0.032195 0.934482
vn -0.354526 -0.034153 -0.934422
vn -0.354526 -0.034153 0.934422
vn -0.354483 -0.037300 -0.934318
vn -0.354483 -0.037300 0.934318
vn -0.354483 -0.037299 -0.934318
vn -0.354483 -0.037299 0.934318
vn -0.354424 -0.041355 0.934170
vn -0.354424 -0.041354 -0.934170
vn -0.354424 -0.041354 0.934170
vn -0.354365 -0.045282 -0.934010
vn -0.354365 -0.045282 0.934010
vn -0.354320 -0.048132 0.933885
vn -0.354320 -0.048131 -0.933885
vn -0.354320 -0.048131 0.933885
vn -0.354294 -0.049791 -0.933808
vn -0.354294 -0.049791 0.933808
vn -0.354293 -0.049791 0.933808
vn -0.354281 -0.050588 -0.933770
vn -0.354281 -0.050588 0.933770
vn -0.354260 -0.049984 -0.933810
vn -0.354260 -0.049984 0.933810
vn -0.354238 -0.051839 -0.933717
vn -0.354238 -0.051839 0.933717
vn -0.354097 -0.047144 -0.934020
vn -0.354097 -0.047144 0.934020
vn -0.354077 -0.054823 -0.933608
vn -0.354077 -0.054823 0.933608
vn -0.353864 -0.127982 -0.926499
vn -0.353863 -0.127982 0.926499
vn -0.353849 0.000783 -0.935302
vn -0.353849 0.000783 0.935302
vn -0.353764 -0.059846 -0.933418
vn -0.353764 -0.059846 0.933418
vn -0.353655 -0.040119 -0.934515
vn -0.353655 -0.040119 0.934515
vn -0.353280 -0.431521 0.830050
vn -0.352968 -0.179662 -0.918224
vn -0.352968 -0.051909 0.934194
vn -0.352967 -0.179662 0.918224
vn -0.352966 -0.051909 -0.934195
vn -0.352783 -0.070245 0.933065
vn -0.352739 -0.109391 -0.929305
vn -0.352739 -0.109391 0.929306
vn -0.352735 -0.029615 -0.935255
vn -0.352735 -0.029615 0.935255
vn -0.352671 0.021076 -0.935510
vn -0.352670 0.021076 0.935510
vn -0.352402 -0.072413 -0.933043
vn -0.351210 -0.016903 0.936144
vn -0.350933 -0.017537 -0.936236
vn -0.349193 -0.002813 0.937046
vn -0.348802 -0.874793 -0.336265
vn -0.348802 -0.874793 0.336265
vn -0.348782 0.052672 0.935723
vn -0.348781 0.052672 -0.935723
vn -0.348766 -0.103864 0.931437
vn -0.348553 -0.076618 -0.934152
vn -0.348552 -0.076618 0.934153
vn -0.348200 -0.160383 -0.923599
vn -0.348200 -0.160383 -0.923598
vn -0.348200 -0.160383 0.923598
vn -0.348200 -0.160383 0.923599
vn -0.347649 0.053225 0.936113
vn -0.347648 0.013082 0.937534
vn -0.347223 0.032204 0.937230
vn -0.346822 0.060933 0.935950
vn -0.346304 -0.007628 -0.938091
vn -0.345268 -0.121994 -0.930541
vn -0.344488 -0.198709 0.917520
vn -0.344487 -0.322785 -0.881555
vn -0.344487 -0.322785 0.881554
vn -0.344484 -0.198710 -0.917521
vn -0.340723 -0.190490 0.920664
vn -0.340236 0.096976 0.935326
vn -0.340235 0.096976 -0.935327
vn -0.338203 0.044412 0.940025
vn -0.337006 -0.014837 -0.941386
vn -0.337006 -0.014837 0.941386
vn -0.334913 -0.001973 -0.942247
vn -0.331676 -0.657323 -0.676696
vn -0.331676 -0.657323 0.676696
vn -0.325948 0.144131 -0.934336
vn -0.325947 0.144131 0.934337
vn -0.325697 -0.248721 -0.912173
vn -0.317415 0.529583 -0.786632
vn -0.317412 0.529585 0.786632
vn -0.316976 -0.948433 0.000000
vn -0.314916 -0.520643 -0.793573
vn -0.312770 0.015168 0.949708
vn -0.311971 0.000610 -0.950092
vn -0.309841 0.088044 -0.946703
vn -0.309840 0.088043 0.946704
vn -0.308227 -0.562143 -0.767458
vn -0.308226 -0.562143 0.767458
vn -0.308225 -0.451466 0.837362
vn -0.308224 -0.451467 -0.837362
vn -0.306474 0.181778 -0.934361
vn -0.306473 0.181777 0.934361
vn -0.295944 -0.252764 -0.921155
vn -0.295944 -0.252764 0.921155
vn -0.290500 -0.893293 -0.342983
vn -0.290500 -0.893293 0.342983
vn -0.290499 -0.893293 -0.342982
vn -0.284598 0.206518 -0.936138
vn -0.284597 0.206517 0.936138
vn -0.282916 0.014329 0.959037
vn -0.278847 0.011506 -0.960267
vn -0.276145 0.005209 -0.961102
vn -0.269859 0.278530 -0.921736
vn -0.269858 0.278531 0.921736
vn -0.267179 -0.961364 0.066300
vn -0.267178 -0.961364 -0.066300
vn -0.265145 0.223973 -0.937835
vn -0.265144 0.223974 0.937835
vn -0.262089 -0.820955 0.507289
vn -0.262088 -0.820955 -0.507289
vn -0.262087 -0.743545 0.615184
vn -0.262087 -0.743543 -0.615187
vn -0.256777 -0.947194 -0.192064
vn -0.256777 -0.947194 0.192066
vn -0.256777 -0.911861 0.320273
vn -0.256775 -0.911860 -0.320278
vn -0.255638 -0.015331 0.966651
vn -0.249484 -0.686528 0.682962
vn -0.249483 -0.686528 -0.682962
vn -0.249483 -0.686528 0.682962
vn -0.248867 -0.968538 0.000000
vn -0.246314 0.086576 -0.965315
vn -0.245044 0.292234 -0.924420
vn -0.245043 0.292234 0.924420
vn -0.242925 0.898183 -0.366409
vn -0.242900 0.898176 0.366443
vn -0.241776 -0.066550 0.968047
vn -0.240505 0.028503 -0.970229
vn -0.236297 -0.062361 -0.969678
vn -0.236207 -0.349556 -0.906651
vn -0.235821 -0.349488 0.906778
vn -0.235249 0.030760 -0.971448
vn -0.228261 0.069699 -0.971102
vn -0.223001 -0.910699 -0.347703
vn -0.223001 -0.910699 0.347703
vn -0.215251 -0.329734 -0.919208
vn -0.215251 -0.329734 0.919208
vn -0.215251 -0.329733 -0.919208
vn -0.210812 0.182080 0.960419
vn -0.210183 0.181313 -0.960702
vn -0.201200 -0.693439 -0.691854
vn -0.201200 -0.693439 -0.691853
vn -0.201200 -0.693439 0.691853
vn -0.201200 -0.693439 0.691854
vn -0.143868 -0.365840 -0.919491
vn -0.143868 -0.365840 0.919491
vn -0.137918 -0.704797 -0.695874
vn -0.137918 -0.704797 0.695874
vn -0.137284 -0.014609 -0.990424
vn -0.136927 -0.436765 0.889094
vn -0.136920 -0.436770 -0.889092
vn -0.135822 -0.020847 0.990514
vn -0.129982 0.087978 0.987605
vn -0.127141 0.085110 -0.988226
vn -0.099419 -0.158181 -0.982392
vn -0.096900 -0.373020 -0.922750
vn -0.096900 -0.373020 -0.922749
vn -0.096900 -0.373020 0.922749
vn -0.093308 -0.995637 0.000000
vn -0.093259 -0.157379 0.983125
vn -0.069757 -0.936513 -0.343623
vn -0.069757 -0.936513 0.343623
vn -0.067539 -0.369374 -0.926823
vn -0.067539 -0.369374 0.926823
vn -0.067539 -0.369373 0.926823
vn -0.025945 0.938746 0.343633
vn -0.025941 0.938746 -0.343632
vn -0.023907 0.026935 0.999351
vn -0.020336 0.024464 -0.999494
vn -0.013640 -0.378153 -0.925642
vn -0.013639 -0.378153 -0.925642
vn -0.013639 -0.378153 0.925642
vn -0.013639 -0.378153 0.925643
vn -0.007192 -0.038328 -0.999239
vn -0.005520 -0.038756 0.999233
vn -0.000004 -0.767725 -0.640780
vn -0.000002 -0.997630 0.068802
vn -0.000002 -0.979745 -0.200247
vn -0.000002 -0.464310 -0.885673
vn -0.000002 0.246514 -0.969139
vn -0.000002 0.999066 -0.043212
vn -0.000002 0.999490 -0.031945
vn -0.000002 1.000000 0.000001
vn -0.000001 -0.942980 -0.332849
vn -0.000001 -0.848422 0.529320
vn -0.000001 -0.581499 0.813547
vn -0.000001 -0.409243 0.912425
vn -0.000001 -0.326143 0.945320
vn -0.000001 -0.001170 0.999999
vn -0.000001 0.228508 -0.973542
vn -0.000001 0.300920 -0.953649
vn -0.000001 0.353796 -0.935323
vn -0.000001 0.667944 -0.744212
vn -0.000001 0.999844 -0.017641
vn -0.000001 0.999844 0.017641
vn 0.000000 -0.221531 -0.975153
vn 0.000000 -0.193283 -0.981143
vn 0.000000 -0.193283 0.981143
vn 0.000000 -0.182441 -0.983217
vn 0.000000 -0.182441 0.983217
vn 0.000000 -0.172340 0.985038
vn 0.000000 -0.131379 -0.991332
vn 0.000000 -0.131379 0.991332
vn 0.000000 -0.113482 -0.993540
vn 0.000000 -0.110989 -0.993822
vn 0.000000 -0.110989 0.993822
vn 0.000000 -0.098080 0.995179
vn 0.000000 -0.072960 -0.997335
vn 0.000000 -0.072960 0.997335
vn 0.000000 -0.070977 -0.997478
vn 0.000000 -0.069173 0.997605
vn 0.000000 -0.059354 -0.998237
vn 0.000000 -0.059354 0.998237
vn 0.000000 -0.054251 -0.998527
vn 0.000000 -0.054251 0.998527
vn 0.000000 -0.051236 -0.998687
vn 0.000000 -0.051236 0.998687
vn 0.000000 -0.049978 -0.998750
vn 0.000000 -0.049978 0.998750
vn 0.000000 -0.049334 -0.998782
vn 0.000000 -0.049334 0.998782
vn 0.000000 -0.049186 -0.998790
vn 0.000000 -0.049186 0.998790
vn 0.000000 -0.047547 -0.998869
vn 0.000000 -0.047547 0.998869
vn 0.000000 -0.047546 -0.998869
vn 0.000000 -0.047546 0.998869
vn 0.000000 -0.046230 -0.998931
vn 0.000000 -0.046230 0.998931
vn 0.000000 -0.045739 -0.998953
vn 0.000000 -0.045739 0.998953
vn 0.000000 -0.044731 -0.998999
vn 0.000000 -0.044731 0.998999
vn 0.000000 -0.040851 -0.999165
vn 0.000000 -0.040851 0.999165
vn 0.000000 -0.038593 -0.999255
vn 0.000000 -0.038593 0.999255
vn 0.000000 -0.036846 -0.999321
vn 0.000000 -0.036846 0.999321
vn 0.000000 -0.036845 -0.999321
vn 0.000000 -0.036845 0.999321
vn 0.000000 -0.033738 -0.999431
vn 0.000000 -0.033738 0.999431
vn 0.000000 -0.031804 -0.999494
vn 0.000000 -0.031804 0.999494
vn 0.000000 -0.031027 -0.999519
vn 0.000000 -0.031027 0.999519
vn 0.000000 -0.031026 -0.999519
vn 0.000000 -0.031026 0.999519
vn 0.000000 -0.030912 -0.999522
vn 0.000000 -0.030912 0.999522
vn 0.000000 -0.027223 -0.999629
vn 0.000000 -0.027223 0.999629
vn 0.000000 -0.013899 -0.999903
vn 0.000000 -0.013431 0.999910
vn 0.000000 -0.001160 -0.999999
vn 0.000000 0.002399 0.999997
vn 0.000000 0.006338 -0.999980
vn 0.000000 0.006338 0.999980
vn 0.000000 0.010028 -0.999950
vn 0.000000 0.020931 -0.999781
vn 0.000000 0.021274 0.999774
vn 0.000000 0.023232 0.999730
vn 0.000000 0.025287 0.999680
vn 0.000000 0.028284 -0.999600
vn 0.000000 0.028284 0.999600
vn 0.000000 0.029163 -0.999575
vn 0.000000 0.034863 -0.999392
vn 0.000000 0.045030 0.998986
vn 0.000000 0.049394 0.998779
vn 0.000000 0.052893 -0.998600
vn 0.000000 0.055537 0.998457
vn 0.000000 0.056070 -0.998427
vn 0.000000 0.060085 -0.998193
vn 0.000000 0.063657 -0.997972
vn 0.000000 0.063657 0.997972
vn 0.000000 0.072680 0.997355
vn 0.000000 0.075975 0.997110
vn 0.000000 0.087584 0.996157
vn 0.000000 0.092020 -0.995757
vn 0.000000 0.095177 -0.995460
vn 0.000000 0.110708 -0.993853
vn 0.000000 0.112527 -0.993649
vn 0.000000 0.112527 0.993649
vn 0.000000 0.113106 0.993583
vn 0.000000 0.118459 -0.992959
vn 0.000000 0.118459 0.992959
vn 0.000000 0.163446 -0.986552
vn 0.000000 0.163446 0.986552
vn 0.000000 0.203107 -0.979157
vn 0.000000 0.203107 0.979157
vn 0.000000 0.214511 -0.976721
vn 0.000000 0.215092 0.976594
vn 0.000000 0.570356 0.821398
vn 0.000000 0.570357 -0.821397
vn 0.000000 0.667944 0.744212
vn 0.000000 0.966799 -0.255539
vn 0.000000 0.966799 0.255539
vn 0.000000 0.969199 -0.246279
vn 0.000000 0.969199 0.246279
vn 0.000001 -0.999624 0.027421
vn 0.000001 -0.942980 0.332849
vn 0.000001 -0.848422 -0.529320
vn 0.000001 -0.581499 -0.813547
vn 0.000001 -0.477491 -0.878636
vn 0.000001 -0.326143 -0.945320
vn 0.000001 -0.001170 -0.999999
vn 0.000001 0.228508 0.973542
vn 0.000001 0.246514 0.969139
vn 0.000001 0.300920 0.953649
vn 0.000001 0.353796 0.935323
vn 0.000001 0.999066 0.043211
vn 0.000002 -0.997630 -0.068802
vn 0.000002 -0.979745 0.200247
vn 0.000002 -0.464310 0.885673
vn 0.000002 0.999490 0.031945
vn 0.000004 -0.767725 0.640780
vn 0.000010 -0.030930 -0.999522
vn 0.000010 -0.030930 0.999522
vn 0.000105 -0.031060 -0.999518
vn 0.000105 -0.031060 0.999518
vn 0.000480 -0.031405 -0.999507
vn 0.000480 -0.031405 0.999507
vn 0.000480 -0.031404 -0.999507
vn 0.000480 -0.031404 0.999507
vn 0.001453 -0.032008 -0.999487
vn 0.001453 -0.032008 0.999487
vn 0.002998 -0.033054 -0.999449
vn 0.002998 -0.033054 0.999449
vn 0.002999 -0.033054 -0.999449
vn 0.004011 -0.035113 -0.999375
vn 0.004011 -0.035112 -0.999375
vn 0.004011 -0.035112 0.999375
vn 0.005521 -0.038756 0.999233
vn 0.005661 -0.039060 -0.999221
vn 0.005661 -0.039060 0.999221
vn 0.005662 -0.039060 -0.999221
vn 0.007192 -0.038328 -0.999239
vn 0.008447 -0.045898 -0.998910
vn 0.008447 -0.045898 0.998910
vn 0.009199 -0.731346 -0.681945
vn 0.009199 -0.731346 0.681945
vn 0.016533 -0.055713 0.998310
vn 0.016533 -0.055712 -0.998310
vn 0.016533 -0.055712 0.998310
vn 0.016534 -0.055712 -0.998310
vn 0.020336 0.024464 -0.999494
vn 0.023907 0.026935 0.999351
vn 0.025941 0.938746 0.343632
vn 0.025945 0.938746 -0.343633
vn 0.033532 -0.056595 -0.997834
vn 0.033532 -0.056595 0.997834
vn 0.033533 -0.056595 0.997834
vn 0.045794 -0.046821 -0.997853
vn 0.045794 -0.046821 0.997853
vn 0.045794 -0.046820 -0.997853
vn 0.045794 -0.046820 0.997853
vn 0.051953 -0.035374 -0.998023
vn 0.051953 -0.035374 0.998023
vn 0.051954 -0.035375 -0.998023
vn 0.051954 -0.035374 0.998023
vn 0.061090 -0.029024 -0.997710
vn 0.061091 -0.029024 -0.997710
vn 0.061091 -0.029024 0.997710
vn 0.061091 -0.029023 0.997710
vn 0.093258 -0.157379 0.983125
vn 0.099416 -0.158180 -0.982393
vn 0.107443 -0.041330 -0.993352
vn 0.107443 -0.041330 0.993352
vn 0.107444 -0.041330 -0.993352
vn 0.107444 -0.041330 0.993352
vn 0.125553 -0.411991 -0.902497
vn 0.125553 -0.411991 0.902496
vn 0.125553 -0.411991 0.902497
vn 0.125554 -0.411991 -0.902496
vn 0.127141 0.085110 -0.988226
vn 0.129982 0.087978 0.987606
vn 0.135822 -0.020847 0.990514
vn 0.136921 -0.436770 0.889092
vn 0.136931 -0.436764 -0.889093
vn 0.137284 -0.014609 -0.990424
vn 0.175782 0.319864 0.931014
vn 0.175782 0.319865 -0.931014
vn 0.175783 0.319864 -0.931014
vn 0.175783 0.319864 0.931014
vn 0.182255 0.316193 -0.931024
vn 0.182255 0.316193 0.931024
vn 0.203825 -0.979007 0.000000
vn 0.204212 -0.928375 -0.310510
vn 0.204212 -0.928375 0.310510
vn 0.204213 -0.928375 -0.310510
vn 0.204213 -0.928375 0.310510
vn 0.210182 0.181313 -0.960702
vn 0.210812 0.182081 0.960419
vn 0.218631 0.288813 -0.932088
vn 0.218631 0.288813 0.932088
vn 0.222150 0.299299 -0.927938
vn 0.222150 0.299299 0.927938
vn 0.222150 0.299300 -0.927938
vn 0.228261 0.069700 -0.971102
vn 0.235249 0.030760 -0.971448
vn 0.235825 -0.349487 0.906778
vn 0.236204 -0.349555 -0.906653
vn 0.236296 -0.062361 -0.969678
vn 0.240505 0.028503 -0.970229
vn 0.241775 -0.066550 0.968047
vn 0.241876 -0.084811 -0.966593
vn 0.241876 -0.084811 0.966594
vn 0.242900 0.898176 -0.366443
vn 0.242925 0.898183 0.366409
vn 0.245043 0.292234 -0.924420
vn 0.245044 0.292234 0.924420
vn 0.246314 0.086576 -0.965315
vn 0.251985 -0.742476 0.620672
vn 0.251985 -0.742475 -0.620672
vn 0.251985 -0.742475 0.620672
vn 0.251986 -0.742475 -0.620672
vn 0.255638 -0.015331 0.966651
vn 0.256775 -0.911860 0.320278
vn 0.256777 -0.947194 -0.192066
vn 0.256777 -0.947194 0.192064
vn 0.256777 -0.911861 -0.320273
vn 0.262087 -0.743545 -0.615184
vn 0.262087 -0.743543 0.615187
vn 0.262088 -0.820955 0.507289
vn 0.262089 -0.820955 -0.507289
vn 0.265145 0.223973 0.937835
vn 0.265145 0.223974 -0.937835
vn 0.267178 -0.961364 0.066300
vn 0.267179 -0.961364 -0.066300
vn 0.269858 0.278530 0.921736
vn 0.269859 0.278531 -0.921736
vn 0.270563 0.665124 -0.695992
vn 0.270563 0.665124 0.695992
vn 0.270563 0.665125 -0.695992
vn 0.274833 0.226702 -0.934384
vn 0.274833 0.226702 0.934384
vn 0.274833 0.226703 -0.934384
vn 0.276145 0.005209 -0.961102
vn 0.278847 0.011506 -0.960267
vn 0.282792 0.664798 -0.691428
vn 0.282792 0.664798 -0.691427
vn 0.282792 0.664798 0.691428
vn 0.282917 0.014329 0.959037
vn 0.284597 0.206517 -0.936138
vn 0.284598 0.206518 0.936138
vn 0.306473 0.181777 -0.934361
vn 0.306474 0.181778 0.934361
vn 0.308224 -0.451467 0.837362
vn 0.308225 -0.451466 -0.837362
vn 0.308226 -0.562143 -0.767458
vn 0.308227 -0.562143 0.767458
vn 0.309839 0.088043 -0.946704
vn 0.309841 0.088044 0.946703
vn 0.311971 0.000610 -0.950092
vn 0.312770 0.015168 0.949708
vn 0.314917 -0.520643 -0.793573
vn 0.317412 0.529586 -0.786631
vn 0.317414 0.529582 0.786633
vn 0.317858 0.883500 0.344083
vn 0.317858 0.883501 -0.344083
vn 0.317858 0.883501 0.344083
vn 0.317859 0.883500 -0.344083
vn 0.325475 0.636960 -0.698819
vn 0.325475 0.636960 0.698819
vn 0.325697 -0.248721 -0.912173
vn 0.325947 0.144131 -0.934337
vn 0.325947 0.144131 0.934336
vn 0.326265 0.882806 0.337941
vn 0.326265 0.882807 -0.337941
vn 0.326265 0.882807 0.337941
vn 0.327757 0.944762 0.000000
vn 0.332251 0.135096 -0.933466
vn 0.332251 0.135096 0.933466
vn 0.332252 0.135095 -0.933466
vn 0.332252 0.135096 0.933466
vn 0.333086 0.942896 0.000000
vn 0.334913 -0.001973 -0.942247
vn 0.337006 -0.014837 -0.941386
vn 0.337006 -0.014837 0.941386
vn 0.338202 0.044412 0.940025
vn 0.340235 0.096976 0.935327
vn 0.340236 0.096976 -0.935326
vn 0.340723 -0.190490 0.920664
vn 0.344484 -0.198710 0.917521
vn 0.344487 -0.322785 -0.881554
vn 0.344487 -0.322785 0.881555
vn 0.344488 -0.198709 -0.917520
vn 0.345268 -0.121994 -0.930541
vn 0.346305 -0.007627 -0.938091
vn 0.346822 0.060933 0.935950
vn 0.347223 0.032204 0.937230
vn 0.347649 0.013082 0.937534
vn 0.347650 0.053225 0.936112
vn 0.348552 -0.076618 -0.934153
vn 0.348553 -0.076618 0.934152
vn 0.348766 -0.103864 0.931437
vn 0.348781 0.052672 0.935723
vn 0.348782 0.052672 -0.935723
vn 0.349194 -0.002813 0.937046
vn 0.350933 -0.017537 -0.936236
vn 0.351210 -0.016903 0.936144
vn 0.352403 -0.072413 -0.933043
vn 0.352670 0.021076 -0.935510
vn 0.352671 0.021076 0.935510
vn 0.352735 -0.029615 -0.935255
vn 0.352735 -0.029615 0.935255
vn 0.352739 -0.109391 -0.929306
vn 0.352739 -0.109391 0.929305
vn 0.352783 -0.070245 0.933065
vn 0.352966 -0.051909 0.934195
vn 0.352967 -0.179662 -0.918224
vn 0.352967 -0.179662 0.918224
vn 0.352968 -0.051909 -0.934194
vn 0.353279 -0.431520 0.830051
vn 0.353655 -0.040119 -0.934515
vn 0.353655 -0.040119 0.934515
vn 0.353764 -0.059846 -0.933418
vn 0.353764 -0.059846 0.933418
vn 0.353849 0.000783 -0.935302
vn 0.353850 0.000783 0.935302
vn 0.353863 -0.127982 -0.926499
vn 0.353863 -0.127982 0.926499
vn 0.354077 -0.054823 -0.933608
vn 0.354077 -0.054823 0.933608
vn 0.354097 -0.047144 -0.934020
vn 0.354097 -0.047144 0.934020
vn 0.354238 -0.051839 -0.933717
vn 0.354238 -0.051839 0.933717
vn 0.354260 -0.049984 -0.933810
vn 0.354260 -0.049984 0.933810
vn 0.354281 -0.050588 -0.933770
vn 0.354281 -0.050588 0.933770
vn 0.354293 -0.049791 -0.933808
vn 0.354294 -0.049791 -0.933808
vn 0.354294 -0.049791 0.933808
vn 0.354320 -0.048132 -0.933885
vn 0.354320 -0.048131 -0.933885
vn 0.354320 -0.048131 0.933885
vn 0.354365 -0.045282 -0.934010
vn 0.354365 -0.045282 0.934010
vn 0.354424 -0.041355 -0.934170
vn 0.354424 -0.041354 -0.934170
vn 0.354424 -0.041354 0.934170
vn 0.354483 -0.037300 -0.934318
vn 0.354483 -0.037300 0.934318
vn 0.354483 -0.037299 -0.934318
vn 0.354483 -0.037299 0.934318
vn 0.354526 -0.034153 -0.934422
vn 0.354526 -0.034153 0.934422
vn 0.354552 -0.032195 -0.934482
vn 0.354552 -0.032195 0.934482
vn 0.354563 -0.031408 -0.934504
vn 0.354563 -0.031408 0.934504
vn 0.354565 -0.031292 -0.934508
vn 0.354565 -0.031292 -0.934507
vn 0.354565 -0.031292 0.934507
vn 0.354565 -0.031292 0.934508
vn 0.354565 -0.031291 -0.934508
vn 0.354627 -0.031401 -0.934480
vn 0.354627 -0.031401 0.934480
vn 0.355109 -0.032187 -0.934271
vn 0.355109 -0.032187 0.934271
vn 0.355109 -0.032186 -0.934271
vn 0.355110 -0.032187 0.934270
vn 0.355222 0.243578 0.902489
vn 0.355223 0.243578 -0.902489
vn 0.355223 0.243578 0.902489
vn 0.356712 -0.034301 -0.933585
vn 0.356712 -0.034301 0.933585
vn 0.358097 0.626650 0.692153
vn 0.358097 0.626651 -0.692153
vn 0.358097 0.626651 0.692153
vn 0.360632 -0.038114 -0.931929
vn 0.360632 -0.038114 0.931929
vn 0.360633 -0.038114 -0.931929
vn 0.360633 -0.038114 0.931929
vn 0.367873 -0.042438 -0.928907
vn 0.367873 -0.042438 0.928907
vn 0.367873 -0.042437 -0.928907
vn 0.370983 -0.453675 -0.810278
vn 0.370983 -0.453675 0.810278
vn 0.370983 -0.453674 -0.810278
vn 0.370984 -0.453674 0.810278
vn 0.372559 0.047082 -0.926813
vn 0.372559 0.047082 0.926813
vn 0.376665 -0.038030 -0.925569
vn 0.376665 -0.038030 0.925569
vn 0.382750 -0.011588 -0.923779
vn 0.382750 -0.011588 0.923779
vn 0.382868 0.855178 0.349402
vn 0.382869 0.855178 -0.349402
vn 0.382869 0.855178 0.349402
vn 0.396799 0.917906 0.000000
vn 0.404815 0.618174 0.673785
vn 0.404815 0.618176 -0.673783
vn 0.405711 -0.097496 -0.908787
vn 0.407450 -0.096506 0.908114
vn 0.422124 0.841619 0.336880
vn 0.422124 0.841620 -0.336880
vn 0.422124 0.841620 0.336880
vn 0.423175 -0.069609 0.903370
vn 0.433427 0.901189 0.000000
vn 0.437836 -0.054120 -0.897424
vn 0.446175 0.070502 -0.892164
vn 0.447166 0.071405 0.891597
vn 0.461957 0.566695 -0.682241
vn 0.461957 0.566695 0.682241
vn 0.488484 -0.164904 -0.856849
vn 0.488484 -0.164904 0.856849
vn 0.488484 -0.164903 0.856849
vn 0.490452 0.160820 -0.856501
vn 0.490480 0.160835 0.856482
vn 0.493327 -0.680779 0.541449
vn 0.493331 -0.748662 -0.442865
vn 0.493331 -0.680779 -0.541446
vn 0.493332 -0.748662 0.442865
vn 0.494328 0.514635 -0.700565
vn 0.494328 0.514635 0.700565
vn 0.501335 -0.864797 0.028096
vn 0.503813 -0.035424 0.863086
vn 0.503834 -0.035360 -0.863077
vn 0.510670 -0.698986 -0.500635
vn 0.510670 -0.698986 0.500635
vn 0.510670 -0.698985 -0.500635
vn 0.510670 -0.698985 0.500635
vn 0.511052 0.842941 0.168156
vn 0.511053 0.842941 -0.168154
vn 0.526100 0.777672 0.344157
vn 0.526100 0.777673 -0.344157
vn 0.538337 -0.064279 -0.840274
vn 0.543337 0.019440 -0.839290
vn 0.543779 0.839228 0.000000
vn 0.545497 0.133929 0.827343
vn 0.545498 0.133928 -0.827342
vn 0.546276 0.016604 0.837441
vn 0.550319 -0.004864 -0.834940
vn 0.551970 -0.316404 -0.771503
vn 0.551971 -0.316403 0.771503
vn 0.554038 -0.788756 -0.266280
vn 0.554038 -0.788756 0.266280
vn 0.557040 0.828879 -0.051642
vn 0.557040 0.828879 0.051642
vn 0.562570 -0.764217 0.315416
vn 0.562572 -0.764216 -0.315414
vn 0.562574 -0.800279 0.207519
vn 0.562575 -0.800278 -0.207519
vn 0.571265 -0.820766 0.000000
vn 0.572806 0.117771 -0.811186
vn 0.573536 0.134043 -0.808139
vn 0.573536 0.134043 0.808139
vn 0.573537 0.134043 -0.808139
vn 0.573537 0.134044 0.808139
vn 0.573751 0.117665 0.810534
vn 0.586440 -0.808073 0.055727
vn 0.586442 -0.808072 -0.055728
vn 0.590102 0.806158 -0.043450
vn 0.590102 0.806158 0.043450
vn 0.592735 -0.077400 -0.801670
vn 0.594114 0.123954 0.794773
vn 0.594115 0.123955 -0.794772
vn 0.599376 -0.128957 -0.790012
vn 0.600045 -0.128494 0.789579
vn 0.602010 0.128701 -0.788048
vn 0.602010 0.128701 0.788048
vn 0.603269 0.137933 0.785519
vn 0.603339 0.137934 -0.785466
vn 0.607170 0.794396 0.016704
vn 0.607171 0.794396 -0.016705
vn 0.612391 0.790555 0.000001
vn 0.615800 -0.447974 0.648158
vn 0.615801 -0.532711 -0.580524
vn 0.615802 -0.532711 0.580523
vn 0.615803 -0.447973 -0.648157
vn 0.619225 0.705562 -0.344590
vn 0.619225 0.705562 0.344590
vn 0.640730 0.314217 0.700523
vn 0.640731 0.314217 -0.700523
vn 0.642699 0.111712 -0.757930
vn 0.642699 0.111712 0.757930
vn 0.649089 -0.054055 -0.758789
vn 0.649813 0.760094 0.000000
vn 0.651562 0.027854 -0.758084
vn 0.651864 -0.498368 -0.571579
vn 0.651865 -0.498368 0.571578
vn 0.651865 -0.498367 0.571579
vn 0.656309 0.432485 -0.618236
vn 0.656309 0.432485 0.618235
vn 0.656309 0.432485 0.618236
vn 0.660360 0.012338 -0.750848
vn 0.660360 0.012339 0.750848
vn 0.671106 0.083777 -0.736612
vn 0.671107 0.083777 0.736612
vn 0.681319 -0.034121 -0.731191
vn 0.682203 -0.215488 0.698687
vn 0.682204 -0.309363 -0.662489
vn 0.682204 -0.309363 0.662489
vn 0.682205 -0.215487 -0.698686
vn 0.688077 -0.045956 -0.724181
vn 0.688077 -0.045956 0.724181
vn 0.688423 0.458377 0.562107
vn 0.688445 0.458389 -0.562070
vn 0.689313 0.049758 -0.722753
vn 0.689313 0.049758 0.722753
vn 0.690579 -0.033134 0.722497
vn 0.690833 -0.017234 -0.722809
vn 0.691482 -0.008179 0.722347
vn 0.692531 -0.009677 0.721323
vn 0.695394 -0.015337 0.718465
vn 0.695447 -0.013476 0.718451
vn 0.696084 -0.025538 -0.717506
vn 0.698896 -0.019050 0.714969
vn 0.699522 0.019494 0.714345
vn 0.699523 0.019494 -0.714344
vn 0.699864 -0.081520 0.709609
vn 0.699864 -0.081519 -0.709609
vn 0.700947 -0.072142 0.709555
vn 0.700952 -0.072141 -0.709550
vn 0.701886 -0.027892 -0.711743
vn 0.702111 -0.027048 0.711554
vn 0.702155 -0.069540 -0.708620
vn 0.702155 -0.069540 0.708621
vn 0.702156 -0.166160 -0.692364
vn 0.702156 -0.166159 0.692364
vn 0.702902 -0.031431 0.710592
vn 0.704077 -0.001195 -0.710122
vn 0.704077 -0.001195 0.710122
vn 0.704168 -0.036115 -0.709114
vn 0.704168 -0.036115 0.709114
vn 0.704256 -0.100444 -0.702804
vn 0.704256 -0.100444 0.702804
vn 0.705319 -0.016681 -0.708694
vn 0.705320 -0.016681 0.708693
vn 0.705343 -0.114101 -0.699623
vn 0.705343 -0.114101 0.699623
vn 0.705343 -0.043809 -0.707511
vn 0.705343 -0.043809 0.707511
vn 0.705715 -0.071961 -0.704832
vn 0.705818 -0.069529 0.704973
vn 0.705883 -0.059480 -0.705827
vn 0.705883 -0.059480 0.705827
vn 0.705913 -0.048896 -0.706609
vn 0.705913 -0.048896 0.706609
vn 0.706063 -0.055119 -0.706001
vn 0.706063 -0.055119 0.706001
vn 0.706106 -0.125374 -0.696918
vn 0.706143 -0.050913 -0.706237
vn 0.706143 -0.050913 0.706237
vn 0.706165 -0.052495 -0.706099
vn 0.706165 -0.052495 0.706099
vn 0.706180 -0.051375 -0.706166
vn 0.706180 -0.051375 0.706166
vn 0.706201 -0.050587 -0.706202
vn 0.706201 -0.050587 0.706201
vn 0.706201 -0.050587 0.706202
vn 0.706261 -0.048902 -0.706261
vn 0.706261 -0.048902 0.706261
vn 0.706358 -0.046007 -0.706358
vn 0.706358 -0.046007 0.706358
vn 0.706482 -0.042018 -0.706482
vn 0.706482 -0.042018 0.706482
vn 0.706483 -0.042018 -0.706482
vn 0.706599 -0.037898 -0.706599
vn 0.706599 -0.037898 0.706599
vn 0.706681 -0.034701 -0.706681
vn 0.706681 -0.034701 0.706681
vn 0.706681 -0.034700 -0.706681
vn 0.706728 -0.032711 0.706728
vn 0.706729 -0.032711 -0.706728
vn 0.706729 -0.032711 0.706728
vn 0.706747 -0.031911 -0.706747
vn 0.706747 -0.031911 0.706747
vn 0.706749 -0.031793 -0.706749
vn 0.706749 -0.031793 0.706749
vn 0.706749 -0.031792 -0.706749
vn 0.706749 -0.031792 0.706749
vn 0.706750 -0.031793 -0.706749
vn 0.706750 -0.031793 0.706749
vn 0.706810 -0.032102 -0.706675
vn 0.706810 -0.032102 0.706674
vn 0.706810 -0.032102 0.706675
vn 0.707272 -0.034334 -0.706107
vn 0.707272 -0.034334 0.706107
vn 0.707272 -0.034333 0.706107
vn 0.707523 -0.106009 0.698694
vn 0.707866 -0.256902 -0.657972
vn 0.708767 -0.040370 -0.704287
vn 0.708767 -0.040370 0.704286
vn 0.708767 -0.040370 0.704287
vn 0.712417 -0.051342 -0.699876
vn 0.712417 -0.051342 0.699875
vn 0.712417 -0.051342 0.699876
vn 0.714102 -0.044569 0.698621
vn 0.717142 -0.197430 0.668378
vn 0.719349 -0.065140 0.691587
vn 0.719349 -0.065139 -0.691588
vn 0.719349 -0.065139 0.691588
vn 0.719350 -0.065139 -0.691587
vn 0.722783 0.109757 -0.682304
vn 0.722783 0.109757 0.682304
vn 0.727572 -0.055719 0.683765
vn 0.729076 -0.062600 -0.681563
vn 0.729076 -0.062600 0.681563
vn 0.729077 -0.062600 -0.681563
vn 0.729077 -0.062600 0.681563
vn 0.730323 -0.475549 -0.490390
vn 0.731496 0.607516 -0.309576
vn 0.731496 0.607516 0.309576
vn 0.737471 -0.014045 -0.675233
vn 0.737471 -0.014045 -0.675232
vn 0.737471 -0.014045 0.675232
vn 0.737471 -0.014045 0.675233
vn 0.756060 -0.388247 0.526914
vn 0.761748 0.647873 0.000000
vn 0.761772 -0.254327 -0.595837
vn 0.761772 -0.254327 0.595837
vn 0.788553 -0.006102 -0.614936
vn 0.797538 -0.542970 -0.262903
vn 0.797538 -0.542970 0.262902
vn 0.797538 -0.542970 0.262903
vn 0.797538 -0.542969 -0.262902
vn 0.804316 -0.485598 -0.342447
vn 0.804316 -0.485598 0.342447
vn 0.804316 -0.179519 -0.566435
vn 0.804317 -0.528010 -0.272543
vn 0.804317 -0.528010 0.272544
vn 0.821251 0.006302 0.570532
vn 0.821251 0.006303 -0.570532
vn 0.821251 0.006303 0.570532
vn 0.821252 0.006302 -0.570532
vn 0.823504 -0.229987 -0.518601
vn 0.823528 -0.230055 0.518532
vn 0.825678 -0.564142 0.000000
vn 0.825678 -0.564141 0.000000
vn 0.826847 -0.113246 -0.550908
vn 0.828551 0.558633 0.037850
vn 0.828570 0.558614 -0.037704
vn 0.829783 0.249378 -0.499270
vn 0.829783 0.249378 0.499271
vn 0.829783 0.249379 0.499270
vn 0.836572 0.425285 0.345368
vn 0.836573 0.425285 -0.345368
vn 0.847671 0.526975 -0.061238
vn 0.847699 0.526928 0.061268
vn 0.851628 -0.522904 0.036061
vn 0.851629 -0.522903 -0.036061
vn 0.852601 -0.165727 -0.495587
vn 0.859587 -0.006552 -0.510947
vn 0.859587 -0.006552 0.510947
vn 0.860241 0.209043 -0.465067
vn 0.863235 0.209088 0.459464
vn 0.863264 0.503530 -0.035107
vn 0.863275 0.503513 0.035094
vn 0.870201 0.492539 -0.012473
vn 0.870201 0.492540 0.012468
vn 0.872205 0.489141 0.000000
vn 0.890076 -0.455540 0.015752
vn 0.890550 0.454886 0.000000
vn 0.896678 -0.110799 -0.428593
vn 0.901674 -0.284449 0.325689
vn 0.901674 -0.284448 -0.325688
vn 0.901674 -0.237047 -0.361654
vn 0.901674 -0.237046 0.361653
vn 0.901809 0.008610 -0.432049
vn 0.901809 0.008610 0.432049
vn 0.906082 -0.066073 -0.417911
vn 0.908203 -0.049334 0.415613
vn 0.908204 -0.049334 -0.415610
vn 0.908444 -0.092935 0.407545
vn 0.908668 -0.105001 0.404101
vn 0.912353 -0.304118 -0.274089
vn 0.912353 -0.304118 0.274090
vn 0.912353 -0.304117 -0.274089
vn 0.912353 -0.304117 0.274089
vn 0.914403 0.094605 -0.393595
vn 0.915927 -0.071970 0.394840
vn 0.917789 0.294867 -0.265925
vn 0.917789 0.294867 0.265925
vn 0.917789 0.294868 -0.265925
vn 0.917789 0.294868 0.265926
vn 0.918162 0.086314 0.386689
vn 0.918750 0.002761 -0.394830
vn 0.918750 0.002761 0.394830
vn 0.919041 -0.068663 -0.388136
vn 0.920868 -0.096907 0.377639
vn 0.921428 -0.052711 -0.384956
vn 0.921428 -0.052711 0.384957
vn 0.923638 -0.053395 0.379529
vn 0.924321 0.003626 0.381598
vn 0.926960 -0.011000 -0.375000
vn 0.926960 -0.011000 0.374999
vn 0.928353 -0.046216 -0.368815
vn 0.928409 -0.140071 -0.344147
vn 0.928409 -0.140071 0.344147
vn 0.928409 -0.091500 -0.360117
vn 0.928409 -0.091500 0.360116
vn 0.928663 -0.065934 -0.365018
vn 0.928663 -0.065934 0.365018
vn 0.928855 -0.041959 0.368059
vn 0.931046 -0.023094 0.364170
vn 0.931047 -0.023094 -0.364169
vn 0.931650 -0.039817 0.361168
vn 0.931657 -0.040338 -0.361093
vn 0.931760 -0.075708 0.355095
vn 0.931760 -0.075707 -0.355094
vn 0.931872 -0.197160 -0.304537
vn 0.932739 -0.030876 0.359227
vn 0.932740 -0.030876 -0.359226
vn 0.932832 -0.043318 -0.357698
vn 0.932832 -0.043318 0.357698
vn 0.932863 -0.040654 -0.357929
vn 0.932863 -0.040654 0.357929
vn 0.932879 -0.089563 -0.348876
vn 0.932880 -0.089562 0.348876
vn 0.932910 -0.081014 -0.350879
vn 0.932910 -0.081014 0.350879
vn 0.933065 0.024887 -0.358845
vn 0.933398 -0.046997 -0.355753
vn 0.933398 -0.046997 0.355752
vn 0.933657 -0.049385 -0.354748
vn 0.933657 -0.049385 0.354748
vn 0.933762 -0.050276 -0.354347
vn 0.933762 -0.050276 0.354347
vn 0.933782 -0.050512 -0.354258
vn 0.933782 -0.050512 0.354258
vn 0.933803 -0.051227 -0.354102
vn 0.933803 -0.051227 0.354102
vn 0.933808 -0.049791 -0.354294
vn 0.933808 -0.049791 0.354294
vn 0.933842 -0.052810 -0.353767
vn 0.933842 -0.052810 0.353767
vn 0.933885 -0.048131 -0.354321
vn 0.933885 -0.048131 0.354320
vn 0.933953 -0.055392 -0.353078
vn 0.933953 -0.055392 0.353078
vn 0.934010 -0.045282 -0.354365
vn 0.934010 -0.045282 0.354365
vn 0.934170 -0.041354 -0.354424
vn 0.934170 -0.041354 0.354424
vn 0.934318 -0.037300 -0.354483
vn 0.934318 -0.037300 0.354483
vn 0.934318 -0.037299 -0.354483
vn 0.934318 -0.037299 0.354483
vn 0.934422 -0.034153 -0.354525
vn 0.934422 -0.034153 0.354526
vn 0.934439 -0.062027 0.350680
vn 0.934482 -0.032195 -0.354552
vn 0.934482 -0.032195 0.354551
vn 0.934492 -0.063710 -0.350237
vn 0.934504 -0.031408 -0.354563
vn 0.934505 -0.031408 -0.354563
vn 0.934505 -0.031408 0.354563
vn 0.934508 -0.031292 -0.354565
vn 0.934508 -0.031292 0.354565
vn 0.934514 -0.031787 -0.354504
vn 0.934514 -0.031787 0.354505
vn 0.934564 -0.035360 -0.354033
vn 0.934564 -0.035360 0.354033
vn 0.934742 -0.045052 -0.352460
vn 0.934742 -0.045052 0.352460
vn 0.935088 0.130800 -0.329395
vn 0.935088 0.130800 0.329395
vn 0.935088 0.130801 -0.329395
vn 0.935088 0.130801 0.329395
vn 0.935179 -0.062749 -0.348573
vn 0.935179 -0.062749 0.348573
vn 0.936092 -0.086045 -0.341068
vn 0.936092 -0.086045 0.341068
vn 0.936996 -0.240671 -0.253212
vn 0.937030 -0.100592 -0.334449
vn 0.937062 -0.088285 0.337818
vn 0.939232 -0.089665 -0.331365
vn 0.939232 -0.089665 0.331365
vn 0.942088 -0.181445 -0.282043
vn 0.943683 -0.064906 0.324423
vn 0.944752 -0.149130 0.291897
vn 0.945320 -0.032902 -0.324482
vn 0.945320 -0.032902 -0.324481
vn 0.945320 -0.032902 0.324481
vn 0.948066 -0.275642 -0.158723
vn 0.948683 -0.316228 0.000000
vn 0.948683 -0.316227 0.000000
vn 0.950722 0.310044 0.000000
vn 0.950722 0.310044 0.000001
vn 0.952269 -0.303109 -0.036163
vn 0.953434 0.301600 0.000599
vn 0.953904 0.300108 -0.001526
vn 0.954266 0.298947 0.002730
vn 0.955088 -0.241683 0.171452
vn 0.955453 0.295101 -0.005035
vn 0.956039 0.293180 0.005805
vn 0.956704 0.287915 -0.042678
vn 0.957242 0.286313 0.041377
vn 0.957915 -0.284179 0.040508
vn 0.958776 -0.284127 -0.004443
vn 0.958925 -0.218010 -0.181479
vn 0.963812 -0.044147 -0.262902
vn 0.963812 -0.044147 0.262902
vn 0.963812 -0.044147 0.262903
vn 0.963812 -0.044146 -0.262903
vn 0.964102 -0.260275 -0.052576
vn 0.965520 -0.259713 -0.017911
vn 0.965520 -0.259712 0.017911
vn 0.966947 -0.254265 0.019060
vn 0.968269 -0.171476 -0.181800
vn 0.968269 -0.171476 0.181798
vn 0.969725 -0.013540 0.243824
vn 0.969729 -0.058546 -0.237060
vn 0.970187 -0.180376 0.161869
vn 0.971949 -0.173097 -0.159227
vn 0.972734 -0.181819 0.143984
vn 0.980444 -0.136341 0.141916
vn 0.982045 0.150515 -0.113720
vn 0.982455 -0.155451 -0.103040
vn 0.982679 0.140729 0.120570
vn 0.982805 0.184588 0.004717
vn 0.983194 -0.170511 -0.065241
vn 0.983598 0.177365 -0.032797
vn 0.984045 -0.149076 0.097120
vn 0.984186 0.171834 0.043034
vn 0.986551 -0.163129 0.010267
vn 0.988515 0.063800 0.136996
vn 0.991329 0.131400 0.000000
vn 0.993075 0.075552 -0.089961
vn 0.993281 -0.104977 0.048702
vn 0.993319 -0.064831 0.095470
vn 0.993439 -0.114091 0.007868
vn 0.993439 -0.114090 -0.007868
vn 0.993567 0.010490 -0.112759
vn 0.993850 -0.100725 -0.046016
vn 0.994936 -0.100515 0.000000
vn 0.995308 0.094996 0.018363
vn 0.995590 -0.093808 0.000000
vn 0.996365 -0.062027 -0.058395
vn 0.996804 -0.071033 -0.036550
vn 0.996804 -0.071033 0.036550
vn 0.997487 -0.068422 0.018387
vn 0.997716 -0.065602 -0.016101
vn 0.997766 -0.066812 0.000000
vn 0.997901 -0.064596 -0.004494
vn 0.997901 -0.064596 0.004494
vn 0.998331 -0.057582 0.004354
vn 0.998331 -0.057581 -0.004353
vn 0.998403 -0.056223 -0.005484
vn 0.998403 -0.056223 0.005485
vn 0.998480 -0.053368 -0.013781
vn 0.998480 -0.053368 0.013781
vn 0.998510 -0.053960 -0.008089
vn 0.998510 -0.053960 0.008089
vn 0.998627 -0.052025 0.006054
vn 0.998653 -0.051572 -0.005643
vn 0.998725 0.014845 0.048242
vn 0.998756 -0.049855 -0.000328
vn 0.998756 -0.049855 0.000329
vn 0.998759 -0.049804 -0.000044
vn 0.998759 -0.049804 0.000044
vn 0.998760 -0.049771 -0.001041
vn 0.998760 -0.049771 0.001041
vn 0.998764 -0.049649 -0.002497
vn 0.998764 -0.049649 0.002497
vn 0.998790 -0.049186 0.000000
vn 0.998869 -0.047547 0.000000
vn 0.998914 -0.046591 0.000000
vn 0.998999 -0.044731 0.000000
vn 0.999027 -0.044094 0.000000
vn 0.999027 -0.044093 0.000000
vn 0.999077 -0.042951 0.000000
vn 0.999077 -0.042950 0.000000
vn 0.999165 -0.040851 0.000000
vn 0.999321 -0.036846 0.000000
vn 0.999368 -0.035543 0.000000
vn 0.999431 -0.033738 0.000000
vn 0.999494 -0.031804 0.000000
vn 0.999505 -0.031475 0.000000
vn 0.999519 -0.031026 0.000000
vn 0.999522 -0.030912 0.000000
usemtl ZombieCloth
f 1/1113/21 2/1139/43 3/1128/40
f 1/1113/21 3/1128/40 4/1100/46
f 1/1113/21 4/1100/46 7/992/67
f 1/1113/21 5/1121/41 2/1139/43
f 1/1113/21 7/992/67 5/1121/41
f 2/1139/43 5/1121/41 6/1159/48
f 2/1139/43 6/1159/48 19/1279/224
f 2/1139/43 8/1193/66 3/1128/40
f 2/1139/43 19/1279/224 8/1193/66
f 3/1128/40 8/1193/66 12/1140/55
f 3/1128/40 9/1123/51 4/1100/46
f 3/1128/40 12/1140/55 9/1123/51
f 4/1100/46 9/1123/51 11/1071/60
f 4/1100/46 11/1071/60 13/977/88
f 4/1100/46 13/977/88 7/992/67
f 5/1121/41 7/992/67 10/1017/50
f 5/1121/41 10/1017/50 18/1122/56
f 5/1121/41 18/1122/56 6/1159/48
f 6/1159/48 14/1248/142 19/1279/224
f 6/1159/48 18/1122/56 20/1164/54
f 6/1159/48 20/1164/54 14/1248/142
f 7/992/67 13/977/88 42/857/235
f 7/992/67 33/851/229 10/1017/50
f 7/992/67 42/857/235 33/851/229
f 8/1193/66 16/1246/188 12/1140/55
f 8/1193/66 19/1279/224 40/1321/341
f 8/1193/66 40/1321/341 16/1246/188
f 9/1123/51 12/1140/55 26/1127/75
f 9/1123/51 22/1111/70 11/1071/60
f 9/1123/51 26/1127/75 22/1111/70
f 10/1017/50 17/885/171 21/1030/52
f 10/1017/50 21/1030/52 18/1122/56
f 10/1017/50 33/851/229 17/885/171
f 11/1071/60 22/1111/70 25/1035/65
f 11/1071/60 23/959/175 13/977/88
f 11/1071/60 25/1035/65 23/959/175
f 12/1140/55 15/1195/64 28/1167/73
f 12/1140/55 16/1246/188 15/1195/64
f 12/1140/55 28/1167/73 26/1127/75
f 13/977/88 23/959/175 42/857/235
f 14/1248/142 20/1164/54 27/1270/59
f 14/1248/142 27/1270/59 32/1345/322
f 14/1248/142 32/1345/322 49/1348/407
f 14/1248/142 49/1348/407 19/1279/224
f 15/1195/64 16/1246/188 30/1292/215
f 15/1195/64 24/1242/153 31/1225/92
f 15/1195/64 30/1292/215 24/1242/153
f 15/1195/64 31/1225/92 28/1167/73
f 16/1246/188 40/1321/341 65/1350/383
f 16/1246/188 65/1350/383 30/1292/215
f 17/885/171 29/896/57 21/1030/52
f 17/885/171 34/803/323 29/896/57
f 17/2492/171 33/2491/229 59/2486/408
f 17/2492/171 59/2486/408 34/2489/323
f 18/1122/56 21/1030/52 45/1124/84
f 18/1122/56 45/1124/84 20/1164/54
f 19/1808/224 49/1813/407 336/1868/603
f 19/1808/224 248/1840/586 40/1810/341
f 19/1808/224 336/1868/603 248/1840/586
f 20/1164/54 45/1124/84 46/1178/83
f 20/1164/54 46/1178/83 27/1270/59
f 21/1030/52 29/896/57 47/1038/82
f 21/1030/52 47/1038/82 45/1124/84
f 22/1111/70 26/1127/75 39/1094/85
f 22/1111/70 39/1094/85 25/1035/65
f 23/959/175 25/1035/65 35/920/184
f 23/959/175 35/920/184 60/848/303
f 23/959/175 60/848/303 42/857/235
f 24/1242/153 30/1292/215 43/1303/221
f 24/1242/153 43/1303/221 31/1225/92
f 25/1035/65 38/994/63 35/920/184
f 25/1035/65 39/1094/85 38/994/63
f 26/1127/75 28/1167/73 44/1155/76
f 26/1127/75 44/1155/76 69/1126/196
f 26/1127/75 69/1126/196 39/1094/85
f 27/1270/59 36/1354/183 32/1345/322
f 27/1270/59 46/1178/83 56/1295/80
f 27/1270/59 56/1295/80 36/1354/183
f 28/1167/73 31/1225/92 41/1198/74
f 28/1167/73 41/1198/74 44/1155/76
f 29/896/57 34/803/323 37/795/181
f 29/896/57 37/795/181 57/900/79
f 29/896/57 57/900/79 47/1038/82
f 30/1292/215 65/1350/383 97/1357/388
f 30/1292/215 97/1357/388 43/1303/221
f 31/1225/92 43/1303/221 58/1302/208
f 31/1225/92 58/1302/208 41/1198/74
f 32/1345/322 36/1354/183 48/1373/583
f 32/1809/322 48/1811/583 96/1820/628
f 32/1809/322 96/1820/628 49/1813/407
f 33/2491/229 42/2490/235 297/2444/571
f 33/2491/229 297/2444/571 361/2434/606
f 33/2491/229 361/2434/606 59/2486/408
f 34/2489/323 54/2485/581 37/2488/181
f 34/2489/323 59/2486/408 98/2479/629
f 34/2489/323 98/2479/629 54/2485/581
f 35/920/184 38/994/63 52/908/185
f 35/920/184 52/908/185 87/839/319
f 35/920/184 87/839/319 60/848/303
f 36/1354/183 50/1388/387 48/1373/583
f 36/1354/183 56/1295/80 66/1376/78
f 36/1354/183 66/1376/78 50/1388/387
f 37/795/181 51/771/384 67/786/77
f 37/795/181 67/786/77 57/900/79
f 37/2488/181 54/2485/581 51/2484/384
f 38/994/63 39/1094/85 53/978/53
f 38/994/63 53/978/53 68/890/182
f 38/994/63 68/890/182 52/908/185
f 39/1094/85 61/1069/86 53/978/53
f 39/1094/85 69/1126/196 61/1069/86
f 40/1810/341 248/1840/586 306/1847/576
f 40/1810/341 306/1847/576 385/1867/587
f 40/1810/341 385/1867/587 65/1814/383
f 41/1198/74 55/1196/58 44/1155/76
f 41/1198/74 58/1302/208 71/1296/195
f 41/1198/74 71/1296/195 55/1196/58
f 42/2490/235 60/2487/303 325/2442/537
f 42/2490/235 325/2442/537 297/2444/571
f 43/1303/221 97/1357/388 131/1359/364
f 43/1303/221 131/1359/364 58/1302/208
f 44/1155/76 55/1196/58 62/1157/81
f 44/1155/76 62/1157/81 69/1126/196
f 45/1124/84 47/1038/82 158/1125/199
f 45/1124/84 158/1125/199 46/1178/83
f 46/1178/83 158/1125/199 166/1192/201
f 46/1178/83 166/1192/201 56/1295/80
f 47/1038/82 57/900/79 167/1043/200
f 47/1038/82 167/1043/200 158/1125/199
f 48/1811/583 50/1812/387 75/1817/1051
f 48/1811/583 75/1817/1051 159/1834/894
f 48/1811/583 159/1834/894 96/1820/628
f 49/1813/407 96/1820/628 438/1881/801
f 49/1813/407 438/1881/801 336/1868/603
f 50/1388/387 66/1376/78 82/1398/205
f 50/1812/387 70/1815/821 75/1817/1051
f 50/1812/387 82/1818/205 70/1815/821
f 51/771/384 83/765/204 67/786/77
f 51/2484/384 54/2485/581 76/2480/1052
f 51/2484/384 72/2481/820 83/2477/204
f 51/2484/384 76/2480/1052 72/2481/820
f 52/908/185 68/890/182 157/804/320
f 52/908/185 123/815/321 87/839/319
f 52/908/185 157/804/320 123/815/321
f 53/978/53 61/1069/86 63/967/47
f 53/978/53 63/967/47 81/866/172
f 53/978/53 81/866/172 68/890/182
f 54/2485/581 98/2479/629 160/2447/898
f 54/2485/581 160/2447/898 76/2480/1052
f 55/1196/58 64/1197/42 62/1157/81
f 55/1196/58 71/1296/195 84/1297/178
f 55/1196/58 84/1297/178 64/1197/42
f 56/1295/80 166/1192/201 180/1307/202
f 56/1295/80 180/1307/202 66/1376/78
f 57/900/79 67/786/77 181/903/203
f 57/900/79 181/903/203 167/1043/200
f 58/1302/208 131/1359/364 165/1361/342
f 58/1302/208 165/1361/342 71/1296/195
f 59/2486/408 361/2434/606 448/2414/802
f 59/2486/408 448/2414/802 98/2479/629
f 60/2487/303 87/2483/319 382/2436/524
f 60/2487/303 382/2436/524 325/2442/537
f 61/1069/86 69/1126/196 130/1112/228
f 61/1069/86 77/1046/89 63/967/47
f 61/1069/86 130/1112/228 77/1046/89
f 62/1157/81 64/1197/42 80/1161/87
f 62/1157/81 80/1161/87 134/1129/227
f 62/1157/81 134/1129/227 69/1126/196
f 63/967/47 73/960/36 90/860/160
f 63/967/47 77/1046/89 73/960/36
f 63/967/47 90/860/160 81/866/172
f 64/1197/42 74/1199/35 80/1161/87
f 64/1197/42 84/1297/178 91/1299/167
f 64/1197/42 91/1299/167 74/1199/35
f 65/1814/383 385/1867/587 453/1873/582
f 65/1814/383 453/1873/582 97/1816/388
f 66/1376/78 180/1307/202 210/1390/211
f 66/1376/78 210/1390/211 82/1398/205
f 67/786/77 83/765/204 211/784/212
f 67/786/77 211/784/212 181/903/203
f 68/890/182 81/866/172 196/794/318
f 68/890/182 196/794/318 157/804/320
f 69/1638/196 134/1621/227 462/1583/393
f 69/2113/196 462/2137/393 130/2149/228
f 70/1815/821 82/1818/205 105/1821/374
f 70/1815/821 95/1819/857 114/1824/1116
f 70/1815/821 105/1821/374 95/1819/857
f 70/1815/821 114/1824/1116 75/1817/1051
f 71/1296/195 165/1361/342 197/1363/334
f 71/1296/195 197/1363/334 84/1297/178
f 72/744/820 76/745/1052 113/724/1117
f 72/744/820 113/724/1117 94/730/856
f 72/2481/820 94/2475/856 106/2453/373
f 72/2481/820 106/2453/373 83/2477/204
f 73/960/36 77/1046/89 88/1040/91
f 73/960/36 79/955/23 104/855/157
f 73/960/36 88/1040/91 79/955/23
f 73/960/36 104/855/157 90/860/160
f 74/1199/35 78/1210/22 89/1163/90
f 74/1199/35 89/1163/90 80/1161/87
f 74/1199/35 91/1299/167 103/1301/156
f 74/1199/35 103/1301/156 78/1210/22
f 75/1817/1051 114/1824/1116 259/1857/1059
f 75/1817/1051 259/1857/1059 159/1834/894
f 76/2480/1052 160/2447/898 260/2441/1060
f 76/2480/1052 260/2441/1060 113/2473/1117
f 77/1046/89 130/1112/228 184/1103/243
f 77/1046/89 184/1103/243 88/1040/91
f 78/1210/22 85/1216/13 101/1165/111
f 78/1210/22 101/1165/111 89/1163/90
f 78/1210/22 103/1301/156 111/1300/149
f 78/1210/22 111/1300/149 85/1216/13
f 79/955/23 86/954/14 112/854/150
f 79/955/23 88/1040/91 102/1034/108
f 79/955/23 102/1034/108 86/954/14
f 79/955/23 112/854/150 104/855/157
f 80/1161/87 89/1163/90 185/1130/232
f 80/1161/87 185/1130/232 134/1129/227
f 81/866/172 90/860/160 228/791/316
f 81/866/172 228/791/316 196/794/318
f 82/1398/205 210/1390/211 246/1409/213
f 82/1398/205 246/1409/213 105/1405/374
f 83/765/204 106/759/373 247/762/214
f 83/765/204 247/762/214 211/784/212
f 84/1297/178 197/1363/334 229/1365/317
f 84/1297/178 229/1365/317 91/1299/167
f 85/1216/13 92/1220/15 109/1166/123
f 85/1216/13 109/1166/123 101/1165/111
f 85/1216/13 111/1300/149 121/1298/140
f 85/1216/13 121/1298/140 92/1220/15
f 86/954/14 93/953/16 122/856/141
f 86/954/14 102/1034/108 110/1033/122
f 86/954/14 110/1033/122 93/953/16
f 86/954/14 122/856/141 112/854/150
f 87/2483/319 123/2482/321 447/2433/514
f 87/2483/319 447/2433/514 382/2436/524
f 88/1040/91 184/1103/243 224/1096/282
f 88/1040/91 224/1096/282 102/1034/108
f 89/1163/90 101/1165/111 225/1131/244
f 89/1163/90 225/1131/244 185/1130/232
f 90/860/160 104/855/157 252/787/308
f 90/860/160 252/787/308 228/791/316
f 91/1299/167 229/1365/317 251/1364/309
f 91/1299/167 251/1364/309 103/1301/156
f 92/1220/15 99/1223/19 119/1168/127
f 92/1220/15 119/1168/127 109/1166/123
f 92/1220/15 121/1298/140 128/1294/136
f 92/1220/15 128/1294/136 99/1223/19
f 93/953/16 100/952/20 129/859/137
f 93/953/16 110/1033/122 120/1029/126
f 93/953/16 120/1029/126 100/952/20
f 93/953/16 129/859/137 122/856/141
f 94/2475/856 113/2473/1117 144/2448/604
f 94/2475/856 118/2451/381 156/2443/311
f 94/2475/856 133/2446/392 106/2453/373
f 94/2475/856 144/2448/604 118/2451/381
f 94/2475/856 156/2443/311 133/2446/392
f 95/1469/857 132/1490/391 155/1492/310
f 95/1469/857 155/1492/310 117/1472/382
f 95/1819/857 105/1821/374 132/1826/391
f 95/1819/857 117/1823/382 143/1832/605
f 95/1819/857 143/1832/605 114/1824/1116
f 96/1820/628 159/1834/894 487/1912/830
f 96/1820/628 487/1912/830 438/1881/801
f 97/1816/388 453/1873/582 474/1874/556
f 97/1816/388 474/1874/556 131/1822/364
f 98/2479/629 448/2414/802 488/2396/831
f 98/2479/629 488/2396/831 160/2447/898
f 99/1223/19 107/1222/17 138/1170/133
f 99/1223/19 126/1169/131 119/1168/127
f 99/1223/19 128/1294/136 137/1291/134
f 99/1223/19 137/1291/134 107/1222/17
f 99/1223/19 138/1170/133 126/1169/131
f 100/952/20 108/951/18 140/861/135
f 100/952/20 120/1029/126 127/1028/130
f 100/952/20 127/1028/130 139/1027/132
f 100/952/20 139/1027/132 108/951/18
f 100/952/20 140/861/135 129/859/137
f 101/1165/111 109/1166/123 250/1132/289
f 101/1165/111 250/1132/289 225/1131/244
f 102/1034/108 224/1096/282 249/1093/290
f 102/1034/108 249/1093/290 110/1033/122
f 103/1301/156 251/1364/309 273/1360/299
f 103/1301/156 273/1360/299 111/1300/149
f 104/855/157 112/854/150 274/790/300
f 104/855/157 274/790/300 252/787/308
f 105/1405/374 246/1409/213 293/1410/326
f 105/1821/374 293/1851/326 132/1826/391
f 106/759/373 294/752/327 247/762/214
f 106/2453/373 133/2446/392 294/2432/327
f 107/1222/17 115/1219/12 148/1171/129
f 107/1222/17 137/1291/134 147/1289/128
f 107/1222/17 147/1289/128 115/1219/12
f 107/1222/17 148/1171/129 138/1170/133
f 108/951/18 116/949/12 150/863/129
f 108/951/18 139/1027/132 149/1025/128
f 108/951/18 149/1025/128 116/949/12
f 108/951/18 150/863/129 140/861/135
f 109/1166/123 119/1168/127 271/1133/288
f 109/1166/123 271/1133/288 250/1132/289
f 110/1033/122 249/1093/290 272/1092/287
f 110/1033/122 272/1092/287 120/1029/126
f 111/1300/149 273/1360/299 291/1358/293
f 111/1300/149 291/1358/293 121/1298/140
f 112/854/150 122/856/141 292/792/294
f 112/854/150 292/792/294 274/790/300
f 113/118/1117 260/127/1060 333/112/1120
f 113/118/1117 333/112/1120 144/102/604
f 114/1824/1116 143/1832/605 332/1872/1121
f 114/1824/1116 332/1872/1121 259/1857/1059
f 115/1219/12 124/1218/11 162/1172/125
f 115/1219/12 147/1289/128 161/1288/124
f 115/1219/12 161/1288/124 124/1218/11
f 115/1219/12 162/1172/125 148/1171/129
f 116/949/12 125/947/11 164/864/125
f 116/949/12 149/1025/128 163/1021/124
f 116/949/12 163/1021/124 125/947/11
f 116/949/12 164/864/125 150/863/129
f 117/1472/382 141/1473/68 143/1449/605
f 117/1472/382 155/1492/310 182/1498/206
f 117/1472/382 182/1498/206 141/1473/68
f 118/206/381 142/208/69 183/188/207
f 118/206/381 144/242/604 142/208/69
f 118/206/381 183/188/207 156/190/311
f 119/1168/127 126/1169/131 289/1134/284
f 119/1168/127 289/1134/284 271/1133/288
f 120/1029/126 272/1092/287 290/1088/283
f 120/1029/126 290/1088/283 127/1028/130
f 121/1298/140 291/1358/293 309/1355/285
f 121/1298/140 309/1355/285 128/1294/136
f 122/856/141 129/859/137 310/796/286
f 122/856/141 310/796/286 292/792/294
f 123/2482/321 157/2478/320 489/2410/513
f 123/2482/321 473/2422/511 447/2433/514
f 123/2482/321 489/2410/513 473/2422/511
f 124/1218/11 135/1217/10 175/1173/121
f 124/1218/11 161/1288/124 174/1286/120
f 124/1218/11 174/1286/120 135/1217/10
f 124/1218/11 175/1173/121 162/1172/125
f 125/947/11 136/946/10 177/867/121
f 125/947/11 163/1021/124 176/1020/120
f 125/947/11 176/1020/120 136/946/10
f 125/947/11 177/867/121 164/864/125
f 126/1169/131 138/1170/133 322/1136/277
f 126/1169/131 307/1135/279 289/1134/284
f 126/1169/131 322/1136/277 307/1135/279
f 127/1028/130 290/1088/283 308/1086/278
f 127/1028/130 308/1086/278 323/1084/276
f 127/1028/130 323/1084/276 139/1027/132
f 128/1294/136 309/1355/285 321/1352/280
f 128/1294/136 321/1352/280 137/1291/134
f 129/859/137 140/861/135 324/799/281
f 129/859/137 324/799/281 310/796/286
f 130/805/228 479/898/536 184/820/243
f 130/2149/228 462/2137/393 479/2148/536
f 131/1822/364 474/1874/556 490/1878/538
f 131/1822/364 490/1878/538 165/1825/342
f 132/1490/391 326/1523/399 345/1531/385
f 132/1490/391 345/1531/385 155/1492/310
f 132/1826/391 293/1851/326 326/1855/399
f 133/2446/392 156/2443/311 346/2403/386
f 133/2446/392 327/2416/398 294/2432/327
f 133/2446/392 346/2403/386 327/2416/398
f 134/1621/227 185/1616/232 480/1582/484
f 134/1621/227 480/1582/484 462/1583/393
f 135/1217/10 145/1215/8 191/1174/119
f 135/1217/10 174/1286/120 190/1285/118
f 135/1217/10 190/1285/118 145/1215/8
f 135/1217/10 191/1174/119 175/1173/121
f 136/946/10 146/945/8 193/868/119
f 136/946/10 176/1020/120 192/1019/118
f 136/946/10 192/1019/118 146/945/8
f 136/946/10 193/868/119 177/867/121
f 137/1291/134 321/1352/280 337/1351/273
f 137/1291/134 337/1351/273 147/1289/128
f 138/1170/133 148/1171/129 338/1137/275
f 138/1170/133 338/1137/275 322/1136/277
f 139/1027/132 323/1084/276 339/1081/274
f 139/1027/132 339/1081/274 149/1025/128
f 140/861/135 150/863/129 340/802/275
f 140/861/135 340/802/275 324/799/281
f 141/1473/68 151/1471/38 178/1446/216
f 141/1473/68 178/1446/216 143/1449/605
f 141/1473/68 182/1498/206 202/1504/189
f 141/1473/68 202/1504/189 151/1471/38
f 142/208/69 144/242/604 179/251/217
f 142/208/69 152/209/39 203/185/190
f 142/208/69 179/251/217 152/209/39
f 142/208/69 203/185/190 183/188/207
f 143/1832/605 178/1838/216 332/1872/1121
f 144/102/604 333/112/1120 179/109/217
f 145/1215/8 153/1214/7 205/1175/117
f 145/1215/8 190/1285/118 204/1283/116
f 145/1215/8 204/1283/116 153/1214/7
f 145/1215/8 205/1175/117 191/1174/119
f 146/945/8 154/944/7 207/869/115
f 146/945/8 192/1019/118 206/1018/114
f 146/945/8 206/1018/114 154/944/7
f 146/945/8 207/869/115 193/868/119
f 147/1289/128 337/1351/273 347/1349/271
f 147/1289/128 347/1349/271 161/1288/124
f 148/1171/129 162/1172/125 348/1138/272
f 148/1171/129 348/1138/272 338/1137/275
f 149/1025/128 339/1081/274 349/1080/271
f 149/1025/128 349/1080/271 163/1021/124
f 150/863/129 164/864/125 350/806/272
f 150/863/129 350/806/272 340/802/275
f 151/1471/38 170/1470/26 200/1441/186
f 151/1471/38 200/1441/186 178/1446/216
f 151/1471/38 202/1504/189 222/1507/179
f 151/1471/38 222/1507/179 170/1470/26
f 152/209/39 171/211/27 223/182/180
f 152/209/39 179/251/217 201/256/187
f 152/209/39 201/256/187 171/211/27
f 152/209/39 223/182/180 203/185/190
f 153/1214/7 168/1213/5 215/1176/113
f 153/1214/7 204/1283/116 214/1282/112
f 153/1214/7 214/1282/112 168/1213/5
f 153/1214/7 215/1176/113 205/1175/117
f 154/944/7 169/943/5 217/870/113
f 154/944/7 206/1018/114 216/1016/112
f 154/944/7 216/1016/112 169/943/5
f 154/944/7 217/870/113 207/869/115
f 155/1492/310 345/1531/385 362/1538/355
f 155/1492/310 362/1538/355 182/1498/206
f 156/2443/311 183/2438/207 363/2399/356
f 156/2443/311 363/2399/356 346/2403/386
f 157/2478/320 196/2476/318 505/2404/512
f 157/2478/320 505/2404/512 489/2410/513
f 158/529/199 167/538/200 507/638/350
f 158/529/199 507/638/350 166/539/201
f 159/1834/894 259/1857/1059 518/1923/847
f 159/1834/894 518/1923/847 487/1912/830
f 160/2447/898 488/2396/831 519/2389/848
f 160/2447/898 519/2389/848 260/2441/1060
f 161/1288/124 347/1349/271 357/1346/269
f 161/1288/124 357/1346/269 174/1286/120
f 162/1172/125 175/1173/121 358/1141/270
f 162/1172/125 358/1141/270 348/1138/272
f 163/1021/124 349/1080/271 359/1079/269
f 163/1021/124 359/1079/269 176/1020/120
f 164/864/125 177/867/121 360/809/270
f 164/864/125 360/809/270 350/806/272
f 165/1825/342 490/1878/538 506/1879/527
f 165/1825/342 506/1879/527 197/1827/334
f 166/539/201 507/638/350 508/641/352
f 166/539/201 508/641/352 180/543/202
f 167/538/200 181/542/203 509/640/351
f 167/538/200 509/640/351 507/638/350
f 168/1213/5 172/1212/4 231/1177/110
f 168/1213/5 214/1282/112 230/1278/109
f 168/1213/5 230/1278/109 172/1212/4
f 168/1213/5 231/1177/110 215/1176/113
f 169/943/5 173/942/4 233/872/110
f 169/943/5 216/1016/112 232/1013/109
f 169/943/5 232/1013/109 173/942/4
f 169/943/5 233/872/110 217/870/113
f 170/1470/26 188/1468/24 220/1438/174
f 170/1470/26 220/1438/174 200/1441/186
f 170/1470/26 222/1507/179 244/1510/169
f 170/1470/26 244/1510/169 188/1468/24
f 171/211/27 189/212/25 245/180/170
f 171/211/27 201/256/187 221/266/173
f 171/211/27 221/266/173 189/212/25
f 171/211/27 245/180/170 223/182/180
f 172/1212/4 186/1211/2 239/1179/106
f 172/1212/4 230/1278/109 238/1277/105
f 172/1212/4 238/1277/105 186/1211/2
f 172/1212/4 239/1179/106 231/1177/110
f 173/942/4 187/941/2 241/873/107
f 173/942/4 232/1013/109 240/1010/105
f 173/942/4 240/1010/105 187/941/2
f 173/942/4 241/873/107 233/872/110
f 174/1286/120 357/1346/269 368/1344/267
f 174/1286/120 368/1344/267 190/1285/118
f 175/1173/121 191/1174/119 369/1142/268
f 175/1173/121 369/1142/268 358/1141/270
f 176/1020/120 359/1079/269 370/1077/267
f 176/1020/120 370/1077/267 192/1019/118
f 177/867/121 193/868/119 371/810/266
f 177/867/121 371/810/266 360/809/270
f 178/1807/216 200/1806/186 355/1805/580
f 178/1838/216 355/1876/580 332/1872/1121
f 179/109/217 333/112/1120 356/107/579
f 179/251/217 356/291/579 201/256/187
f 180/543/202 508/641/352 510/644/366
f 180/543/202 510/644/366 210/548/211
f 181/542/203 211/547/212 511/643/365
f 181/542/203 511/643/365 509/640/351
f 182/1498/206 362/1538/355 380/1545/343
f 182/1498/206 380/1545/343 202/1504/189
f 183/2438/207 203/2437/190 381/2397/344
f 183/2438/207 381/2397/344 363/2399/356
f 184/820/243 479/898/536 495/905/532
f 184/820/243 495/905/532 224/825/282
f 185/1616/232 225/1615/244 496/1580/521
f 185/1616/232 496/1580/521 480/1582/484
f 186/1211/2 194/1209/1 256/1180/104
f 186/1211/2 238/1277/105 255/1276/103
f 186/1211/2 255/1276/103 194/1209/1
f 186/1211/2 256/1180/104 239/1179/106
f 187/941/2 195/940/1 258/874/104
f 187/941/2 240/1010/105 257/1008/103
f 187/941/2 257/1008/103 195/940/1
f 187/941/2 258/874/104 241/873/107
f 188/1468/24 198/1466/29 242/1435/162
f 188/1468/24 242/1435/162 220/1438/174
f 188/1468/24 244/1510/169 265/1509/159
f 188/1468/24 265/1509/159 198/1466/29
f 189/212/25 199/213/30 266/181/158
f 189/212/25 221/266/173 243/275/161
f 189/212/25 243/275/161 199/213/30
f 189/212/25 266/181/158 245/180/170
f 190/1285/118 368/1344/267 376/1342/264
f 190/1285/118 376/1342/264 204/1283/116
f 191/1174/119 205/1175/117 377/1143/265
f 191/1174/119 377/1143/265 369/1142/268
f 192/1019/118 370/1077/267 378/1072/264
f 192/1019/118 378/1072/264 206/1018/114
f 193/868/119 207/869/115 379/812/265
f 193/868/119 379/812/265 371/810/266
f 194/1209/1 208/1207/1 268/1181/104
f 194/1209/1 255/1276/103 267/1273/103
f 194/1209/1 267/1273/103 208/1207/1
f 194/1209/1 268/1181/104 256/1180/104
f 195/940/1 209/937/1 270/876/104
f 195/940/1 257/1008/103 269/1007/103
f 195/940/1 269/1007/103 209/937/1
f 195/940/1 270/876/104 258/874/104
f 196/2476/318 228/2474/316 514/2401/499
f 196/2476/318 514/2401/499 505/2404/512
f 197/1827/334 506/1879/527 515/1880/515
f 197/1827/334 515/1880/515 229/1828/317
f 198/1466/29 218/1465/31 263/1433/155
f 198/1466/29 263/1433/155 242/1435/162
f 198/1466/29 265/1509/159 283/1506/152
f 198/1466/29 283/1506/152 218/1465/31
f 199/213/30 219/215/32 284/183/151
f 199/213/30 243/275/161 264/279/154
f 199/213/30 264/279/154 219/215/32
f 199/213/30 284/183/151 266/181/158
f 200/1441/186 220/1438/174 374/1421/362
f 200/1806/186 374/1804/362 355/1805/580
f 201/256/187 356/291/579 375/295/363
f 201/256/187 375/295/363 221/266/173
f 202/1504/189 380/1545/343 392/1551/337
f 202/1504/189 392/1551/337 222/1507/179
f 203/185/190 223/182/180 393/168/338
f 203/185/190 393/168/338 381/172/344
f 204/1283/116 376/1342/264 386/1341/261
f 204/1283/116 386/1341/261 214/1282/112
f 205/1175/117 215/1176/113 387/1144/262
f 205/1175/117 387/1144/262 377/1143/265
f 206/1018/114 378/1072/264 388/1070/261
f 206/1018/114 388/1070/261 216/1016/112
f 207/869/115 217/870/113 389/814/263
f 207/869/115 389/814/263 379/812/265
f 208/1207/1 212/1206/1 278/1182/104
f 208/1207/1 267/1273/103 277/1272/103
f 208/1207/1 277/1272/103 212/1206/1
f 208/1207/1 278/1182/104 268/1181/104
f 209/937/1 213/936/1 280/877/104
f 209/937/1 269/1007/103 279/1006/103
f 209/937/1 279/1006/103 213/936/1
f 209/937/1 280/877/104 270/876/104
f 210/548/211 510/644/366 516/647/380
f 210/548/211 516/647/380 246/565/213
f 211/547/212 247/564/214 517/646/379
f 211/547/212 517/646/379 511/643/365
f 212/1206/1 226/1205/3 285/1183/102
f 212/1206/1 277/1272/103 287/1269/101
f 212/1206/1 285/1183/102 278/1182/104
f 212/1206/1 287/1269/101 226/1205/3
f 213/936/1 227/935/3 286/879/102
f 213/936/1 279/1006/103 288/1004/101
f 213/936/1 286/879/102 280/877/104
f 213/936/1 288/1004/101 227/935/3
f 214/1282/112 386/1341/261 394/1340/260
f 214/1282/112 394/1340/260 230/1278/109
f 215/1176/113 231/1177/110 395/1145/259
f 215/1176/113 395/1145/259 387/1144/262
f 216/1016/112 388/1070/261 396/1068/258
f 216/1016/112 396/1068/258 232/1013/109
f 217/870/113 233/872/110 397/816/259
f 217/870/113 397/816/259 389/814/263
f 218/1465/31 236/1464/33 281/1432/144
f 218/1465/31 281/1432/144 263/1433/155
f 218/1465/31 283/1506/152 304/1505/147
f 218/1465/31 304/1505/147 236/1464/33
f 219/215/32 237/216/34 305/186/148
f 219/215/32 264/279/154 282/281/143
f 219/215/32 282/281/143 237/216/34
f 219/215/32 305/186/148 284/183/151
f 220/1438/174 242/1435/162 390/1418/339
f 220/1438/174 390/1418/339 374/1421/362
f 221/266/173 375/295/363 391/297/340
f 221/266/173 391/297/340 243/275/161
f 222/1507/179 392/1551/337 404/1558/324
f 222/1507/179 404/1558/324 244/1510/169
f 223/182/180 245/180/170 405/165/325
f 223/182/180 405/165/325 393/168/338
f 224/825/282 495/905/532 512/904/516
f 224/825/282 512/904/516 249/818/290
f 225/1615/244 250/1618/289 513/1581/504
f 225/1615/244 513/1581/504 496/1580/521
f 226/1205/3 234/1204/6 299/1184/100
f 226/1205/3 287/1269/101 298/1266/99
f 226/1205/3 298/1266/99 234/1204/6
f 226/1205/3 299/1184/100 285/1183/102
f 227/935/3 235/934/6 301/880/100
f 227/935/3 288/1004/101 300/1003/99
f 227/935/3 300/1003/99 235/934/6
f 227/935/3 301/880/100 286/879/102
f 228/2474/316 252/2472/308 523/2402/497
f 228/2474/316 523/2402/497 514/2401/499
f 229/1828/317 515/1880/515 522/1882/498
f 229/1828/317 522/1882/498 251/1829/309
f 230/1278/109 394/1340/260 398/1339/256
f 230/1278/109 398/1339/256 238/1277/105
f 231/1177/110 239/1179/106 399/1146/257
f 231/1177/110 399/1146/257 395/1145/259
f 232/1013/109 396/1068/258 400/1067/256
f 232/1013/109 400/1067/256 240/1010/105
f 233/872/110 241/873/107 401/819/257
f 233/872/110 401/819/257 397/816/259
f 234/1204/6 253/1202/9 314/1185/98
f 234/1204/6 298/1266/99 313/1260/97
f 234/1204/6 313/1260/97 253/1202/9
f 234/1204/6 314/1185/98 299/1184/100
f 235/934/6 254/932/9 316/881/98
f 235/934/6 300/1003/99 315/1001/97
f 235/934/6 315/1001/97 254/932/9
f 235/934/6 316/881/98 301/880/100
f 236/1464/33 261/1462/44 317/1436/164
f 236/1464/33 302/1434/146 281/1432/144
f 236/1464/33 304/1505/147 320/1503/163
f 236/1464/33 317/1436/164 302/1434/146
f 236/1464/33 320/1503/163 261/1462/44
f 237/216/34 262/219/45 319/187/166
f 237/216/34 282/281/143 303/280/145
f 237/216/34 303/280/145 318/277/165
f 237/216/34 318/277/165 262/219/45
f 237/216/34 319/187/166 305/186/148
f 238/1277/105 398/1339/256 406/1337/254
f 238/1277/105 406/1337/254 255/1276/103
f 239/1179/106 256/1180/104 407/1147/255
f 239/1179/106 407/1147/255 399/1146/257
f 240/1010/105 400/1067/256 408/1066/252
f 240/1010/105 408/1066/252 257/1008/103
f 241/873/107 258/874/104 409/821/255
f 241/873/107 409/821/255 401/819/257
f 242/1435/162 263/1433/155 402/1415/329
f 242/1435/162 402/1415/329 390/1418/339
f 243/275/161 391/297/340 403/301/328
f 243/275/161 403/301/328 264/279/154
f 244/1510/169 404/1558/324 412/1559/315
f 244/1510/169 412/1559/315 265/1509/159
f 245/180/170 266/181/158 413/166/314
f 245/180/170 413/166/314 405/165/325
f 246/565/213 516/647/380 528/651/390
f 246/565/213 528/651/390 293/590/326
f 247/564/214 294/591/327 529/650/389
f 247/564/214 529/650/389 517/646/379
f 248/1840/586 336/1868/603 815/1976/721
f 248/1840/586 813/1974/727 306/1847/576
f 248/1840/586 815/1976/721 813/1974/727
f 249/818/290 512/904/516 521/899/496
f 249/818/290 521/899/496 272/811/287
f 250/1618/289 271/1620/288 520/1585/489
f 250/1618/289 520/1585/489 513/1581/504
f 251/1829/309 522/1882/498 526/1883/492
f 251/1829/309 526/1883/492 273/1830/299
f 252/2472/308 274/2471/300 527/2405/493
f 252/2472/308 527/2405/493 523/2402/497
f 253/1202/9 275/1200/28 329/1186/96
f 253/1202/9 313/1260/97 328/1257/95
f 253/1202/9 328/1257/95 275/1200/28
f 253/1202/9 329/1186/96 314/1185/98
f 254/932/9 276/930/28 331/882/96
f 254/932/9 315/1001/97 330/999/95
f 254/932/9 330/999/95 276/930/28
f 254/932/9 331/882/96 316/881/98
f 255/1276/103 406/1337/254 422/1332/252
f 255/1276/103 422/1332/252 267/1273/103
f 256/1180/104 268/1181/104 423/1148/255
f 256/1180/104 423/1148/255 407/1147/255
f 257/1008/103 408/1066/252 424/1063/254
f 257/1008/103 424/1063/254 269/1007/103
f 258/874/104 270/876/104 425/823/253
f 258/874/104 425/823/253 409/821/255
f 259/1857/1059 332/1872/1121 548/1924/912
f 259/1857/1059 548/1924/912 518/1923/847
f 260/2441/1060 519/2389/848 549/2386/913
f 260/2441/1060 549/2386/913 333/2435/1120
f 261/1462/44 311/1463/72 351/1439/192
f 261/1462/44 320/1503/163 353/1500/194
f 261/1462/44 351/1439/192 317/1436/164
f 261/1462/44 353/1500/194 311/1463/72
f 262/219/45 312/220/71 354/189/193
f 262/219/45 318/277/165 352/274/191
f 262/219/45 352/274/191 312/220/71
f 262/219/45 354/189/193 319/187/166
f 263/1433/155 281/1432/144 410/1413/313
f 263/1433/155 410/1413/313 402/1415/329
f 264/279/154 403/301/328 411/311/312
f 264/279/154 411/311/312 282/281/143
f 265/1509/159 412/1559/315 283/1506/152
f 266/181/158 284/183/151 413/166/314
f 267/1273/103 422/1332/252 426/1327/250
f 267/1273/103 426/1327/250 277/1272/103
f 268/1181/104 278/1182/104 427/1149/255
f 268/1181/104 427/1149/255 423/1148/255
f 269/1007/103 424/1063/254 428/1061/254
f 269/1007/103 428/1061/254 279/1006/103
f 270/876/104 280/877/104 429/826/251
f 270/876/104 429/826/251 425/823/253
f 271/1620/288 289/1623/284 524/1587/481
f 271/1620/288 524/1587/481 520/1585/489
f 272/811/287 521/899/496 525/892/480
f 272/811/287 525/892/480 290/807/283
f 273/1830/299 526/1883/492 532/1884/482
f 273/1830/299 532/1884/482 291/1831/293
f 274/2471/300 292/2470/294 533/2406/483
f 274/2471/300 533/2406/483 527/2405/493
f 275/1200/28 295/1201/37 342/1187/94
f 275/1200/28 328/1257/95 341/1256/93
f 275/1200/28 341/1256/93 295/1201/37
f 275/1200/28 342/1187/94 329/1186/96
f 276/930/28 296/931/37 344/883/94
f 276/930/28 330/999/95 343/997/93
f 276/930/28 343/997/93 296/931/37
f 276/930/28 344/883/94 331/882/96
f 277/1272/103 426/1327/250 434/1323/248
f 277/1272/103 434/1323/248 287/1269/101
f 278/1182/104 285/1183/102 435/1150/249
f 278/1182/104 435/1150/249 427/1149/255
f 279/1006/103 428/1061/254 436/1060/248
f 279/1006/103 436/1060/248 288/1004/101
f 280/877/104 286/879/102 437/827/249
f 280/877/104 437/827/249 429/826/251
f 281/1432/144 302/1434/146 430/1414/298
f 281/1432/144 430/1414/298 410/1413/313
f 282/281/143 411/311/312 431/308/297
f 282/281/143 431/308/297 303/280/145
f 283/1506/152 412/1559/315 432/1555/301
f 283/1506/152 432/1555/301 445/1550/295
f 283/1506/152 445/1550/295 304/1505/147
f 284/183/151 305/186/148 446/170/296
f 284/183/151 433/167/302 413/166/314
f 284/183/151 446/170/296 433/167/302
f 285/1183/102 299/1184/100 440/1151/247
f 285/1183/102 440/1151/247 435/1150/249
f 286/879/102 301/880/100 442/829/247
f 286/879/102 442/829/247 437/827/249
f 287/1269/101 434/1323/248 439/1320/245
f 287/1269/101 439/1320/245 298/1266/99
f 288/1004/101 436/1060/248 441/1057/246
f 288/1004/101 441/1057/246 300/1003/99
f 289/1623/284 307/1626/279 531/1589/475
f 289/1623/284 531/1589/475 524/1587/481
f 290/807/283 525/892/480 530/878/474
f 290/807/283 530/878/474 308/801/278
f 291/1831/293 532/1884/482 309/1833/285
f 292/2470/294 310/2469/286 533/2406/483
f 293/590/326 528/651/390 538/649/412
f 293/1851/326 538/1918/412 550/1919/557
f 293/1851/326 550/1919/557 326/1855/399
f 294/591/327 539/648/411 529/650/389
f 294/2432/327 327/2416/398 551/2368/558
f 294/2432/327 551/2368/558 539/2372/411
f 295/1201/37 334/1203/49 365/1188/139
f 295/1201/37 341/1256/93 364/1252/138
f 295/1201/37 364/1252/138 334/1203/49
f 295/1201/37 365/1188/139 342/1187/94
f 296/931/37 335/933/49 367/886/139
f 296/931/37 343/997/93 366/995/138
f 296/931/37 366/995/138 335/933/49
f 296/931/37 367/886/139 344/883/94
f 297/2444/571 325/2442/537 814/2332/718
f 297/2444/571 814/2332/718 816/2330/717
f 297/2444/571 816/2330/717 361/2434/606
f 298/1266/99 439/1320/245 449/1318/241
f 298/1266/99 449/1318/241 313/1260/97
f 299/1184/100 314/1185/98 450/1152/242
f 299/1184/100 450/1152/242 440/1151/247
f 300/1003/99 441/1057/246 451/1056/240
f 300/1003/99 451/1056/240 315/1001/97
f 301/880/100 316/881/98 452/830/242
f 301/880/100 452/830/242 442/829/247
f 302/1434/146 317/1436/164 454/1417/304
f 302/1434/146 443/1416/292 430/1414/298
f 302/1434/146 454/1417/304 443/1416/292
f 303/280/145 431/308/297 444/302/291
f 303/280/145 444/302/291 455/300/305
f 303/280/145 455/300/305 318/277/165
f 304/1505/147 445/1550/295 456/1546/306
f 304/1505/147 456/1546/306 320/1503/163
f 305/186/148 319/187/166 457/171/307
f 305/186/148 457/171/307 446/170/296
f 306/1847/576 811/1972/735 385/1867/587
f 306/1847/576 813/1974/727 811/1972/735
f 307/1626/279 322/1628/277 540/1592/471
f 307/1626/279 540/1592/471 531/1589/475
f 308/801/278 530/878/474 541/865/470
f 308/801/278 541/865/470 323/797/276
f 309/1833/285 532/1884/482 542/1885/472
f 309/1833/285 542/1885/472 321/1835/280
f 310/2469/286 324/2468/281 543/2407/473
f 310/2469/286 543/2407/473 533/2406/483
f 311/1463/72 353/1500/194 416/1497/222
f 311/1463/72 383/1467/210 414/1443/220
f 311/1463/72 414/1443/220 351/1439/192
f 311/1463/72 416/1497/222 383/1467/210
f 312/220/71 352/274/191 415/267/219
f 312/220/71 384/223/209 417/191/223
f 312/220/71 415/267/219 384/223/209
f 312/220/71 417/191/223 354/189/193
f 313/1260/97 449/1318/241 458/1316/238
f 313/1260/97 458/1316/238 328/1257/95
f 314/1185/98 329/1186/96 459/1153/239
f 314/1185/98 459/1153/239 450/1152/242
f 315/1001/97 451/1056/240 460/1053/238
f 315/1001/97 460/1053/238 330/999/95
f 316/881/98 331/882/96 461/832/239
f 316/881/98 461/832/239 452/830/242
f 317/1436/164 351/1439/192 469/1420/332
f 317/1436/164 469/1420/332 454/1417/304
f 318/277/165 455/300/305 470/296/331
f 318/277/165 470/296/331 352/274/191
f 319/187/166 354/189/193 472/173/330
f 319/187/166 472/173/330 457/171/307
f 320/1503/163 456/1546/306 471/1541/333
f 320/1503/163 471/1541/333 353/1500/194
f 321/1835/280 542/1885/472 544/1886/468
f 321/1835/280 544/1886/468 337/1836/273
f 322/1628/277 338/1632/275 545/1595/467
f 322/1628/277 545/1595/467 540/1592/471
f 323/797/276 541/865/470 546/858/466
f 323/797/276 546/858/466 339/788/274
f 324/2468/281 340/2467/275 547/2408/469
f 324/2468/281 547/2408/469 543/2407/473
f 325/2442/537 382/2436/524 812/2334/724
f 325/2442/537 812/2334/724 814/2332/718
f 326/1855/399 550/1919/557 566/1917/561
f 326/1855/399 566/1917/561 345/1860/385
f 327/2416/398 346/2403/386 567/2366/562
f 327/2416/398 567/2366/562 551/2368/558
f 328/1257/95 458/1316/238 465/1313/233
f 328/1257/95 465/1313/233 341/1256/93
f 329/1186/96 342/1187/94 466/1154/234
f 329/1186/96 466/1154/234 459/1153/239
f 330/999/95 460/1053/238 467/1050/233
f 330/999/95 467/1050/233 343/997/93
f 331/882/96 344/883/94 468/834/234
f 331/882/96 468/834/234 461/832/239
f 332/1872/1121 355/1876/580 548/1924/912
f 333/112/1120 549/116/913 356/107/579
f 334/1203/49 364/1252/138 418/1255/176
f 334/1203/49 372/1208/61 419/1189/177
f 334/1203/49 418/1255/176 372/1208/61
f 334/1203/49 419/1189/177 365/1188/139
f 335/933/49 366/995/138 420/996/176
f 335/933/49 373/938/62 421/891/177
f 335/933/49 420/996/176 373/938/62
f 335/933/49 421/891/177 367/886/139
f 336/1868/603 438/1881/801 835/1977/725
f 336/1868/603 835/1977/725 815/1976/721
f 337/1836/273 544/1886/468 552/1887/463
f 337/1836/273 552/1887/463 347/1837/271
f 338/1632/275 348/1634/272 553/1597/464
f 338/1632/275 553/1597/464 545/1595/467
f 339/788/274 546/858/466 554/852/463
f 339/788/274 554/852/463 349/783/271
f 340/2467/275 350/2466/272 555/2409/465
f 340/2467/275 555/2409/465 547/2408/469
f 341/1256/93 465/1313/233 475/1312/230
f 341/1256/93 475/1312/230 364/1252/138
f 342/1187/94 365/1188/139 476/1156/231
f 342/1187/94 476/1156/231 466/1154/234
f 343/997/93 467/1050/233 477/1049/230
f 343/997/93 477/1049/230 366/995/138
f 344/883/94 367/886/139 478/835/231
f 344/883/94 478/835/231 468/834/234
f 345/1860/385 566/1917/561 574/1916/552
f 345/1860/385 574/1916/552 362/1863/355
f 346/2403/386 363/2399/356 575/2362/553
f 346/2403/386 575/2362/553 567/2366/562
f 347/1837/271 552/1887/463 562/1888/461
f 347/1837/271 562/1888/461 357/1839/269
f 348/1634/272 358/1635/270 563/1600/460
f 348/1634/272 563/1600/460 553/1597/464
f 349/783/271 554/852/463 564/847/461
f 349/783/271 564/847/461 359/781/269
f 350/2466/272 360/2465/270 565/2411/462
f 350/2466/272 565/2411/462 555/2409/465
f 351/1439/192 414/1443/220 491/1423/348
f 351/1439/192 491/1423/348 469/1420/332
f 352/274/191 470/296/331 492/294/347
f 352/274/191 492/294/347 415/267/219
f 353/1500/194 471/1541/333 493/1534/349
f 353/1500/194 493/1534/349 416/1497/222
f 354/189/193 417/191/223 494/177/346
f 354/189/193 494/177/346 472/173/330
f 355/1805/580 374/1804/362 568/1794/803
f 355/1876/580 568/1925/803 548/1924/912
f 356/107/579 549/116/913 569/103/804
f 356/530/579 569/589/804 375/537/363
f 357/1839/269 562/1888/461 570/1889/458
f 357/1839/269 570/1889/458 368/1841/267
f 358/1635/270 369/1637/268 571/1603/459
f 358/1635/270 571/1603/459 563/1600/460
f 359/781/269 564/847/461 572/843/458
f 359/781/269 572/843/458 370/779/267
f 360/2465/270 371/2461/266 573/2412/459
f 360/2465/270 573/2412/459 565/2411/462
f 361/2434/606 816/2330/717 836/2326/726
f 361/2434/606 836/2326/726 448/2414/802
f 362/1863/355 574/1916/552 586/1914/545
f 362/1863/355 586/1914/545 380/1861/343
f 363/2399/356 381/2397/344 587/2360/546
f 363/2399/356 587/2360/546 575/2362/553
f 364/1252/138 475/1312/230 501/1310/236
f 364/1252/138 501/1310/236 418/1255/176
f 365/1188/139 419/1189/177 502/1158/237
f 365/1188/139 502/1158/237 476/1156/231
f 366/995/138 477/1049/230 503/1047/236
f 366/995/138 503/1047/236 420/996/176
f 367/886/139 421/891/177 504/838/237
f 367/886/139 504/838/237 478/835/231
f 368/1841/267 570/1889/458 576/1891/456
f 368/1841/267 576/1891/456 376/1842/264
f 369/1637/268 377/1639/265 577/1606/457
f 369/1637/268 577/1606/457 571/1603/459
f 370/779/267 572/843/458 578/840/456
f 370/779/267 578/840/456 378/777/264
f 371/2461/266 379/2456/265 579/2413/455
f 371/2461/266 579/2413/455 573/2412/459
f 372/1208/61 418/1255/176 481/1259/197
f 372/1208/61 463/1221/168 482/1190/198
f 372/1208/61 481/1259/197 463/1221/168
f 372/1208/61 482/1190/198 419/1189/177
f 373/938/62 420/996/176 483/1000/197
f 373/938/62 464/950/168 484/895/198
f 373/938/62 483/1000/197 464/950/168
f 373/938/62 484/895/198 421/891/177
f 374/1804/362 390/1803/339 580/1791/578
f 374/1804/362 580/1791/578 568/1794/803
f 375/537/363 569/589/804 581/588/577
f 375/537/363 581/588/577 391/536/340
f 376/1842/264 576/1891/456 582/1892/453
f 376/1842/264 582/1892/453 386/1843/261
f 377/1639/265 387/1640/262 583/1607/452
f 377/1639/265 583/1607/452 577/1606/457
f 378/777/264 578/840/456 584/833/451
f 378/777/264 584/833/451 388/774/261
f 379/2456/265 389/2454/263 585/2415/454
f 379/2456/265 585/2415/454 579/2413/455
f 380/1861/343 586/1914/545 594/1911/530
f 380/1861/343 594/1911/530 392/1858/337
f 381/2397/344 393/2395/338 595/2358/531
f 381/2397/344 595/2358/531 587/2360/546
f 382/2436/524 447/2433/514 810/2336/732
f 382/2436/524 810/2336/732 812/2334/724
f 383/1467/210 416/1497/222 485/1475/372
f 383/1467/210 485/1475/372 414/1443/220
f 384/223/209 415/267/219 486/227/371
f 384/223/209 486/227/371 417/191/223
f 385/1867/587 809/1969/734 453/1873/582
f 385/1867/587 811/1972/735 809/1969/734
f 386/1843/261 582/1892/453 588/1893/449
f 386/1843/261 588/1893/449 394/1844/260
f 387/1640/262 395/1641/259 589/1608/450
f 387/1640/262 589/1608/450 583/1607/452
f 388/774/261 584/833/451 590/824/449
f 388/774/261 590/824/449 396/769/258
f 389/2454/263 397/2455/259 591/2417/450
f 389/2454/263 591/2417/450 585/2415/454
f 390/1803/339 402/1802/329 592/1788/540
f 390/1803/339 592/1788/540 580/1791/578
f 391/536/340 581/588/577 593/585/539
f 391/536/340 593/585/539 403/534/328
f 392/1858/337 594/1911/530 610/1909/523
f 392/1858/337 610/1909/523 404/1859/324
f 393/2395/338 405/2394/325 611/2357/522
f 393/2395/338 611/2357/522 595/2358/531
f 394/1844/260 588/1893/449 596/1894/447
f 394/1844/260 596/1894/447 398/1845/256
f 395/1641/259 399/1642/257 597/1609/448
f 395/1641/259 597/1609/448 589/1608/450
f 396/769/258 590/824/449 598/813/447
f 396/769/258 598/813/447 400/767/256
f 397/2455/259 401/2457/257 599/2419/448
f 397/2455/259 599/2419/448 591/2417/450
f 398/1845/256 596/1894/447 604/1895/445
f 398/1845/256 604/1895/445 406/1846/254
f 399/1642/257 407/1643/255 605/1610/446
f 399/1642/257 605/1610/446 597/1609/448
f 400/767/256 598/813/447 606/808/445
f 400/767/256 606/808/445 408/766/252
f 401/2457/257 409/2458/255 607/2420/446
f 401/2457/257 607/2420/446 599/2419/448
f 402/1802/329 410/1801/313 608/1787/526
f 402/1802/329 608/1787/526 592/1788/540
f 403/534/328 593/585/539 609/584/525
f 403/534/328 609/584/525 411/533/312
f 404/1859/324 610/1909/523 412/1862/315
f 405/2394/325 413/2393/314 611/2357/522
f 406/1846/254 604/1895/445 612/1896/440
f 406/1846/254 612/1896/440 422/1848/252
f 407/1643/255 423/1644/255 613/1612/443
f 407/1643/255 613/1612/443 605/1610/446
f 408/766/252 606/808/445 614/800/440
f 408/766/252 614/800/440 424/764/254
f 409/2458/255 425/2460/253 615/2421/444
f 409/2458/255 615/2421/444 607/2420/446
f 410/1801/313 430/1800/298 616/1785/506
f 410/1801/313 616/1785/506 608/1787/526
f 411/533/312 609/584/525 617/583/505
f 411/533/312 617/583/505 431/532/297
f 412/1862/315 610/1909/523 618/1907/503
f 412/1862/315 618/1907/503 432/1865/301
f 413/2393/314 433/2392/302 619/2355/502
f 413/2393/314 619/2355/502 611/2357/522
f 414/1443/220 485/1475/372 497/1448/375
f 414/1443/220 497/1448/375 534/1427/395
f 414/1443/220 534/1427/395 491/1423/348
f 415/267/219 492/294/347 535/292/394
f 415/267/219 498/269/376 486/227/371
f 415/267/219 535/292/394 498/269/376
f 416/1497/222 493/1534/349 536/1525/397
f 416/1497/222 499/1496/378 485/1475/372
f 416/1497/222 536/1525/397 499/1496/378
f 417/191/223 486/227/371 500/194/377
f 417/191/223 500/194/377 537/179/396
f 417/191/223 537/179/396 494/177/346
f 418/1255/176 501/1310/236 558/1311/335
f 418/1255/176 558/1311/335 481/1259/197
f 419/1189/177 482/1190/198 559/1160/336
f 419/1189/177 559/1160/336 502/1158/237
f 420/996/176 503/1047/236 560/1048/335
f 420/996/176 560/1048/335 483/1000/197
f 421/891/177 484/895/198 561/841/336
f 421/891/177 561/841/336 504/838/237
f 422/1848/252 612/1896/440 620/1897/440
f 422/1848/252 620/1897/440 426/1849/250
f 423/1644/255 427/1646/255 621/1614/443
f 423/1644/255 621/1614/443 613/1612/443
f 424/764/254 614/800/440 622/793/440
f 424/764/254 622/793/440 428/763/254
f 425/2460/253 429/2462/251 623/2423/442
f 425/2460/253 623/2423/442 615/2421/444
f 426/1849/250 620/1897/440 624/1898/441
f 426/1849/250 624/1898/441 434/1850/248
f 427/1646/255 435/1648/249 625/1617/443
f 427/1646/255 625/1617/443 621/1614/443
f 428/763/254 622/793/440 626/785/440
f 428/763/254 626/785/440 436/761/248
f 429/2462/251 437/2463/249 627/2425/442
f 429/2462/251 627/2425/442 623/2423/442
f 430/1800/298 443/1799/292 628/1783/491
f 430/1800/298 628/1783/491 616/1785/506
f 431/532/297 617/583/505 629/579/490
f 431/532/297 629/579/490 444/531/291
f 432/1865/301 618/1907/503 630/1906/494
f 432/1865/301 630/1906/494 445/1866/295
f 433/2392/302 446/2391/296 631/2353/495
f 433/2392/302 631/2353/495 619/2355/502
f 434/1850/248 624/1898/441 632/1899/438
f 434/1850/248 632/1899/438 439/1852/245
f 435/1648/249 440/1649/247 634/1619/437
f 435/1648/249 634/1619/437 625/1617/443
f 436/761/248 626/785/440 633/782/436
f 436/761/248 633/782/436 441/758/246
f 437/2463/249 442/2464/247 635/2426/439
f 437/2463/249 635/2426/439 627/2425/442
f 438/1881/801 487/1912/830 849/1978/736
f 438/1881/801 849/1978/736 835/1977/725
f 439/1852/245 632/1899/438 636/1900/434
f 439/1852/245 636/1900/434 644/1901/431
f 439/1852/245 644/1901/431 449/1853/241
f 440/1649/247 450/1650/242 645/1625/433
f 440/1649/247 637/1622/435 634/1619/437
f 440/1649/247 645/1625/433 637/1622/435
f 441/758/246 633/782/436 638/780/434
f 441/758/246 638/780/434 646/778/430
f 441/758/246 646/778/430 451/757/240
f 442/2464/247 452/2459/242 647/2429/432
f 442/2464/247 639/2428/435 635/2426/439
f 442/2464/247 647/2429/432 639/2428/435
f 443/1799/292 454/1798/304 640/1782/477
f 443/1799/292 640/1782/477 628/1783/491
f 444/531/291 629/579/490 641/575/476
f 444/531/291 641/575/476 455/535/305
f 445/1866/295 630/1906/494 642/1908/478
f 445/1866/295 642/1908/478 456/1869/306
f 446/2391/296 457/2390/307 643/2352/479
f 446/2391/296 643/2352/479 631/2353/495
f 447/2433/514 473/2422/511 808/2337/733
f 447/2433/514 808/2337/733 810/2336/732
f 448/2414/802 836/2326/726 850/2323/739
f 448/2414/802 850/2323/739 488/2396/831
f 449/1853/241 644/1901/431 652/1902/427
f 449/1853/241 652/1902/427 458/1854/238
f 450/1650/242 459/1652/239 653/1627/429
f 450/1650/242 653/1627/429 645/1625/433
f 451/757/240 646/778/430 654/775/428
f 451/757/240 654/775/428 460/756/238
f 452/2459/242 461/2452/239 655/2431/429
f 452/2459/242 655/2431/429 647/2429/432
f 453/1873/582 805/1964/722 474/1874/556
f 453/1873/582 807/1966/728 805/1964/722
f 453/1873/582 809/1969/734 807/1966/728
f 454/1798/304 469/1797/332 648/1781/487
f 454/1798/304 648/1781/487 640/1782/477
f 455/535/305 641/575/476 649/572/485
f 455/535/305 649/572/485 470/540/331
f 456/1869/306 642/1908/478 650/1910/488
f 456/1869/306 650/1910/488 471/1871/333
f 457/2390/307 472/2388/330 651/2351/486
f 457/2390/307 651/2351/486 643/2352/479
f 458/1854/238 652/1902/427 656/1903/423
f 458/1854/238 656/1903/423 465/1856/233
f 459/1652/239 466/1653/234 657/1630/426
f 459/1652/239 657/1630/426 653/1627/429
f 460/756/238 654/775/428 658/773/424
f 460/756/238 658/773/424 467/754/233
f 461/2452/239 468/2450/234 659/2430/425
f 461/2452/239 659/2430/425 655/2431/429
f 462/884/393 800/988/755 479/898/536
f 462/1583/393 480/1582/484 800/1511/755
f 463/1221/168 481/1259/197 600/1271/225
f 463/1221/168 556/1224/218 601/1191/226
f 463/1221/168 600/1271/225 556/1224/218
f 463/1221/168 601/1191/226 482/1190/198
f 464/950/168 483/1000/197 602/1005/225
f 464/950/168 557/957/218 603/901/226
f 464/950/168 602/1005/225 557/957/218
f 464/950/168 603/901/226 484/895/198
f 465/1856/233 656/1903/423 664/1904/415
f 465/1856/233 664/1904/415 475/1864/230
f 466/1653/234 476/1654/231 665/1633/418
f 466/1653/234 665/1633/418 657/1630/426
f 467/754/233 658/773/424 666/770/417
f 467/754/233 666/770/417 477/753/230
f 468/2450/234 478/2449/231 667/2427/416
f 468/2450/234 667/2427/416 659/2430/425
f 469/1797/332 491/1795/348 660/1779/519
f 469/1797/332 660/1779/519 648/1781/487
f 470/540/331 649/572/485 661/581/518
f 470/540/331 661/581/518 492/544/347
f 471/1871/333 650/1910/488 662/1913/520
f 471/1871/333 662/1913/520 493/1875/349
f 472/2388/330 494/2384/346 663/2349/517
f 472/2388/330 663/2349/517 651/2351/486
f 473/2422/511 489/2410/513 804/2339/723
f 473/2422/511 804/2339/723 806/2338/731
f 473/2422/511 806/2338/731 808/2337/733
f 474/1874/556 803/1963/715 490/1878/538
f 474/1874/556 805/1964/722 803/1963/715
f 475/1864/230 664/1904/415 678/1905/419
f 475/1864/230 678/1905/419 501/1870/236
f 476/1654/231 502/1651/237 679/1631/422
f 476/1654/231 679/1631/422 665/1633/418
f 477/753/230 666/770/417 680/772/421
f 477/753/230 680/772/421 503/755/236
f 478/2449/231 504/2445/237 681/2418/420
f 478/2449/231 681/2418/420 667/2427/416
f 479/898/536 799/989/759 495/905/532
f 479/898/536 800/988/755 799/989/759
f 480/1582/484 496/1580/521 798/1514/641
f 480/1582/484 798/1514/641 800/1511/755
f 481/1259/197 558/1311/335 686/1315/369
f 481/1259/197 686/1315/369 600/1271/225
f 482/1190/198 601/1191/226 687/1162/368
f 482/1190/198 687/1162/368 559/1160/336
f 483/1000/197 560/1048/335 688/1052/367
f 483/1000/197 688/1052/367 602/1005/225
f 484/895/198 603/901/226 689/845/370
f 484/895/198 689/845/370 561/841/336
f 485/128/372 499/129/378 668/133/560
f 485/128/372 668/133/560 497/130/375
f 486/2/371 498/3/376 669/8/559
f 486/2/371 669/8/559 500/4/377
f 487/1912/830 518/1923/847 857/1980/746
f 487/1912/830 857/1980/746 849/1978/736
f 488/2396/831 850/2323/739 858/2324/747
f 488/2396/831 858/2324/747 519/2389/848
f 489/2410/513 505/2404/512 802/2340/716
f 489/2410/513 802/2340/716 804/2339/723
f 490/1878/538 801/1961/714 506/1879/527
f 490/1878/538 803/1963/715 801/1961/714
f 491/1795/348 534/1790/395 670/1776/542
f 491/1795/348 670/1776/542 660/1779/519
f 492/1/347 671/7/541 535/5/394
f 492/544/347 661/581/518 671/587/541
f 493/1875/349 662/1913/520 672/1920/544
f 493/1875/349 672/1920/544 536/1890/397
f 494/2384/346 537/2381/396 673/2346/543
f 494/2384/346 673/2346/543 663/2349/517
f 495/905/532 797/983/650 512/904/516
f 495/905/532 799/989/759 797/983/650
f 496/1580/521 513/1581/504 796/1517/655
f 496/1580/521 796/1517/655 798/1514/641
f 497/130/375 668/133/560 674/136/568
f 497/130/375 674/136/568 534/132/395
f 498/3/376 535/5/394 675/9/567
f 498/3/376 675/9/567 669/8/559
f 499/129/378 536/131/397 676/134/570
f 499/129/378 676/134/570 668/133/560
f 500/4/377 669/8/559 677/11/569
f 500/4/377 677/11/569 537/6/396
f 501/1870/236 678/1905/419 690/1921/508
f 501/1870/236 690/1921/508 558/1877/335
f 502/1651/237 559/1645/336 691/1624/510
f 502/1651/237 691/1624/510 679/1631/422
f 503/755/236 680/772/421 692/776/507
f 503/755/236 692/776/507 560/760/335
f 504/2445/237 561/2439/336 693/2398/509
f 504/2445/237 693/2398/509 681/2418/420
f 505/2404/512 514/2401/499 795/2341/711
f 505/2404/512 795/2341/711 802/2340/716
f 506/1879/527 794/1960/710 515/1880/515
f 506/1879/527 801/1961/714 794/1960/710
f 507/638/350 509/640/351 881/706/637
f 507/638/350 881/706/637 508/641/352
f 508/641/352 881/706/637 882/708/649
f 508/641/352 882/708/649 510/644/366
f 509/640/351 511/643/365 883/707/648
f 509/640/351 883/707/648 881/706/637
f 510/644/366 882/708/649 884/711/766
f 510/644/366 884/711/766 516/647/380
f 511/643/365 517/646/379 885/710/635
f 511/643/365 885/710/635 883/707/648
f 512/904/516 793/980/658 521/899/496
f 512/904/516 797/983/650 793/980/658
f 513/1581/504 520/1585/489 792/1521/661
f 513/1581/504 792/1521/661 796/1517/655
f 514/2401/499 523/2402/497 791/2342/709
f 514/2401/499 791/2342/709 795/2341/711
f 515/1880/515 790/1957/708 522/1882/498
f 515/1880/515 794/1960/710 790/1957/708
f 516/647/380 884/711/766 888/716/770
f 516/647/380 888/716/770 528/651/390
f 517/646/379 529/650/389 889/715/636
f 517/646/379 889/715/636 885/710/635
f 518/1923/847 548/1924/912 865/1984/749
f 518/1923/847 865/1984/749 857/1980/746
f 519/2389/848 858/2324/747 866/2327/748
f 519/2389/848 866/2327/748 549/2386/913
f 520/1585/489 524/1587/481 788/1526/665
f 520/1585/489 788/1526/665 792/1521/661
f 521/899/496 789/976/664 525/892/480
f 521/899/496 793/980/658 789/976/664
f 522/1882/498 786/1955/706 526/1883/492
f 522/1882/498 790/1957/708 786/1955/706
f 523/2402/497 527/2405/493 787/2343/707
f 523/2402/497 787/2343/707 791/2342/709
f 524/1587/481 531/1589/475 784/1532/667
f 524/1587/481 784/1532/667 788/1526/665
f 525/892/480 785/971/666 530/878/474
f 525/892/480 789/976/664 785/971/666
f 526/1883/492 782/1953/690 532/1884/482
f 526/1883/492 786/1955/706 782/1953/690
f 527/2405/493 533/2406/483 783/2345/691
f 527/2405/493 783/2345/691 787/2343/707
f 528/651/390 879/703/647 538/649/412
f 528/651/390 886/713/753 879/703/647
f 528/651/390 888/716/770 886/713/753
f 529/650/389 539/648/411 880/702/750
f 529/650/389 880/702/750 887/712/754
f 529/650/389 887/712/754 889/715/636
f 530/878/474 781/965/668 541/865/470
f 530/878/474 785/971/666 781/965/668
f 531/1589/475 540/1592/471 780/1537/669
f 531/1589/475 780/1537/669 784/1532/667
f 532/1884/482 782/1953/690 542/1885/472
f 533/2406/483 543/2407/473 783/2345/691
f 534/132/395 674/136/568 682/137/563
f 534/1790/395 682/1775/563 670/1776/542
f 535/5/394 671/7/541 683/10/564
f 535/5/394 683/10/564 675/9/567
f 536/131/397 685/135/566 676/134/570
f 536/1890/397 672/1920/544 685/1922/566
f 537/6/396 677/11/569 684/12/565
f 537/2381/396 684/2347/565 673/2346/543
f 538/1918/412 877/1973/645 550/1919/557
f 538/1918/412 879/1975/647 877/1973/645
f 539/2372/411 551/2368/558 878/2302/764
f 539/2372/411 878/2302/764 880/2306/750
f 540/1592/471 545/1595/467 776/1543/671
f 540/1592/471 776/1543/671 780/1537/669
f 541/865/470 777/958/670 546/858/466
f 541/865/470 781/965/668 777/958/670
f 542/1885/472 778/1949/682 544/1886/468
f 542/1885/472 782/1953/690 778/1949/682
f 543/2407/473 547/2408/469 779/2348/683
f 543/2407/473 779/2348/683 783/2345/691
f 544/1886/468 772/1946/674 552/1887/463
f 544/1886/468 778/1949/682 772/1946/674
f 545/1595/467 553/1597/464 773/1549/673
f 545/1595/467 773/1549/673 776/1543/671
f 546/858/466 774/939/672 554/852/463
f 546/858/466 777/958/670 774/939/672
f 547/2408/469 555/2409/465 775/2350/675
f 547/2408/469 775/2350/675 779/2348/683
f 548/1924/912 568/1925/803 865/1984/749
f 549/100/913 866/111/748 569/115/804
f 550/1919/557 875/1971/634 566/1917/561
f 550/1919/557 877/1973/645 875/1971/634
f 551/2368/558 567/2366/562 876/2300/763
f 551/2368/558 876/2300/763 878/2302/764
f 552/1887/463 768/1945/676 562/1888/461
f 552/1887/463 772/1946/674 768/1945/676
f 553/1597/464 563/1600/460 769/1560/677
f 553/1597/464 769/1560/677 773/1549/673
f 554/852/463 770/925/676 564/847/461
f 554/852/463 774/939/672 770/925/676
f 555/2409/465 565/2411/462 771/2356/677
f 555/2409/465 771/2356/677 775/2350/675
f 556/1224/218 600/1271/225 694/1233/345
f 556/1224/218 694/1233/345 601/1191/226
f 557/957/218 602/1005/225 695/963/345
f 557/957/218 695/963/345 603/901/226
f 558/1877/335 690/1921/508 700/1926/547
f 558/1877/335 700/1926/547 686/1915/369
f 559/1645/336 687/1636/368 701/1611/548
f 559/1645/336 701/1611/548 691/1624/510
f 560/760/335 692/776/507 702/789/547
f 560/760/335 702/789/547 688/768/367
f 561/2439/336 689/2424/370 703/2387/548
f 561/2439/336 703/2387/548 693/2398/509
f 562/1888/461 764/1944/680 570/1889/458
f 562/1888/461 768/1945/676 764/1944/680
f 563/1600/460 571/1603/459 765/1562/679
f 563/1600/460 765/1562/679 769/1560/677
f 564/847/461 766/921/678 572/843/458
f 564/847/461 770/925/676 766/921/678
f 565/2411/462 573/2412/459 767/2359/681
f 565/2411/462 767/2359/681 771/2356/677
f 566/1917/561 873/1968/644 574/1916/552
f 566/1917/561 875/1971/634 873/1968/644
f 567/2366/562 575/2362/553 874/2296/762
f 567/2366/562 874/2296/762 876/2300/763
f 568/1794/803 580/1791/578 867/1768/752
f 568/1925/803 867/1987/752 865/1984/749
f 569/115/804 866/111/748 868/124/751
f 569/589/804 868/637/751 581/588/577
f 570/1889/458 760/1943/686 576/1891/456
f 570/1889/458 764/1944/680 760/1943/686
f 571/1603/459 577/1606/457 761/1565/687
f 571/1603/459 761/1565/687 765/1562/679
f 572/843/458 762/917/686 578/840/456
f 572/843/458 766/921/678 762/917/686
f 573/2412/459 579/2413/455 763/2361/687
f 573/2412/459 763/2361/687 767/2359/681
f 574/1916/552 871/1965/744 586/1914/545
f 574/1916/552 873/1968/644 871/1965/744
f 575/2362/553 587/2360/546 872/2294/745
f 575/2362/553 872/2294/745 874/2296/762
f 576/1891/456 756/1942/688 582/1892/453
f 576/1891/456 760/1943/686 756/1942/688
f 577/1606/457 583/1607/452 757/1567/689
f 577/1606/457 757/1567/689 761/1565/687
f 578/840/456 758/913/688 584/833/451
f 578/840/456 762/917/686 758/913/688
f 579/2413/455 585/2415/454 759/2363/689
f 579/2413/455 759/2363/689 763/2361/687
f 580/1791/578 592/1788/540 863/1766/765
f 580/1791/578 863/1766/765 867/1768/752
f 581/588/577 864/630/646 593/585/539
f 581/588/577 868/637/751 864/630/646
f 582/1892/453 752/1941/694 588/1893/449
f 582/1892/453 756/1942/688 752/1941/694
f 583/1607/452 589/1608/450 753/1570/693
f 583/1607/452 753/1570/693 757/1567/689
f 584/833/451 754/911/692 590/824/449
f 584/833/451 758/913/688 754/911/692
f 585/2415/454 591/2417/450 755/2365/695
f 585/2415/454 755/2365/695 759/2363/689
f 586/1914/545 869/1962/742 594/1911/530
f 586/1914/545 871/1965/744 869/1962/742
f 587/2360/546 595/2358/531 870/2291/743
f 587/2360/546 870/2291/743 872/2294/745
f 588/1893/449 748/1940/696 596/1894/447
f 588/1893/449 752/1941/694 748/1940/696
f 589/1608/450 597/1609/448 749/1572/697
f 589/1608/450 749/1572/697 753/1570/693
f 590/824/449 750/907/696 598/813/447
f 590/824/449 754/911/692 750/907/696
f 591/2417/450 599/2419/448 751/2367/697
f 591/2417/450 751/2367/697 755/2365/695
f 592/1788/540 608/1787/526 861/1765/741
f 592/1788/540 861/1765/741 863/1766/765
f 593/585/539 862/625/740 609/584/525
f 593/585/539 864/630/646 862/625/740
f 594/1911/530 869/1962/742 610/1909/523
f 595/2358/531 611/2357/522 870/2291/743
f 596/1894/447 744/1939/698 604/1895/445
f 596/1894/447 748/1940/696 744/1939/698
f 597/1609/448 605/1610/446 745/1577/699
f 597/1609/448 745/1577/699 749/1572/697
f 598/813/447 746/897/698 606/808/445
f 598/813/447 750/907/696 746/897/698
f 599/2419/448 607/2420/446 747/2369/699
f 599/2419/448 747/2369/699 751/2367/697
f 600/1271/225 686/1315/369 696/1280/359
f 600/1271/225 696/1280/359 694/1233/345
f 601/1191/226 694/1233/345 697/1194/360
f 601/1647/226 697/1629/360 687/1636/368
f 602/1005/225 688/1052/367 698/1015/359
f 602/1005/225 698/1015/359 695/963/345
f 603/901/226 695/963/345 699/909/361
f 603/2440/226 699/2400/361 689/2424/370
f 604/1895/445 740/1938/702 612/1896/440
f 604/1895/445 744/1939/698 740/1938/702
f 605/1610/446 613/1612/443 741/1579/701
f 605/1610/446 741/1579/701 745/1577/699
f 606/808/445 742/888/700 614/800/440
f 606/808/445 746/897/698 742/888/700
f 607/2420/446 615/2421/444 743/2370/703
f 607/2420/446 743/2370/703 747/2369/699
f 608/1787/526 616/1785/506 855/1764/643
f 608/1787/526 855/1764/643 861/1765/741
f 609/584/525 856/619/761 617/583/505
f 609/584/525 862/625/740 856/619/761
f 610/1909/523 859/1959/737 618/1907/503
f 610/1909/523 869/1962/742 859/1959/737
f 611/2357/522 619/2355/502 860/2293/738
f 611/2357/522 860/2293/738 870/2291/743
f 612/1896/440 736/1937/704 620/1897/440
f 612/1896/440 740/1938/702 736/1937/704
f 613/1612/443 621/1614/443 737/1584/705
f 613/1612/443 737/1584/705 741/1579/701
f 614/800/440 738/871/704 622/793/440
f 614/800/440 742/888/700 738/871/704
f 615/2421/444 623/2423/442 739/2371/705
f 615/2421/444 739/2371/705 743/2370/703
f 616/1785/506 628/1783/491 851/1763/663
f 616/1785/506 851/1763/663 855/1764/643
f 617/583/505 852/615/662 629/579/490
f 617/583/505 856/619/761 852/615/662
f 618/1907/503 853/1956/729 630/1906/494
f 618/1907/503 859/1959/737 853/1956/729
f 619/2355/502 631/2353/495 854/2295/730
f 619/2355/502 854/2295/730 860/2293/738
f 620/1897/440 732/1936/704 624/1898/441
f 620/1897/440 736/1937/704 732/1936/704
f 621/1614/443 625/1617/443 733/1586/705
f 621/1614/443 733/1586/705 737/1584/705
f 622/793/440 734/862/704 626/785/440
f 622/793/440 738/871/704 734/862/704
f 623/2423/442 627/2425/442 735/2374/705
f 623/2423/442 735/2374/705 739/2371/705
f 624/1898/441 728/1935/704 632/1899/438
f 624/1898/441 732/1936/704 728/1935/704
f 625/1617/443 634/1619/437 729/1588/705
f 625/1617/443 729/1588/705 733/1586/705
f 626/785/440 730/853/704 633/782/436
f 626/785/440 734/862/704 730/853/704
f 627/2425/442 635/2426/439 731/2375/705
f 627/2425/442 731/2375/705 735/2374/705
f 628/1783/491 640/1782/477 845/1762/660
f 628/1783/491 845/1762/660 851/1763/663
f 629/579/490 846/609/659 641/575/476
f 629/579/490 852/615/662 846/609/659
f 630/1906/494 847/1954/719 642/1908/478
f 630/1906/494 853/1956/729 847/1954/719
f 631/2353/495 643/2352/479 848/2298/720
f 631/2353/495 848/2298/720 854/2295/730
f 632/1899/438 724/1933/772 636/1900/434
f 632/1899/438 728/1935/704 724/1933/772
f 633/782/436 726/849/772 638/780/434
f 633/782/436 730/853/704 726/849/772
f 634/1619/437 637/1622/435 725/1590/773
f 634/1619/437 725/1590/773 729/1588/705
f 635/2426/439 639/2428/435 727/2376/773
f 635/2426/439 727/2376/773 731/2375/705
f 636/1900/434 716/1931/776 644/1901/431
f 636/1900/434 720/1932/774 716/1931/776
f 636/1900/434 724/1933/772 720/1932/774
f 637/1622/435 645/1625/433 717/1596/779
f 637/1622/435 717/1596/779 721/1594/775
f 637/1622/435 721/1594/775 725/1590/773
f 638/780/434 718/842/778 646/778/430
f 638/780/434 722/846/774 718/842/778
f 638/780/434 726/849/772 722/846/774
f 639/2428/435 647/2429/432 719/2378/777
f 639/2428/435 719/2378/777 723/2377/775
f 639/2428/435 723/2377/775 727/2376/773
f 640/1782/477 648/1781/487 841/1761/657
f 640/1782/477 841/1761/657 845/1762/660
f 641/575/476 842/603/656 649/572/485
f 641/575/476 846/609/659 842/603/656
f 642/1908/478 843/1951/712 650/1910/488
f 642/1908/478 847/1954/719 843/1951/712
f 643/2352/479 651/2351/486 844/2301/713
f 643/2352/479 844/2301/713 848/2298/720
f 644/1901/431 712/1930/780 652/1902/427
f 644/1901/431 716/1931/776 712/1930/780
f 645/1625/433 653/1627/429 713/1599/781
f 645/1625/433 713/1599/781 717/1596/779
f 646/778/430 714/837/780 654/775/428
f 646/778/430 718/842/778 714/837/780
f 647/2429/432 655/2431/429 715/2379/781
f 647/2429/432 715/2379/781 719/2378/777
f 648/1781/487 660/1779/519 837/1759/654
f 648/1781/487 837/1759/654 841/1761/657
f 649/572/485 838/601/653 661/581/518
f 649/572/485 842/603/656 838/601/653
f 650/1910/488 839/1948/684 662/1913/520
f 650/1910/488 843/1951/712 839/1948/684
f 651/2351/486 663/2349/517 840/2305/685
f 651/2351/486 840/2305/685 844/2301/713
f 652/1902/427 708/1928/784 656/1903/423
f 652/1902/427 712/1930/780 708/1928/784
f 653/1627/429 657/1630/426 709/1602/783
f 653/1627/429 709/1602/783 713/1599/781
f 654/775/428 710/831/782 658/773/424
f 654/775/428 714/837/780 710/831/782
f 655/2431/429 659/2430/425 711/2382/783
f 655/2431/429 711/2382/783 715/2379/781
f 656/1903/423 708/1928/784 890/1927/785
f 656/1903/423 890/1927/785 664/1904/415
f 657/1630/426 665/1633/418 891/1604/787
f 657/1630/426 891/1604/787 709/1602/783
f 658/773/424 710/831/782 892/822/786
f 658/773/424 892/822/786 666/770/417
f 659/2430/425 667/2427/416 893/2383/787
f 659/2430/425 893/2383/787 711/2382/783
f 660/1779/519 670/1776/542 831/1756/642
f 660/1779/519 831/1756/642 837/1759/654
f 661/581/518 832/597/760 671/587/541
f 661/581/518 838/601/653 832/597/760
f 662/1913/520 833/1947/651 672/1920/544
f 662/1913/520 839/1948/684 833/1947/651
f 663/2349/517 673/2346/543 834/2308/652
f 663/2349/517 834/2308/652 840/2305/685
f 664/1904/415 890/1927/785 894/1934/791
f 664/1904/415 894/1934/791 678/1905/419
f 665/1633/418 679/1631/422 895/1605/790
f 665/1633/418 895/1605/790 891/1604/787
f 666/770/417 892/822/786 896/817/789
f 666/770/417 896/817/789 680/772/421
f 667/2427/416 681/2418/420 897/2380/790
f 667/2427/416 897/2380/790 893/2383/787
f 668/133/560 676/134/570 817/140/767
f 668/133/560 817/140/767 674/136/568
f 669/8/559 675/9/567 818/16/631
f 669/8/559 818/16/631 677/11/569
f 670/1776/542 682/1775/563 823/1760/639
f 670/1776/542 823/1760/639 827/1757/640
f 670/1776/542 827/1757/640 831/1756/642
f 671/7/541 824/14/757 683/10/564
f 671/7/541 828/13/758 824/14/757
f 671/587/541 832/597/760 828/598/758
f 672/1920/544 825/1958/630 685/1922/566
f 672/1920/544 829/1952/633 825/1958/630
f 672/1920/544 833/1947/651 829/1952/633
f 673/2346/543 684/2347/565 826/2312/771
f 673/2346/543 826/2312/771 830/2309/769
f 673/2346/543 830/2309/769 834/2308/652
f 674/136/568 817/140/767 819/141/768
f 674/136/568 819/141/768 682/137/563
f 675/9/567 683/10/564 820/15/632
f 675/9/567 820/15/632 818/16/631
f 676/134/570 685/135/566 821/139/638
f 676/134/570 821/139/638 817/140/767
f 677/11/569 818/16/631 822/17/756
f 677/11/569 822/17/756 684/12/565
f 678/1905/419 894/1934/791 898/1950/793
f 678/1905/419 898/1950/793 690/1921/508
f 679/1631/422 691/1624/510 899/1601/794
f 679/1631/422 899/1601/794 895/1605/790
f 680/772/421 896/817/789 900/828/793
f 680/772/421 900/828/793 692/776/507
f 681/2418/420 693/2398/509 901/2373/794
f 681/2418/420 901/2373/794 897/2380/790
f 682/137/563 819/141/768 823/142/639
f 683/10/564 824/14/757 820/15/632
f 684/12/565 822/17/756 826/18/771
f 685/135/566 825/138/630 821/139/638
f 686/1315/369 704/1322/401 696/1280/359
f 686/1915/369 700/1926/547 704/1929/401
f 687/1636/368 697/1629/360 705/1613/402
f 687/1636/368 705/1613/402 701/1611/548
f 688/768/367 702/789/547 706/798/401
f 688/1052/367 706/1058/401 698/1015/359
f 689/2424/370 699/2400/361 707/2385/402
f 689/2424/370 707/2385/402 703/2387/548
f 690/1921/508 898/1950/793 912/1970/800
f 690/1921/508 912/1970/800 700/1926/547
f 691/1624/510 701/1611/548 913/1593/799
f 691/1624/510 913/1593/799 899/1601/794
f 692/776/507 900/828/793 914/844/798
f 692/776/507 914/844/798 702/789/547
f 693/2398/509 703/2387/548 915/2354/797
f 693/2398/509 915/2354/797 901/2373/794
f 694/1758/345 696/1742/359 902/1755/400
f 694/1758/345 902/1755/400 697/1778/360
f 695/1319/345 698/1265/359 903/1317/400
f 695/1319/345 903/1317/400 699/1370/361
f 696/1742/359 704/1714/401 908/1740/403
f 696/1742/359 908/1740/403 902/1755/400
f 697/1778/360 902/1755/400 909/1777/404
f 697/1778/360 909/1777/404 705/1796/402
f 698/1265/359 706/1228/401 910/1263/403
f 698/1265/359 910/1263/403 903/1317/400
f 699/1370/361 903/1317/400 911/1369/404
f 699/1370/361 911/1369/404 707/1395/402
f 700/1926/547 904/1967/592 704/1929/401
f 700/1926/547 912/1970/800 904/1967/592
f 701/1611/548 705/1613/402 905/1598/591
f 701/1611/548 905/1598/591 913/1593/799
f 702/789/547 906/836/590 706/798/401
f 702/789/547 914/844/798 906/836/590
f 703/2387/548 707/2385/402 907/2364/591
f 703/2387/548 907/2364/591 915/2354/797
f 704/1714/401 920/1720/528 908/1740/403
f 704/1929/401 904/1967/592 920/1979/528
f 705/1613/402 921/1591/529 905/1598/591
f 705/1796/402 909/1777/404 921/1793/529
f 706/798/401 906/836/590 922/850/528
f 706/1228/401 922/1232/528 910/1263/403
f 707/1395/402 911/1369/404 923/1394/529
f 707/2385/402 923/2344/529 907/2364/591
f 708/1928/784 712/1930/780 946/1983/1032
f 708/1928/784 934/1981/1041 890/1927/785
f 708/1928/784 946/1983/1032 934/1981/1041
f 709/1602/783 891/1604/787 935/1573/1042
f 709/1602/783 935/1573/1042 947/1571/1033
f 709/1602/783 947/1571/1033 713/1599/781
f 710/831/782 714/837/780 948/902/1034
f 710/831/782 936/894/1041 892/822/786
f 710/831/782 948/902/1034 936/894/1041
f 711/2382/783 893/2383/787 937/2333/1042
f 711/2382/783 937/2333/1042 949/2331/1033
f 711/2382/783 949/2331/1033 715/2379/781
f 712/1930/780 716/1931/776 950/1985/1030
f 712/1930/780 950/1985/1030 946/1983/1032
f 713/1599/781 947/1571/1033 951/1568/1031
f 713/1599/781 951/1568/1031 717/1596/779
f 714/837/780 718/842/778 952/910/1028
f 714/837/780 952/910/1028 948/902/1034
f 715/2379/781 949/2331/1033 953/2325/1029
f 715/2379/781 953/2325/1029 719/2378/777
f 716/1931/776 720/1932/774 958/1989/1023
f 716/1931/776 958/1989/1023 950/1985/1030
f 717/1596/779 951/1568/1031 959/1566/1024
f 717/1596/779 959/1566/1024 721/1594/775
f 718/842/778 722/846/774 960/912/1023
f 718/842/778 960/912/1023 952/910/1028
f 719/2378/777 953/2325/1029 961/2322/1024
f 719/2378/777 961/2322/1024 723/2377/775
f 720/1932/774 724/1933/772 966/1991/1018
f 720/1932/774 966/1991/1018 958/1989/1023
f 721/1594/775 959/1566/1024 967/1563/1017
f 721/1594/775 967/1563/1017 725/1590/773
f 722/846/774 726/849/772 968/915/1016
f 722/846/774 968/915/1016 960/912/1023
f 723/2377/775 961/2322/1024 969/2321/1019
f 723/2377/775 969/2321/1019 727/2376/773
f 724/1933/772 728/1935/704 976/1993/1014
f 724/1933/772 976/1993/1014 966/1991/1018
f 725/1590/773 967/1563/1017 974/1561/1015
f 725/1590/773 974/1561/1015 729/1588/705
f 726/849/772 730/853/704 977/919/1014
f 726/849/772 977/919/1014 968/915/1016
f 727/2376/773 969/2321/1019 975/2319/1015
f 727/2376/773 975/2319/1015 731/2375/705
f 728/1935/704 732/1936/704 982/1994/1010
f 728/1935/704 982/1994/1010 976/1993/1014
f 729/1588/705 974/1561/1015 983/1554/1012
f 729/1588/705 983/1554/1012 733/1586/705
f 730/853/704 734/862/704 984/922/1009
f 730/853/704 984/922/1009 977/919/1014
f 731/2375/705 975/2319/1015 985/2318/1011
f 731/2375/705 985/2318/1011 735/2374/705
f 732/1936/704 736/1937/704 986/1996/1010
f 732/1936/704 986/1996/1010 982/1994/1010
f 733/1586/705 983/1554/1012 987/1548/1012
f 733/1586/705 987/1548/1012 737/1584/705
f 734/862/704 738/871/704 988/927/1009
f 734/862/704 988/927/1009 984/922/1009
f 735/2374/705 985/2318/1011 989/2316/1012
f 735/2374/705 989/2316/1012 739/2371/705
f 736/1937/704 740/1938/702 994/1997/1013
f 736/1937/704 994/1997/1013 986/1996/1010
f 737/1584/705 987/1548/1012 995/1542/1012
f 737/1584/705 995/1542/1012 741/1579/701
f 738/871/704 742/888/700 996/948/1009
f 738/871/704 996/948/1009 988/927/1009
f 739/2371/705 989/2316/1012 997/2315/1012
f 739/2371/705 997/2315/1012 743/2370/703
f 740/1938/702 744/1939/698 1006/1998/1007
f 740/1938/702 1006/1998/1007 994/1997/1013
f 741/1579/701 995/1542/1012 1007/1536/1008
f 741/1579/701 1007/1536/1008 745/1577/699
f 742/888/700 746/897/698 1008/961/1007
f 742/888/700 1008/961/1007 996/948/1009
f 743/2370/703 997/2315/1012 1009/2314/1008
f 743/2370/703 1009/2314/1008 747/2369/699
f 744/1939/698 748/1940/696 1010/2001/1005
f 744/1939/698 1010/2001/1005 1006/1998/1007
f 745/1577/699 1007/1536/1008 1011/1533/1006
f 745/1577/699 1011/1533/1006 749/1572/697
f 746/897/698 750/907/696 1012/968/1005
f 746/897/698 1012/968/1005 1008/961/1007
f 747/2369/699 1009/2314/1008 1013/2313/1006
f 747/2369/699 1013/2313/1006 751/2367/697
f 748/1940/696 752/1941/694 1018/2003/1003
f 748/1940/696 1018/2003/1003 1010/2001/1005
f 749/1572/697 1011/1533/1006 1019/1527/1004
f 749/1572/697 1019/1527/1004 753/1570/693
f 750/907/696 754/911/692 1020/972/1003
f 750/907/696 1020/972/1003 1012/968/1005
f 751/2367/697 1013/2313/1006 1021/2311/1004
f 751/2367/697 1021/2311/1004 755/2365/695
f 752/1941/694 756/1942/688 1024/2006/1001
f 752/1941/694 1024/2006/1001 1018/2003/1003
f 753/1570/693 1019/1527/1004 1025/1522/1000
f 753/1570/693 1025/1522/1000 757/1567/689
f 754/911/692 758/913/688 1026/979/999
f 754/911/692 1026/979/999 1020/972/1003
f 755/2365/695 1021/2311/1004 1027/2310/1002
f 755/2365/695 1027/2310/1002 759/2363/689
f 756/1942/688 760/1943/686 1030/2007/996
f 756/1942/688 1030/2007/996 1024/2006/1001
f 757/1567/689 1025/1522/1000 1031/1516/998
f 757/1567/689 1031/1516/998 761/1565/687
f 758/913/688 762/917/686 1032/982/997
f 758/913/688 1032/982/997 1026/979/999
f 759/2363/689 1027/2310/1002 1033/2307/998
f 759/2363/689 1033/2307/998 763/2361/687
f 760/1943/686 764/1944/680 1036/2009/994
f 760/1943/686 1036/2009/994 1030/2007/996
f 761/1565/687 1031/1516/998 1037/1513/995
f 761/1565/687 1037/1513/995 765/1562/679
f 762/917/686 766/921/678 1038/990/994
f 762/917/686 1038/990/994 1032/982/997
f 763/2361/687 1033/2307/998 1039/2299/995
f 763/2361/687 1039/2299/995 767/2359/681
f 764/1944/680 768/1945/676 1044/2011/992
f 764/1944/680 1044/2011/992 1036/2009/994
f 765/1562/679 1037/1513/995 1045/1501/993
f 765/1562/679 1045/1501/993 769/1560/677
f 766/921/678 770/925/676 1046/998/991
f 766/921/678 1046/998/991 1038/990/994
f 767/2359/681 1039/2299/995 1047/2289/993
f 767/2359/681 1047/2289/993 771/2356/677
f 768/1945/676 772/1946/674 1048/2012/988
f 768/1945/676 1048/2012/988 1044/2011/992
f 769/1560/677 1045/1501/993 1049/1493/990
f 769/1560/677 1049/1493/990 773/1549/673
f 770/925/676 774/939/672 1050/1011/989
f 770/925/676 1050/1011/989 1046/998/991
f 771/2356/677 1047/2289/993 1051/2286/990
f 771/2356/677 1051/2286/990 775/2350/675
f 772/1946/674 778/1949/682 1060/2014/984
f 772/1946/674 1060/2014/984 1048/2012/988
f 773/1549/673 1049/1493/990 1061/1489/987
f 773/1549/673 1061/1489/987 776/1543/671
f 774/939/672 777/958/670 1062/1023/986
f 774/939/672 1062/1023/986 1050/1011/989
f 775/2350/675 1051/2286/990 1063/2283/985
f 775/2350/675 1063/2283/985 779/2348/683
f 776/1543/671 1061/1489/987 1068/1487/983
f 776/1543/671 1068/1487/983 780/1537/669
f 777/958/670 781/965/668 1069/1032/982
f 777/958/670 1069/1032/982 1062/1023/986
f 778/1949/682 782/1953/690 1070/2015/980
f 778/1949/682 1070/2015/980 1060/2014/984
f 779/2348/683 1063/2283/985 1071/2281/981
f 779/2348/683 1071/2281/981 783/2345/691
f 780/1537/669 1068/1487/983 1078/1482/979
f 780/1537/669 1078/1482/979 784/1532/667
f 781/965/668 785/971/666 1079/1041/978
f 781/965/668 1079/1041/978 1069/1032/982
f 782/1953/690 786/1955/706 1086/2018/960
f 782/1953/690 1080/2017/970 1070/2015/980
f 782/1953/690 1086/2018/960 1080/2017/970
f 783/2345/691 1071/2281/981 1081/2279/971
f 783/2345/691 1081/2279/971 1087/2276/961
f 783/2345/691 1087/2276/961 787/2343/707
f 784/1532/667 1078/1482/979 1084/1480/973
f 784/1532/667 1084/1480/973 788/1526/665
f 785/971/666 789/976/664 1085/1045/972
f 785/971/666 1085/1045/972 1079/1041/978
f 786/1955/706 790/1957/708 1090/2021/955
f 786/1955/706 1090/2021/955 1086/2018/960
f 787/2343/707 1087/2276/961 1091/2273/956
f 787/2343/707 1091/2273/956 791/2342/709
f 788/1526/665 1084/1480/973 1088/1476/964
f 788/1526/665 1088/1476/964 792/1521/661
f 789/976/664 793/980/658 1089/1055/957
f 789/976/664 1089/1055/957 1085/1045/972
f 790/1957/708 794/1960/710 1096/2025/944
f 790/1957/708 1096/2025/944 1090/2021/955
f 791/2342/709 1091/2273/956 1097/2270/954
f 791/2342/709 1097/2270/954 795/2341/711
f 792/1521/661 1088/1476/964 1098/1461/951
f 792/1521/661 1098/1461/951 796/1517/655
f 793/980/658 797/983/650 1099/1065/943
f 793/980/658 1099/1065/943 1089/1055/957
f 794/1960/710 801/1961/714 1105/2030/932
f 794/1960/710 1105/2030/932 1096/2025/944
f 795/2341/711 1097/2270/954 1106/2265/947
f 795/2341/711 1106/2265/947 802/2340/716
f 796/1517/655 1098/1461/951 1113/1457/938
f 796/1517/655 1113/1457/938 798/1514/641
f 797/983/650 799/989/759 1114/1074/920
f 797/983/650 1114/1074/920 1099/1065/943
f 798/1514/641 1113/1457/938 1133/1453/969
f 798/1514/641 1133/1453/969 800/1511/755
f 799/989/759 800/988/755 1134/1083/911
f 799/989/759 1134/1083/911 1114/1074/920
f 800/988/755 1165/1085/1074 1134/1083/911
f 800/1511/755 1133/1453/969 1165/1447/1074
f 801/1961/714 803/1963/715 1119/2035/909
f 801/1961/714 1119/2035/909 1105/2030/932
f 802/2340/716 1106/2265/947 1124/2260/946
f 802/2340/716 1124/2260/946 804/2339/723
f 803/1963/715 805/1964/722 1135/2044/893
f 803/1963/715 1135/2044/893 1119/2035/909
f 804/2339/723 1124/2260/946 1140/2253/948
f 804/2339/723 1140/2253/948 806/2338/731
f 805/1964/722 807/1966/728 1174/2056/859
f 805/1964/722 1174/2056/859 1135/2044/893
f 806/2338/731 1140/2253/948 808/2337/733
f 807/1966/728 809/1969/734 1174/2056/859
f 808/2337/733 1140/2253/948 1180/2242/945
f 808/2337/733 1180/2242/945 810/2336/732
f 809/1969/734 811/1972/735 1242/2070/854
f 809/1969/734 1242/2070/854 1174/2056/859
f 810/2336/732 1180/2242/945 1245/2229/935
f 810/2336/732 1245/2229/935 812/2334/724
f 811/1972/735 813/1974/727 1349/2084/867
f 811/1972/735 1349/2084/867 1242/2070/854
f 812/2334/724 1245/2229/935 1328/2222/910
f 812/2334/724 1328/2222/910 814/2332/718
f 813/1974/727 815/1976/721 1421/2091/855
f 813/1974/727 1421/2091/855 1349/2084/867
f 814/2332/718 1328/2222/910 1358/2217/872
f 814/2332/718 1358/2217/872 816/2330/717
f 815/1976/721 835/1977/725 1313/2086/835
f 815/1976/721 1313/2086/835 1421/2091/855
f 816/2330/717 1276/2225/832 836/2326/726
f 816/2330/717 1358/2217/872 1276/2225/832
f 817/140/767 821/139/638 926/145/876
f 817/140/767 924/147/875 819/141/768
f 817/140/767 926/145/876 932/148/884
f 817/140/767 932/148/884 924/147/875
f 818/16/631 820/15/632 925/21/874
f 818/16/631 925/21/874 933/24/883
f 818/16/631 927/23/873 822/17/756
f 818/16/631 933/24/883 927/23/873
f 819/141/768 916/146/879 823/142/639
f 819/141/768 924/147/875 916/146/879
f 820/15/632 824/14/757 917/19/880
f 820/15/632 917/19/880 925/21/874
f 821/139/638 825/138/630 918/144/877
f 821/139/638 918/144/877 926/145/876
f 822/17/756 919/22/878 826/18/771
f 822/17/756 927/23/873 919/22/878
f 823/142/639 916/146/879 928/149/906
f 823/142/639 928/149/906 827/143/640
f 824/14/757 828/13/758 929/20/905
f 824/14/757 929/20/905 917/19/880
f 825/1958/630 829/1952/633 930/1992/904
f 825/1958/630 930/1992/904 918/1990/877
f 826/2312/771 919/2268/878 931/2263/903
f 826/2312/771 931/2263/903 830/2309/769
f 827/1757/640 928/1746/906 831/1756/642
f 828/598/758 832/597/760 929/656/905
f 829/1952/633 833/1947/651 930/1992/904
f 830/2309/769 931/2263/903 834/2308/652
f 831/1756/642 928/1746/906 942/1739/941
f 831/1756/642 942/1739/941 837/1759/654
f 832/597/760 838/601/653 943/660/940
f 832/597/760 943/660/940 929/656/905
f 833/1947/651 839/1948/684 944/1995/942
f 833/1947/651 944/1995/942 930/1992/904
f 834/2308/652 931/2263/903 945/2257/939
f 834/2308/652 945/2257/939 840/2305/685
f 835/1977/725 849/1978/736 1193/2072/623
f 835/1977/725 1193/2072/623 1313/2086/835
f 836/2326/726 1179/2231/622 850/2323/739
f 836/2326/726 1276/2225/832 1179/2231/622
f 837/1759/654 942/1739/941 954/1736/967
f 837/1759/654 954/1736/967 841/1761/657
f 838/601/653 842/603/656 955/665/966
f 838/601/653 955/665/966 943/660/940
f 839/1948/684 843/1951/712 956/1999/968
f 839/1948/684 956/1999/968 944/1995/942
f 840/2305/685 945/2257/939 957/2252/965
f 840/2305/685 957/2252/965 844/2301/713
f 841/1761/657 954/1736/967 962/1738/977
f 841/1761/657 962/1738/977 845/1762/660
f 842/603/656 846/609/659 963/669/976
f 842/603/656 963/669/976 955/665/966
f 843/1951/712 847/1954/719 964/2002/974
f 843/1951/712 964/2002/974 956/1999/968
f 844/2301/713 957/2252/965 965/2251/975
f 844/2301/713 965/2251/975 848/2298/720
f 845/1762/660 962/1738/977 978/1741/963
f 845/1762/660 978/1741/963 851/1763/663
f 846/609/659 852/615/662 979/673/962
f 846/609/659 979/673/962 963/669/976
f 847/1954/719 853/1956/729 980/2005/958
f 847/1954/719 980/2005/958 964/2002/974
f 848/2298/720 965/2251/975 981/2248/959
f 848/2298/720 981/2248/959 854/2295/730
f 849/1978/736 857/1980/746 1126/2062/608
f 849/1978/736 1126/2062/608 1193/2072/623
f 850/2323/739 1125/2246/607 858/2324/747
f 850/2323/739 1179/2231/622 1125/2246/607
f 851/1763/663 978/1741/963 990/1743/950
f 851/1763/663 990/1743/950 855/1764/643
f 852/615/662 856/619/761 991/678/949
f 852/615/662 991/678/949 979/673/962
f 853/1956/729 859/1959/737 992/2008/953
f 853/1956/729 992/2008/953 980/2005/958
f 854/2295/730 981/2248/959 993/2247/952
f 854/2295/730 993/2247/952 860/2293/738
f 855/1764/643 990/1743/950 998/1744/934
f 855/1764/643 998/1744/934 861/1765/741
f 856/619/761 862/625/740 999/681/933
f 856/619/761 999/681/933 991/678/949
f 857/1980/746 865/1984/749 1092/2058/594
f 857/1980/746 1092/2058/594 1126/2062/608
f 858/2324/747 1093/2256/593 866/2327/748
f 858/2324/747 1125/2246/607 1093/2256/593
f 859/1959/737 869/1962/742 1000/2010/937
f 859/1959/737 1000/2010/937 992/2008/953
f 860/2293/738 993/2247/952 1001/2244/936
f 860/2293/738 1001/2244/936 870/2291/743
f 861/1765/741 998/1744/934 1014/1745/908
f 861/1765/741 1014/1745/908 863/1766/765
f 862/625/740 864/630/646 1015/685/907
f 862/625/740 1015/685/907 999/681/933
f 863/1766/765 1014/1745/908 1028/1747/866
f 863/1766/765 1028/1747/866 867/1768/752
f 864/630/646 868/637/751 1029/689/865
f 864/630/646 1029/689/865 1015/685/907
f 865/163/749 867/159/752 1040/158/620
f 865/163/749 1040/158/620 1058/161/533
f 865/1984/749 1058/2050/533 1092/2058/594
f 866/111/748 1041/123/621 868/124/751
f 866/111/748 1059/113/534 1041/123/621
f 866/2327/748 1093/2256/593 1059/2262/534
f 867/1768/752 1028/1747/866 1040/1748/620
f 868/637/751 1041/693/621 1029/689/865
f 869/1962/742 871/1965/744 1022/2016/901
f 869/1962/742 1016/2013/921 1000/2010/937
f 869/1962/742 1022/2016/901 1016/2013/921
f 870/2291/743 1001/2244/936 1017/2241/922
f 870/2291/743 1017/2241/922 1023/2240/902
f 870/2291/743 1023/2240/902 872/2294/745
f 871/1965/744 873/1968/644 1034/2020/899
f 871/1965/744 1034/2020/899 1022/2016/901
f 872/2294/745 1023/2240/902 1035/2238/900
f 872/2294/745 1035/2238/900 874/2296/762
f 873/1968/644 875/1971/634 1043/2027/882
f 873/1968/644 1043/2027/882 1034/2020/899
f 874/2296/762 1035/2238/900 1042/2237/881
f 874/2296/762 1042/2237/881 876/2300/763
f 875/1971/634 877/1973/645 1052/2033/886
f 875/1971/634 1052/2033/886 1043/2027/882
f 876/2300/763 1042/2237/881 1053/2236/885
f 876/2300/763 1053/2236/885 878/2302/764
f 877/1973/645 879/1975/647 1072/2037/1050
f 877/1973/645 1072/2037/1050 1052/2033/886
f 878/2302/764 1053/2236/885 1073/2235/1049
f 878/2302/764 1073/2235/1049 880/2306/750
f 879/703/647 886/713/753 1082/741/1082
f 879/703/647 1082/741/1082 1072/733/1050
f 880/702/750 1073/732/1049 1083/740/1081
f 880/702/750 1083/740/1081 887/712/754
f 881/706/637 883/707/648 1103/735/1123
f 881/706/637 1102/736/1122 882/708/649
f 881/706/637 1103/735/1123 1104/734/1124
f 881/706/637 1104/734/1124 1102/736/1122
f 882/708/649 1100/738/1112 884/711/766
f 882/708/649 1102/736/1122 1100/738/1112
f 883/707/648 885/710/635 1101/739/1111
f 883/707/648 1101/739/1111 1103/735/1123
f 884/711/766 1094/743/1097 888/716/770
f 884/711/766 1100/738/1112 1094/743/1097
f 885/710/635 889/715/636 1095/742/1096
f 885/710/635 1095/742/1096 1101/739/1111
f 886/713/753 888/716/770 1082/741/1082
f 887/712/754 1083/740/1081 889/715/636
f 888/716/770 1094/743/1097 1082/741/1082
f 889/715/636 1083/740/1081 1095/742/1096
f 890/1927/785 934/1981/1041 938/1982/1043
f 890/1927/785 938/1982/1043 894/1934/791
f 891/1604/787 895/1605/790 939/1576/1044
f 891/1604/787 939/1576/1044 935/1573/1042
f 892/822/786 936/894/1041 940/887/1043
f 892/822/786 940/887/1043 896/817/789
f 893/2383/787 897/2380/790 941/2335/1044
f 893/2383/787 941/2335/1044 937/2333/1042
f 894/1934/791 938/1982/1043 970/1986/1039
f 894/1934/791 970/1986/1039 898/1950/793
f 895/1605/790 899/1601/794 971/1574/1040
f 895/1605/790 971/1574/1040 939/1576/1044
f 896/817/789 940/887/1043 972/893/1039
f 896/817/789 972/893/1039 900/828/793
f 897/2380/790 901/2373/794 973/2329/1040
f 897/2380/790 973/2329/1040 941/2335/1044
f 898/1950/793 970/1986/1039 1064/2004/929
f 898/1950/793 1064/2004/929 912/1970/800
f 899/1601/794 913/1593/799 1065/1569/928
f 899/1601/794 1065/1569/928 971/1574/1040
f 900/828/793 972/893/1039 1066/906/927
f 900/828/793 1066/906/927 914/844/798
f 901/2373/794 915/2354/797 1067/2317/930
f 901/2373/794 1067/2317/930 973/2329/1040
f 902/1755/400 908/1740/403 1107/1754/414
f 902/1755/400 1107/1754/414 909/1777/404
f 903/1317/400 910/1263/403 1108/1314/413
f 903/1317/400 1108/1314/413 911/1369/404
f 904/1967/592 912/1970/800 1002/1988/805
f 904/1967/592 1002/1988/805 1054/2000/599
f 904/1967/592 1054/2000/599 920/1979/528
f 905/1598/591 921/1591/529 1055/1575/600
f 905/1598/591 1003/1578/807 913/1593/799
f 905/1598/591 1055/1575/600 1003/1578/807
f 906/836/590 914/844/798 1004/875/805
f 906/836/590 1004/875/805 1056/889/599
f 906/836/590 1056/889/599 922/850/528
f 907/2364/591 923/2344/529 1057/2320/600
f 907/2364/591 1005/2328/806 915/2354/797
f 907/2364/591 1057/2320/600 1005/2328/806
f 908/1740/403 920/1720/528 1120/1737/500
f 908/1740/403 1120/1737/500 1107/1754/414
f 909/1777/404 1107/1754/414 1121/1774/501
f 909/1777/404 1121/1774/501 921/1793/529
f 910/1263/403 922/1232/528 1122/1258/500
f 910/1263/403 1122/1258/500 1108/1314/413
f 911/1369/404 1108/1314/413 1123/1367/501
f 911/1369/404 1123/1367/501 923/1394/529
f 912/1970/800 1064/2004/929 1002/1988/805
f 913/1593/799 1003/1578/807 1065/1569/928
f 914/844/798 1066/906/927 1004/875/805
f 915/2354/797 1005/2328/806 1067/2317/930
f 916/146/879 924/147/875 1074/151/1071
f 916/146/879 1074/151/1071 928/149/906
f 917/19/880 929/20/905 1075/25/1069
f 917/19/880 1075/25/1069 925/21/874
f 918/144/877 1076/150/1070 926/145/876
f 918/1990/877 930/1992/904 1076/2019/1070
f 919/22/878 927/23/873 1077/26/1068
f 919/2268/878 1077/2243/1068 931/2263/903
f 920/1720/528 1157/1719/573 1120/1737/500
f 920/1979/528 1054/2000/599 1157/2029/573
f 921/1591/529 1158/1564/574 1055/1575/600
f 921/1793/529 1121/1774/501 1158/1792/574
f 922/850/528 1056/889/599 1159/914/573
f 922/1232/528 1159/1231/573 1122/1258/500
f 923/1394/529 1123/1367/501 1160/1391/572
f 923/2344/529 1160/2304/572 1057/2320/600
f 924/147/875 932/148/884 1109/154/1100
f 924/147/875 1109/154/1100 1074/151/1071
f 925/21/874 1075/25/1069 1110/28/1101
f 925/21/874 1110/28/1101 933/24/883
f 926/145/876 1076/150/1070 1111/153/1099
f 926/145/876 1111/153/1099 932/148/884
f 927/23/873 933/24/883 1112/29/1098
f 927/23/873 1112/29/1098 1077/26/1068
f 928/149/906 1074/151/1071 1115/156/1127
f 928/1746/906 1115/1728/1127 942/1739/941
f 929/20/905 1116/27/1126 1075/25/1069
f 929/656/905 943/660/940 1116/697/1126
f 930/1992/904 944/1995/942 1117/2031/1128
f 930/1992/904 1117/2031/1128 1076/2019/1070
f 931/2263/903 1077/2243/1068 1118/2228/1125
f 931/2263/903 1118/2228/1125 945/2257/939
f 932/148/884 1111/153/1099 1127/155/1110
f 932/148/884 1127/155/1110 1109/154/1100
f 933/24/883 1110/28/1101 1128/30/1109
f 933/24/883 1128/30/1109 1112/29/1098
f 934/1981/1041 946/1983/1032 1136/2028/1256
f 934/1981/1041 1129/2024/1263 938/1982/1043
f 934/1981/1041 1136/2028/1256 1129/2024/1263
f 935/1573/1042 939/1576/1044 1130/1552/1265
f 935/1573/1042 1130/1552/1265 1137/1547/1257
f 935/1573/1042 1137/1547/1257 947/1571/1033
f 936/894/1041 948/902/1034 1138/928/1258
f 936/894/1041 1131/924/1264 940/887/1043
f 936/894/1041 1138/928/1258 1131/924/1264
f 937/2333/1042 941/2335/1044 1132/2303/1266
f 937/2333/1042 1132/2303/1266 1139/2292/1259
f 937/2333/1042 1139/2292/1259 949/2331/1033
f 938/1982/1043 1129/2024/1263 1141/2026/1253
f 938/1982/1043 1141/2026/1253 970/1986/1039
f 939/1576/1044 971/1574/1040 1142/1553/1254
f 939/1576/1044 1142/1553/1254 1130/1552/1265
f 940/887/1043 1131/924/1264 1143/923/1253
f 940/887/1043 1143/923/1253 972/893/1039
f 941/2335/1044 973/2329/1040 1144/2297/1254
f 941/2335/1044 1144/2297/1254 1132/2303/1266
f 942/1739/941 1115/1728/1127 1149/1725/1151
f 942/1739/941 1149/1725/1151 954/1736/967
f 943/660/940 955/665/966 1150/700/1150
f 943/660/940 1150/700/1150 1116/697/1126
f 944/1995/942 956/1999/968 1151/2040/1152
f 944/1995/942 1151/2040/1152 1117/2031/1128
f 945/2257/939 1118/2228/1125 1152/2224/1149
f 945/2257/939 1152/2224/1149 957/2252/965
f 946/1983/1032 950/1985/1030 1153/2032/1250
f 946/1983/1032 1153/2032/1250 1136/2028/1256
f 947/1571/1033 1137/1547/1257 1154/1539/1251
f 947/1571/1033 1154/1539/1251 951/1568/1031
f 948/902/1034 952/910/1028 1155/956/1252
f 948/902/1034 1155/956/1252 1138/928/1258
f 949/2331/1033 1139/2292/1259 1156/2287/1249
f 949/2331/1033 1156/2287/1249 953/2325/1029
f 950/1985/1030 958/1989/1023 1166/2034/1244
f 950/1985/1030 1166/2034/1244 1153/2032/1250
f 951/1568/1031 1154/1539/1251 1167/1535/1246
f 951/1568/1031 1167/1535/1246 959/1566/1024
f 952/910/1028 960/912/1023 1168/964/1244
f 952/910/1028 1168/964/1244 1155/956/1252
f 953/2325/1029 1156/2287/1249 1169/2284/1245
f 953/2325/1029 1169/2284/1245 961/2322/1024
f 954/1736/967 1149/1725/1151 1170/1717/1178
f 954/1736/967 1170/1717/1178 962/1738/977
f 955/665/966 963/669/976 1171/701/1177
f 955/665/966 1171/701/1177 1150/700/1150
f 956/1999/968 964/2002/974 1172/2045/1175
f 956/1999/968 1172/2045/1175 1151/2040/1152
f 957/2252/965 1152/2224/1149 1173/2218/1176
f 957/2252/965 1173/2218/1176 965/2251/975
f 958/1989/1023 966/1991/1018 1175/2038/1241
f 958/1989/1023 1175/2038/1241 1166/2034/1244
f 959/1566/1024 1167/1535/1246 1176/1529/1243
f 959/1566/1024 1176/1529/1243 967/1563/1017
f 960/912/1023 968/915/1016 1177/970/1241
f 960/912/1023 1177/970/1241 1168/964/1244
f 961/2322/1024 1169/2284/1245 1178/2282/1242
f 961/2322/1024 1178/2282/1242 969/2321/1019
f 962/1738/977 1170/1717/1178 1181/1712/1189
f 962/1738/977 1181/1712/1189 978/1741/963
f 963/669/976 979/673/962 1182/705/1188
f 963/669/976 1182/705/1188 1171/701/1177
f 964/2002/974 980/2005/958 1183/2048/1186
f 964/2002/974 1183/2048/1186 1172/2045/1175
f 965/2251/975 1173/2218/1176 1184/2216/1187
f 965/2251/975 1184/2216/1187 981/2248/959
f 966/1991/1018 976/1993/1014 1185/2039/1236
f 966/1991/1018 1185/2039/1236 1175/2038/1241
f 967/1563/1017 1176/1529/1243 1186/1524/1237
f 967/1563/1017 1186/1524/1237 974/1561/1015
f 968/915/1016 977/919/1014 1187/975/1236
f 968/915/1016 1187/975/1236 1177/970/1241
f 969/2321/1019 1178/2282/1242 1188/2280/1238
f 969/2321/1019 1188/2280/1238 975/2319/1015
f 970/1986/1039 1141/2026/1253 1189/2036/1132
f 970/1986/1039 1189/2036/1132 1064/2004/929
f 971/1574/1040 1065/1569/928 1190/1544/1131
f 971/1574/1040 1190/1544/1131 1142/1553/1254
f 972/893/1039 1143/923/1253 1191/929/1132
f 972/893/1039 1191/929/1132 1066/906/927
f 973/2329/1040 1067/2317/930 1192/2285/1131
f 973/2329/1040 1192/2285/1131 1144/2297/1254
f 974/1561/1015 1186/1524/1237 1195/1519/1235
f 974/1561/1015 1195/1519/1235 983/1554/1012
f 975/2319/1015 1188/2280/1238 1197/2278/1234
f 975/2319/1015 1197/2278/1234 985/2318/1011
f 976/1993/1014 982/1994/1010 1194/2041/1233
f 976/1993/1014 1194/2041/1233 1185/2039/1236
f 977/919/1014 984/922/1009 1196/981/1233
f 977/919/1014 1196/981/1233 1187/975/1236
f 978/1741/963 1181/1712/1189 1198/1716/1185
f 978/1741/963 1198/1716/1185 990/1743/950
f 979/673/962 991/678/949 1199/714/1184
f 979/673/962 1199/714/1184 1182/705/1188
f 980/2005/958 992/2008/953 1200/2051/1180
f 980/2005/958 1200/2051/1180 1183/2048/1186
f 981/2248/959 1184/2216/1187 1201/2213/1181
f 981/2248/959 1201/2213/1181 993/2247/952
f 982/1994/1010 986/1996/1010 1202/2042/1231
f 982/1994/1010 1202/2042/1231 1194/2041/1233
f 983/1554/1012 1195/1519/1235 1203/1515/1230
f 983/1554/1012 1203/1515/1230 987/1548/1012
f 984/922/1009 988/927/1009 1204/987/1229
f 984/922/1009 1204/987/1229 1196/981/1233
f 985/2318/1011 1197/2278/1234 1205/2275/1232
f 985/2318/1011 1205/2275/1232 989/2316/1012
f 986/1996/1010 994/1997/1013 1206/2046/1227
f 986/1996/1010 1206/2046/1227 1202/2042/1231
f 987/1548/1012 1203/1515/1230 1207/1512/1230
f 987/1548/1012 1207/1512/1230 995/1542/1012
f 988/927/1009 996/948/1009 1208/993/1229
f 988/927/1009 1208/993/1229 1204/987/1229
f 989/2316/1012 1205/2275/1232 1209/2274/1228
f 989/2316/1012 1209/2274/1228 997/2315/1012
f 990/1743/950 1198/1716/1185 1214/1718/1169
f 990/1743/950 1214/1718/1169 998/1744/934
f 991/678/949 999/681/933 1215/717/1170
f 991/678/949 1215/717/1170 1199/714/1184
f 992/2008/953 1000/2010/937 1216/2057/1168
f 992/2008/953 1216/2057/1168 1200/2051/1180
f 993/2247/952 1201/2213/1181 1217/2211/1167
f 993/2247/952 1217/2211/1167 1001/2244/936
f 994/1997/1013 1006/1998/1007 1218/2047/1229
f 994/1997/1013 1218/2047/1229 1206/2046/1227
f 995/1542/1012 1207/1512/1230 1219/1502/1228
f 995/1542/1012 1219/1502/1228 1007/1536/1008
f 996/948/1009 1008/961/1007 1220/1002/1229
f 996/948/1009 1220/1002/1229 1208/993/1229
f 997/2315/1012 1209/2274/1228 1221/2271/1230
f 997/2315/1012 1221/2271/1230 1009/2314/1008
f 998/1744/934 1214/1718/1169 1222/1721/1154
f 998/1744/934 1222/1721/1154 1014/1745/908
f 999/681/933 1015/685/907 1223/718/1153
f 999/681/933 1223/718/1153 1215/717/1170
f 1000/2010/937 1016/2013/921 1236/2065/1146
f 1000/2010/937 1224/2060/1157 1216/2057/1168
f 1000/2010/937 1236/2065/1146 1224/2060/1157
f 1001/2244/936 1217/2211/1167 1225/2210/1158
f 1001/2244/936 1225/2210/1158 1237/2208/1147
f 1001/2244/936 1237/2208/1147 1017/2241/922
f 1002/1988/805 1064/2004/929 1145/2022/890
f 1002/1988/805 1145/2022/890 1161/2023/810
f 1002/1988/805 1161/2023/810 1054/2000/599
f 1003/1578/807 1055/1575/600 1162/1557/809
f 1003/1578/807 1146/1556/891 1065/1569/928
f 1003/1578/807 1162/1557/809 1146/1556/891
f 1004/875/805 1066/906/927 1147/918/892
f 1004/875/805 1147/918/892 1163/916/808
f 1004/875/805 1163/916/808 1056/889/599
f 1005/2328/806 1057/2320/600 1164/2288/811
f 1005/2328/806 1148/2290/891 1067/2317/930
f 1005/2328/806 1164/2288/811 1148/2290/891
f 1006/1998/1007 1010/2001/1005 1226/2049/1225
f 1006/1998/1007 1226/2049/1225 1218/2047/1229
f 1007/1536/1008 1219/1502/1228 1227/1495/1226
f 1007/1536/1008 1227/1495/1226 1011/1533/1006
f 1008/961/1007 1012/968/1005 1228/1012/1225
f 1008/961/1007 1228/1012/1225 1220/1002/1229
f 1009/2314/1008 1221/2271/1230 1229/2269/1226
f 1009/2314/1008 1229/2269/1226 1013/2313/1006
f 1010/2001/1005 1018/2003/1003 1230/2052/1223
f 1010/2001/1005 1230/2052/1223 1226/2049/1225
f 1011/1533/1006 1227/1495/1226 1231/1491/1224
f 1011/1533/1006 1231/1491/1224 1019/1527/1004
f 1012/968/1005 1020/972/1003 1232/1022/1223
f 1012/968/1005 1232/1022/1223 1228/1012/1225
f 1013/2313/1006 1229/2269/1226 1233/2266/1222
f 1013/2313/1006 1233/2266/1222 1021/2311/1004
f 1014/1745/908 1222/1721/1154 1234/1722/1145
f 1014/1745/908 1234/1722/1145 1028/1747/866
f 1015/685/907 1029/689/865 1235/719/1144
f 1015/685/907 1235/719/1144 1223/718/1153
f 1016/2013/921 1022/2016/901 1246/2069/1133
f 1016/2013/921 1246/2069/1133 1236/2065/1146
f 1017/2241/922 1237/2208/1147 1247/2206/1134
f 1017/2241/922 1247/2206/1134 1023/2240/902
f 1018/2003/1003 1024/2006/1001 1238/2054/1221
f 1018/2003/1003 1238/2054/1221 1230/2052/1223
f 1019/1527/1004 1231/1491/1224 1239/1488/1220
f 1019/1527/1004 1239/1488/1220 1025/1522/1000
f 1020/972/1003 1026/979/999 1240/1031/1219
f 1020/972/1003 1240/1031/1219 1232/1022/1223
f 1021/2311/1004 1233/2266/1222 1241/2264/1220
f 1021/2311/1004 1241/2264/1220 1027/2310/1002
f 1022/2016/901 1034/2020/899 1270/2073/1118
f 1022/2016/901 1270/2073/1118 1246/2069/1133
f 1023/2240/902 1247/2206/1134 1271/2204/1119
f 1023/2240/902 1271/2204/1119 1035/2238/900
f 1024/2006/1001 1030/2007/996 1248/2059/1217
f 1024/2006/1001 1248/2059/1217 1238/2054/1221
f 1025/1522/1000 1239/1488/1220 1249/1484/1218
f 1025/1522/1000 1249/1484/1218 1031/1516/998
f 1026/979/999 1032/982/997 1250/1039/1217
f 1026/979/999 1250/1039/1217 1240/1031/1219
f 1027/2310/1002 1241/2264/1220 1251/2261/1218
f 1027/2310/1002 1251/2261/1218 1033/2307/998
f 1028/1747/866 1234/1722/1145 1256/1723/1114
f 1028/1747/866 1256/1723/1114 1040/1748/620
f 1029/689/865 1041/693/621 1257/722/1115
f 1029/689/865 1257/722/1115 1235/719/1144
f 1030/2007/996 1036/2009/994 1266/2061/1216
f 1030/2007/996 1266/2061/1216 1248/2059/1217
f 1031/1516/998 1249/1484/1218 1267/1481/1215
f 1031/1516/998 1267/1481/1215 1037/1513/995
f 1032/982/997 1038/990/994 1268/1044/1214
f 1032/982/997 1268/1044/1214 1250/1039/1217
f 1033/2307/998 1251/2261/1218 1269/2259/1215
f 1033/2307/998 1269/2259/1215 1039/2299/995
f 1034/2020/899 1043/2027/882 1291/2079/1089
f 1034/2020/899 1291/2079/1089 1270/2073/1118
f 1035/2238/900 1271/2204/1119 1292/2202/1088
f 1035/2238/900 1292/2202/1088 1042/2237/881
f 1036/2009/994 1044/2011/992 1277/2064/1212
f 1036/2009/994 1277/2064/1212 1266/2061/1216
f 1037/1513/995 1267/1481/1215 1278/1479/1213
f 1037/1513/995 1278/1479/1213 1045/1501/993
f 1038/990/994 1046/998/991 1279/1054/1212
f 1038/990/994 1279/1054/1212 1268/1044/1214
f 1039/2299/995 1269/2259/1215 1280/2255/1213
f 1039/2299/995 1280/2255/1213 1047/2289/993
f 1040/158/620 1281/160/864 1058/161/533
f 1040/1748/620 1256/1723/1114 1281/1711/864
f 1041/123/621 1059/113/534 1282/110/863
f 1041/693/621 1282/723/863 1257/722/1115
f 1042/2237/881 1292/2202/1088 1325/2200/1067
f 1042/2237/881 1325/2200/1067 1053/2236/885
f 1043/2027/882 1052/2033/886 1324/2083/1066
f 1043/2027/882 1324/2083/1066 1291/2079/1089
f 1044/2011/992 1048/2012/988 1287/2067/1210
f 1044/2011/992 1287/2067/1210 1277/2064/1212
f 1045/1501/993 1278/1479/1213 1288/1474/1211
f 1045/1501/993 1288/1474/1211 1049/1493/990
f 1046/998/991 1050/1011/989 1289/1064/1210
f 1046/998/991 1289/1064/1210 1279/1054/1212
f 1047/2289/993 1280/2255/1213 1290/2249/1211
f 1047/2289/993 1290/2249/1211 1051/2286/990
f 1048/2012/988 1060/2014/984 1309/2068/1207
f 1048/2012/988 1309/2068/1207 1287/2067/1210
f 1049/1493/990 1288/1474/1211 1310/1460/1208
f 1049/1493/990 1310/1460/1208 1061/1489/987
f 1050/1011/989 1062/1023/986 1311/1073/1207
f 1050/1011/989 1311/1073/1207 1289/1064/1210
f 1051/2286/990 1290/2249/1211 1312/2245/1209
f 1051/2286/990 1312/2245/1209 1063/2283/985
f 1052/2033/886 1072/2037/1050 1361/2088/1156
f 1052/2033/886 1361/2088/1156 1324/2083/1066
f 1053/2236/885 1325/2200/1067 1362/2198/1155
f 1053/2236/885 1362/2198/1155 1073/2235/1049
f 1054/2000/599 1161/2023/810 1262/2043/611
f 1054/2000/599 1262/2043/611 1157/2029/573
f 1055/1575/600 1158/1564/574 1263/1540/612
f 1055/1575/600 1263/1540/612 1162/1557/809
f 1056/889/599 1163/916/808 1264/926/610
f 1056/889/599 1264/926/610 1159/914/573
f 1057/2320/600 1160/2304/572 1265/2277/612
f 1057/2320/600 1265/2277/612 1164/2288/811
f 1058/161/533 1281/160/864 1318/162/354
f 1058/2050/533 1318/2092/354 1397/2098/406
f 1058/2050/533 1397/2098/406 1092/2058/594
f 1059/113/534 1319/99/353 1282/110/863
f 1059/2262/534 1093/2256/593 1398/2205/405
f 1059/2262/534 1398/2205/405 1319/2212/353
f 1060/2014/984 1070/2015/980 1329/2071/1201
f 1060/2014/984 1329/2071/1201 1309/2068/1207
f 1061/1489/987 1310/1460/1208 1330/1455/1206
f 1061/1489/987 1330/1455/1206 1068/1487/983
f 1062/1023/986 1069/1032/982 1331/1082/1205
f 1062/1023/986 1331/1082/1205 1311/1073/1207
f 1063/2283/985 1312/2245/1209 1332/2239/1202
f 1063/2283/985 1332/2239/1202 1071/2281/981
f 1064/2004/929 1189/2036/1132 1145/2022/890
f 1065/1569/928 1146/1556/891 1190/1544/1131
f 1066/906/927 1191/929/1132 1147/918/892
f 1067/2317/930 1148/2290/891 1192/2285/1131
f 1068/1487/983 1330/1455/1206 1345/1454/1204
f 1068/1487/983 1345/1454/1204 1078/1482/979
f 1069/1032/982 1079/1041/978 1346/1089/1203
f 1069/1032/982 1346/1089/1203 1331/1082/1205
f 1070/2015/980 1080/2017/970 1347/2074/1196
f 1070/2015/980 1347/2074/1196 1329/2071/1201
f 1071/2281/981 1332/2239/1202 1348/2234/1197
f 1071/2281/981 1348/2234/1197 1081/2279/971
f 1072/164/1050 1082/175/1082 1361/169/1156
f 1073/751/1049 1362/747/1155 1083/748/1081
f 1074/1700/1071 1109/1693/1100 1210/1691/1280
f 1074/1700/1071 1210/1691/1280 1115/1702/1127
f 1075/25/1069 1116/27/1126 1211/31/1279
f 1075/25/1069 1211/31/1279 1110/28/1101
f 1076/150/1070 1117/152/1128 1212/157/1276
f 1076/150/1070 1212/157/1276 1111/153/1099
f 1077/1393/1068 1112/1372/1098 1213/1374/1277
f 1077/1393/1068 1213/1374/1277 1118/1397/1125
f 1078/1482/979 1345/1454/1204 1363/1450/1199
f 1078/1482/979 1363/1450/1199 1084/1480/973
f 1079/1041/978 1085/1045/972 1364/1095/1198
f 1079/1041/978 1364/1095/1198 1346/1089/1203
f 1080/2017/970 1086/2018/960 1385/2080/1182
f 1080/2017/970 1365/2077/1190 1347/2074/1196
f 1080/2017/970 1385/2080/1182 1365/2077/1190
f 1081/2279/971 1348/2234/1197 1366/2230/1191
f 1081/2279/971 1366/2230/1191 1386/2227/1183
f 1081/2279/971 1386/2227/1183 1087/2276/961
f 1082/175/1082 1094/193/1097 1423/176/1291
f 1082/175/1082 1423/176/1291 1361/169/1156
f 1083/748/1081 1362/747/1155 1422/731/1290
f 1083/748/1081 1422/731/1290 1095/720/1096
f 1084/1480/973 1363/1450/1199 1383/1445/1195
f 1084/1480/973 1383/1445/1195 1088/1476/964
f 1085/1045/972 1089/1055/957 1384/1101/1194
f 1085/1045/972 1384/1101/1194 1364/1095/1198
f 1086/2018/960 1090/2021/955 1419/2081/1173
f 1086/2018/960 1419/2081/1173 1385/2080/1182
f 1087/2276/961 1386/2227/1183 1420/2226/1174
f 1087/2276/961 1420/2226/1174 1091/2273/956
f 1088/1476/964 1383/1445/1195 1417/1437/1193
f 1088/1476/964 1417/1437/1193 1098/1461/951
f 1089/1055/957 1099/1065/943 1418/1105/1192
f 1089/1055/957 1418/1105/1192 1384/1101/1194
f 1090/2021/955 1096/2025/944 1440/2087/1165
f 1090/2021/955 1440/2087/1165 1419/2081/1173
f 1091/2273/956 1420/2226/1174 1441/2221/1166
f 1091/2273/956 1441/2221/1166 1097/2270/954
f 1092/2058/594 1397/2098/406 1520/2102/555
f 1092/2058/594 1520/2102/555 1126/2062/608
f 1093/2256/593 1125/2246/607 1519/2196/554
f 1093/2256/593 1519/2196/554 1398/2205/405
f 1094/193/1097 1100/272/1112 1460/192/1298
f 1094/193/1097 1460/192/1298 1423/176/1291
f 1095/720/1096 1422/731/1290 1461/709/1297
f 1095/720/1096 1461/709/1297 1101/653/1111
f 1096/2025/944 1105/2030/932 1474/2089/1148
f 1096/2025/944 1474/2089/1148 1440/2087/1165
f 1097/2270/954 1441/2221/1166 1475/2215/1164
f 1097/2270/954 1475/2215/1164 1106/2265/947
f 1098/1461/951 1417/1437/1193 1444/1430/1239
f 1098/1461/951 1444/1430/1239 1113/1457/938
f 1099/1065/943 1114/1074/920 1445/1108/1200
f 1099/1065/943 1445/1108/1200 1418/1105/1192
f 1100/272/1112 1102/369/1122 1498/261/1307
f 1100/272/1112 1498/261/1307 1460/192/1298
f 1101/653/1111 1461/709/1297 1499/639/1306
f 1101/653/1111 1499/639/1306 1103/528/1123
f 1102/369/1122 1104/458/1124 1512/366/1309
f 1102/369/1122 1512/366/1309 1498/261/1307
f 1103/528/1123 1499/639/1306 1513/510/1308
f 1103/528/1123 1513/510/1308 1104/458/1124
f 1104/458/1124 1513/510/1308 1521/452/1310
f 1104/458/1124 1521/452/1310 1512/366/1309
f 1105/2030/932 1119/2035/909 1514/2095/1135
f 1105/2030/932 1514/2095/1135 1474/2089/1148
f 1106/2265/947 1475/2215/1164 1522/2209/1162
f 1106/2265/947 1522/2209/1162 1124/2260/946
f 1107/1754/414 1120/1737/500 1381/1753/535
f 1107/1754/414 1381/1753/535 1121/1774/501
f 1108/1314/413 1122/1258/500 1382/1309/535
f 1108/1314/413 1382/1309/535 1123/1367/501
f 1109/1693/1100 1127/1687/1110 1210/1691/1280
f 1110/1290/1101 1211/1284/1279 1128/1338/1109
f 1111/1675/1099 1212/1674/1276 1127/1687/1110
f 1112/1372/1098 1128/1338/1109 1213/1374/1277
f 1113/1457/938 1444/1430/1239 1494/1425/1248
f 1113/1457/938 1494/1425/1248 1133/1453/969
f 1114/1074/920 1134/1083/911 1495/1114/1240
f 1114/1074/920 1495/1114/1240 1445/1108/1200
f 1115/1702/1127 1210/1691/1280 1283/1694/1314
f 1115/1702/1127 1283/1694/1314 1149/1704/1151
f 1116/1245/1126 1150/1241/1150 1284/1275/1315
f 1116/1245/1126 1284/1275/1315 1211/1284/1279
f 1117/1663/1128 1151/1662/1152 1285/1672/1316
f 1117/1663/1128 1285/1672/1316 1212/1674/1276
f 1118/1397/1125 1213/1374/1277 1286/1378/1317
f 1118/1397/1125 1286/1378/1317 1152/1400/1149
f 1119/2035/909 1135/2044/893 1560/2100/1113
f 1119/2035/909 1560/2100/1113 1514/2095/1135
f 1120/1737/500 1157/1719/573 1405/1733/549
f 1120/1737/500 1405/1733/549 1381/1753/535
f 1121/1774/501 1381/1753/535 1406/1772/550
f 1121/1774/501 1406/1772/550 1158/1792/574
f 1122/1258/500 1159/1231/573 1407/1251/551
f 1122/1258/500 1407/1251/551 1382/1309/535
f 1123/1367/501 1382/1309/535 1408/1362/550
f 1123/1367/501 1408/1362/550 1160/1391/572
f 1124/2260/946 1522/2209/1162 1570/2201/1161
f 1124/2260/946 1570/2201/1161 1140/2253/948
f 1125/2246/607 1179/2231/622 1595/2189/788
f 1125/2246/607 1595/2189/788 1519/2196/554
f 1126/2062/608 1520/2102/555 1601/2118/792
f 1126/2062/608 1601/2118/792 1193/2072/623
f 1127/1687/1110 1212/1674/1276 1243/1686/1300
f 1127/1687/1110 1243/1686/1300 1210/1691/1280
f 1128/1338/1109 1211/1284/1279 1244/1329/1299
f 1128/1338/1109 1244/1329/1299 1213/1374/1277
f 1129/236/1263 1136/235/1256 1252/287/1431
f 1129/236/1263 1252/287/1431 1258/289/1415
f 1129/236/1263 1258/289/1415 1141/238/1253
f 1130/379/1265 1142/378/1254 1259/340/1418
f 1130/379/1265 1253/341/1433 1137/380/1257
f 1130/379/1265 1259/340/1418 1253/341/1433
f 1131/491/1264 1138/490/1258 1254/525/1432
f 1131/491/1264 1254/525/1432 1260/527/1417
f 1131/491/1264 1260/527/1417 1143/492/1253
f 1132/658/1266 1144/657/1254 1261/602/1416
f 1132/658/1266 1255/604/1433 1139/659/1259
f 1132/658/1266 1261/602/1416 1255/604/1433
f 1133/437/969 1557/418/1267 1165/451/1074
f 1133/1453/969 1494/1425/1248 1557/1411/1267
f 1134/1083/911 1561/1119/1260 1495/1114/1240
f 1134/2111/911 1165/2127/1074 1561/2112/1260
f 1135/2044/893 1174/2056/859 1600/2108/1085
f 1135/2044/893 1600/2108/1085 1560/2100/1113
f 1136/235/1256 1153/234/1250 1272/286/1426
f 1136/235/1256 1272/286/1426 1252/287/1431
f 1137/380/1257 1253/341/1433 1273/342/1427
f 1137/380/1257 1273/342/1427 1154/381/1251
f 1138/490/1258 1155/489/1252 1274/523/1426
f 1138/490/1258 1274/523/1426 1254/525/1432
f 1139/659/1259 1255/604/1433 1275/605/1427
f 1139/659/1259 1275/605/1427 1156/661/1249
f 1140/2253/948 1570/2201/1161 1180/2242/945
f 1141/238/1253 1258/289/1415 1305/288/1296
f 1141/238/1253 1305/288/1296 1189/239/1132
f 1142/378/1254 1190/377/1131 1306/338/1295
f 1142/378/1254 1306/338/1295 1259/340/1418
f 1143/492/1253 1260/527/1417 1307/526/1296
f 1143/492/1253 1307/526/1296 1191/493/1132
f 1144/657/1254 1192/654/1131 1308/599/1295
f 1144/657/1254 1308/599/1295 1261/602/1416
f 1145/2022/890 1189/2036/1132 1293/2055/1072
f 1145/2022/890 1293/2055/1072 1314/2053/849
f 1145/2022/890 1314/2053/849 1161/2023/810
f 1146/1556/891 1162/1557/809 1315/1528/850
f 1146/1556/891 1294/1530/1073 1190/1544/1131
f 1146/1556/891 1315/1528/850 1294/1530/1073
f 1147/918/892 1191/929/1132 1295/966/1072
f 1147/918/892 1295/966/1072 1316/962/849
f 1147/918/892 1316/962/849 1163/916/808
f 1148/2290/891 1164/2288/811 1317/2267/850
f 1148/2290/891 1296/2272/1073 1192/2285/1131
f 1148/2290/891 1317/2267/850 1296/2272/1073
f 1149/1704/1151 1283/1694/1314 1333/1696/1348
f 1149/1704/1151 1333/1696/1348 1170/1706/1178
f 1150/1241/1150 1171/1237/1177 1334/1268/1347
f 1150/1241/1150 1334/1268/1347 1284/1275/1315
f 1151/1662/1152 1172/1660/1175 1335/1670/1349
f 1151/1662/1152 1335/1670/1349 1285/1672/1316
f 1152/1400/1149 1286/1378/1317 1336/1379/1350
f 1152/1400/1149 1336/1379/1350 1173/1402/1176
f 1153/234/1250 1166/233/1244 1299/284/1421
f 1153/234/1250 1299/284/1421 1272/286/1426
f 1154/381/1251 1273/342/1427 1300/343/1422
f 1154/381/1251 1300/343/1422 1167/382/1246
f 1155/489/1252 1168/488/1244 1301/521/1421
f 1155/489/1252 1301/521/1421 1274/523/1426
f 1156/661/1249 1275/605/1427 1302/606/1422
f 1156/661/1249 1302/606/1422 1169/662/1245
f 1157/1719/573 1482/1715/595 1405/1733/549
f 1157/2029/573 1262/2043/611 1482/2076/595
f 1158/1564/574 1483/1520/598 1263/1540/612
f 1158/1792/574 1406/1772/550 1483/1789/598
f 1159/914/573 1264/926/610 1484/973/596
f 1159/1231/573 1484/1229/596 1407/1251/551
f 1160/1391/572 1408/1362/550 1485/1389/597
f 1160/2304/572 1485/2254/597 1265/2277/612
f 1161/2023/810 1314/2053/849 1413/2066/814
f 1161/2023/810 1413/2066/814 1262/2043/611
f 1162/1557/809 1263/1540/612 1414/1518/813
f 1162/1557/809 1414/1518/813 1315/1528/850
f 1163/916/808 1316/962/849 1415/969/812
f 1163/916/808 1415/969/812 1264/926/610
f 1164/2288/811 1265/2277/612 1416/2258/815
f 1164/2288/811 1416/2258/815 1317/2267/850
f 1165/451/1074 1557/418/1267 1648/434/1311
f 1165/2127/1074 1648/2150/1311 1561/2112/1260
f 1166/233/1244 1175/232/1241 1320/283/1419
f 1166/233/1244 1320/283/1419 1299/284/1421
f 1167/382/1246 1300/343/1422 1321/344/1420
f 1167/382/1246 1321/344/1420 1176/383/1243
f 1168/488/1244 1177/487/1241 1322/520/1419
f 1168/488/1244 1322/520/1419 1301/521/1421
f 1169/662/1245 1302/606/1422 1323/607/1420
f 1169/662/1245 1323/607/1420 1178/663/1242
f 1170/1706/1178 1333/1696/1348 1350/1698/1368
f 1170/1706/1178 1350/1698/1368 1181/1708/1189
f 1171/1237/1177 1182/1235/1188 1351/1264/1367
f 1171/1237/1177 1351/1264/1367 1334/1268/1347
f 1172/1660/1175 1183/1659/1186 1352/1669/1365
f 1172/1660/1175 1352/1669/1365 1335/1670/1349
f 1173/1402/1176 1336/1379/1350 1353/1381/1366
f 1173/1402/1176 1353/1381/1366 1184/1403/1187
f 1174/2056/859 1242/2070/854 1656/2121/1091
f 1174/2056/859 1656/2121/1091 1600/2108/1085
f 1175/232/1241 1185/231/1236 1337/282/1413
f 1175/232/1241 1337/282/1413 1320/283/1419
f 1176/383/1243 1321/344/1420 1338/345/1414
f 1176/383/1243 1338/345/1414 1186/384/1237
f 1177/487/1241 1187/485/1236 1339/519/1413
f 1177/487/1241 1339/519/1413 1322/520/1419
f 1178/663/1242 1323/607/1420 1340/608/1414
f 1178/663/1242 1340/608/1414 1188/664/1238
f 1179/2231/622 1276/2225/832 1662/2176/1056
f 1179/2231/622 1662/2176/1056 1595/2189/788
f 1180/2242/945 1570/2201/1161 1616/2193/1163
f 1180/2242/945 1616/2193/1163 1245/2229/935
f 1181/1708/1189 1350/1698/1368 1198/1709/1185
f 1182/1235/1188 1199/1230/1184 1351/1264/1367
f 1183/1659/1186 1200/1657/1180 1373/1667/1362
f 1183/1659/1186 1373/1667/1362 1352/1669/1365
f 1184/1403/1187 1353/1381/1366 1374/1382/1361
f 1184/1403/1187 1374/1382/1361 1201/1406/1181
f 1185/231/1236 1194/230/1233 1367/276/1409
f 1185/231/1236 1354/278/1411 1337/282/1413
f 1185/231/1236 1367/276/1409 1354/278/1411
f 1186/384/1237 1338/345/1414 1355/346/1412
f 1186/384/1237 1355/346/1412 1369/347/1410
f 1186/384/1237 1369/347/1410 1195/385/1235
f 1187/485/1236 1196/484/1233 1368/517/1409
f 1187/485/1236 1356/518/1411 1339/519/1413
f 1187/485/1236 1368/517/1409 1356/518/1411
f 1188/664/1238 1340/608/1414 1357/610/1412
f 1188/664/1238 1357/610/1412 1370/611/1410
f 1188/664/1238 1370/611/1410 1197/666/1234
f 1189/2036/1132 1305/2063/1296 1293/2055/1072
f 1190/377/1131 1294/376/1073 1306/338/1295
f 1191/929/1132 1307/974/1296 1295/966/1072
f 1192/654/1131 1296/652/1073 1308/599/1295
f 1193/2072/623 1601/2118/792 1680/2132/1058
f 1193/2072/623 1680/2132/1058 1313/2086/835
f 1194/230/1233 1202/229/1231 1375/273/1407
f 1194/230/1233 1375/273/1407 1367/276/1409
f 1195/385/1235 1369/347/1410 1376/348/1408
f 1195/385/1235 1376/348/1408 1203/386/1230
f 1196/484/1233 1204/483/1229 1377/516/1407
f 1196/484/1233 1377/516/1407 1368/517/1409
f 1197/666/1234 1370/611/1410 1378/613/1408
f 1197/666/1234 1378/613/1408 1205/667/1232
f 1198/1709/1185 1350/1698/1368 1371/1699/1370
f 1198/1709/1185 1371/1699/1370 1214/1710/1169
f 1199/1230/1184 1215/1226/1170 1372/1261/1369
f 1199/1230/1184 1372/1261/1369 1351/1264/1367
f 1200/1657/1180 1216/1656/1168 1373/1667/1362
f 1201/1406/1181 1374/1382/1361 1217/1408/1167
f 1202/229/1231 1206/228/1227 1387/270/1407
f 1202/229/1231 1387/270/1407 1375/273/1407
f 1203/386/1230 1376/348/1408 1388/349/1408
f 1203/386/1230 1388/349/1408 1207/387/1230
f 1204/483/1229 1208/481/1229 1389/515/1407
f 1204/483/1229 1389/515/1407 1377/516/1407
f 1205/667/1232 1378/613/1408 1390/614/1408
f 1205/667/1232 1390/614/1408 1209/668/1228
f 1206/228/1227 1218/226/1229 1399/268/1407
f 1206/228/1227 1399/268/1407 1387/270/1407
f 1207/387/1230 1388/349/1408 1400/350/1408
f 1207/387/1230 1400/350/1408 1219/388/1228
f 1208/481/1229 1220/480/1229 1401/514/1407
f 1208/481/1229 1401/514/1407 1389/515/1407
f 1209/668/1228 1390/614/1408 1402/616/1408
f 1209/668/1228 1402/616/1408 1221/670/1230
f 1210/1691/1280 1243/1686/1300 1343/1685/1456
f 1210/1691/1280 1343/1685/1456 1283/1694/1314
f 1211/1284/1279 1284/1275/1315 1344/1325/1457
f 1211/1284/1279 1344/1325/1457 1244/1329/1299
f 1212/1674/1276 1285/1672/1316 1343/1685/1456
f 1212/1674/1276 1343/1685/1456 1243/1686/1300
f 1213/1374/1277 1244/1329/1299 1344/1325/1457
f 1213/1374/1277 1344/1325/1457 1286/1378/1317
f 1214/1710/1169 1371/1699/1370 1391/1697/1358
f 1214/1710/1169 1391/1697/1358 1222/1707/1154
f 1215/1226/1170 1223/1234/1153 1392/1262/1359
f 1215/1226/1170 1392/1262/1359 1372/1261/1369
f 1216/1656/1168 1224/1655/1157 1426/1664/1344
f 1216/1656/1168 1393/1665/1355 1373/1667/1362
f 1216/1656/1168 1426/1664/1344 1393/1665/1355
f 1217/1408/1167 1374/1382/1361 1394/1385/1354
f 1217/1408/1167 1394/1385/1354 1427/1386/1345
f 1217/1408/1167 1427/1386/1345 1225/1407/1158
f 1218/226/1229 1226/225/1225 1428/265/1404
f 1218/226/1229 1428/265/1404 1399/268/1407
f 1219/388/1228 1400/350/1408 1429/351/1406
f 1219/388/1228 1429/351/1406 1227/389/1226
f 1220/480/1229 1228/479/1225 1430/513/1405
f 1220/480/1229 1430/513/1405 1401/514/1407
f 1221/670/1230 1402/616/1408 1431/617/1406
f 1221/670/1230 1431/617/1406 1229/672/1226
f 1222/1707/1154 1391/1697/1358 1424/1695/1352
f 1222/1707/1154 1424/1695/1352 1234/1705/1145
f 1223/1234/1153 1235/1239/1144 1425/1267/1351
f 1223/1234/1153 1425/1267/1351 1392/1262/1359
f 1224/1655/1157 1236/1658/1146 1448/1666/1336
f 1224/1655/1157 1448/1666/1336 1426/1664/1344
f 1225/1407/1158 1427/1386/1345 1449/1383/1337
f 1225/1407/1158 1449/1383/1337 1237/1404/1147
f 1226/225/1225 1230/224/1223 1436/264/1401
f 1226/225/1225 1436/264/1401 1428/265/1404
f 1227/389/1226 1429/351/1406 1437/352/1402
f 1227/389/1226 1437/352/1402 1231/390/1224
f 1228/479/1225 1232/478/1223 1438/512/1401
f 1228/479/1225 1438/512/1401 1430/513/1405
f 1229/672/1226 1431/617/1406 1439/618/1402
f 1229/672/1226 1439/618/1402 1233/675/1222
f 1230/224/1223 1238/222/1221 1452/263/1398
f 1230/224/1223 1452/263/1398 1436/264/1401
f 1231/390/1224 1437/352/1402 1453/353/1399
f 1231/390/1224 1453/353/1399 1239/391/1220
f 1232/478/1223 1240/477/1219 1454/511/1398
f 1232/478/1223 1454/511/1398 1438/512/1401
f 1233/675/1222 1439/618/1402 1455/620/1399
f 1233/675/1222 1455/620/1399 1241/676/1220
f 1234/1705/1145 1424/1695/1352 1446/1692/1341
f 1234/1705/1145 1446/1692/1341 1256/1703/1114
f 1235/1239/1144 1257/1243/1115 1447/1274/1340
f 1235/1239/1144 1447/1274/1340 1425/1267/1351
f 1236/1658/1146 1246/1661/1133 1468/1668/1318
f 1236/1658/1146 1468/1668/1318 1448/1666/1336
f 1237/1404/1147 1449/1383/1337 1469/1380/1319
f 1237/1404/1147 1469/1380/1319 1247/1401/1134
f 1238/222/1221 1248/221/1217 1464/260/1394
f 1238/222/1221 1464/260/1394 1452/263/1398
f 1239/391/1220 1453/353/1399 1465/354/1395
f 1239/391/1220 1465/354/1395 1249/392/1218
f 1240/477/1219 1250/476/1217 1466/509/1396
f 1240/477/1219 1466/509/1396 1454/511/1398
f 1241/676/1220 1455/620/1399 1467/621/1397
f 1241/676/1220 1467/621/1397 1251/679/1218
f 1242/2070/854 1349/2084/867 1705/2136/1137
f 1242/2070/854 1705/2136/1137 1656/2121/1091
f 1245/2229/935 1616/2193/1163 1661/2183/1179
f 1245/2229/935 1661/2183/1179 1328/2222/910
f 1246/2069/1133 1270/2073/1118 1496/2097/1302
f 1246/2069/1133 1496/2097/1302 1468/2093/1318
f 1247/1401/1134 1469/1380/1319 1497/1377/1303
f 1247/1401/1134 1497/1377/1303 1271/1399/1119
f 1248/221/1217 1266/218/1216 1486/257/1392
f 1248/221/1217 1486/257/1392 1464/260/1394
f 1249/392/1218 1465/354/1395 1487/355/1393
f 1249/392/1218 1487/355/1393 1267/393/1215
f 1250/476/1217 1268/475/1214 1488/507/1392
f 1250/476/1217 1488/507/1392 1466/509/1396
f 1251/679/1218 1467/621/1397 1489/623/1393
f 1251/679/1218 1489/623/1393 1269/680/1215
f 1252/287/1431 1272/286/1426 1297/332/1521
f 1252/287/1431 1297/332/1521 1303/331/1477
f 1252/287/1431 1303/331/1477 1258/289/1415
f 1253/341/1433 1259/340/1418 1303/331/1477
f 1253/341/1433 1297/332/1521 1273/342/1427
f 1253/341/1433 1303/331/1477 1297/332/1521
f 1254/525/1432 1274/523/1426 1298/582/1522
f 1254/525/1432 1298/582/1522 1304/580/1477
f 1254/525/1432 1304/580/1477 1260/527/1417
f 1255/604/1433 1261/602/1416 1304/580/1477
f 1255/604/1433 1298/582/1522 1275/605/1427
f 1255/604/1433 1304/580/1477 1298/582/1522
f 1256/1703/1114 1446/1692/1341 1470/1690/1321
f 1256/1703/1114 1470/1690/1321 1281/1701/864
f 1257/722/1115 1282/723/863 1471/746/1322
f 1257/1243/1115 1471/1281/1322 1447/1274/1340
f 1258/289/1415 1303/331/1477 1341/327/1312
f 1258/289/1415 1341/327/1312 1305/288/1296
f 1259/340/1418 1306/338/1295 1341/327/1312
f 1259/340/1418 1341/327/1312 1303/331/1477
f 1260/527/1417 1304/580/1477 1342/576/1312
f 1260/527/1417 1342/576/1312 1307/526/1296
f 1261/602/1416 1308/599/1295 1342/576/1312
f 1261/602/1416 1342/576/1312 1304/580/1477
f 1262/2043/611 1413/2066/814 1553/2085/617
f 1262/2043/611 1553/2085/617 1482/2076/595
f 1263/1540/612 1483/1520/598 1554/1499/618
f 1263/1540/612 1554/1499/618 1414/1518/813
f 1264/926/610 1415/969/812 1555/984/617
f 1264/926/610 1555/984/617 1484/973/596
f 1265/2277/612 1485/2254/597 1556/2233/619
f 1265/2277/612 1556/2233/619 1416/2258/815
f 1266/218/1216 1277/214/1212 1502/255/1390
f 1266/218/1216 1502/255/1390 1486/257/1392
f 1267/393/1215 1487/355/1393 1503/356/1391
f 1267/393/1215 1503/356/1391 1278/394/1213
f 1268/475/1214 1279/474/1212 1504/506/1390
f 1268/475/1214 1504/506/1390 1488/507/1392
f 1269/680/1215 1489/623/1393 1505/626/1391
f 1269/680/1215 1505/626/1391 1280/683/1213
f 1270/2073/1118 1291/2079/1089 1523/2099/1172
f 1270/2073/1118 1523/2099/1172 1496/2097/1302
f 1271/1399/1119 1497/1377/1303 1524/1371/1171
f 1271/1399/1119 1524/1371/1171 1292/1396/1088
f 1272/286/1426 1299/284/1421 1326/329/1485
f 1272/286/1426 1326/329/1485 1297/332/1521
f 1273/342/1427 1297/332/1521 1326/329/1485
f 1273/342/1427 1326/329/1485 1300/343/1422
f 1274/523/1426 1301/521/1421 1327/578/1485
f 1274/523/1426 1327/578/1485 1298/582/1522
f 1275/605/1427 1298/582/1522 1327/578/1485
f 1275/605/1427 1327/578/1485 1302/606/1422
f 1276/2225/832 1358/2217/872 1720/2165/1255
f 1276/2225/832 1720/2165/1255 1662/2176/1056
f 1277/214/1212 1287/210/1210 1515/254/1386
f 1277/214/1212 1515/254/1386 1502/255/1390
f 1278/394/1213 1503/356/1391 1516/357/1387
f 1278/394/1213 1516/357/1387 1288/395/1211
f 1279/474/1212 1289/473/1210 1517/505/1386
f 1279/474/1212 1517/505/1386 1504/506/1390
f 1280/683/1213 1505/626/1391 1518/627/1387
f 1280/683/1213 1518/627/1387 1290/684/1211
f 1281/726/864 1500/728/1285 1318/729/354
f 1281/1701/864 1470/1690/1321 1500/1689/1285
f 1282/723/863 1501/749/1286 1471/746/1322
f 1282/2219/863 1319/2212/353 1501/2197/1286
f 1283/1694/1314 1343/1685/1456 1395/1684/1482
f 1283/1694/1314 1395/1684/1482 1333/1696/1348
f 1284/1275/1315 1334/1268/1347 1396/1324/1481
f 1284/1275/1315 1396/1324/1481 1344/1325/1457
f 1285/1672/1316 1335/1670/1349 1395/1684/1482
f 1285/1672/1316 1395/1684/1482 1343/1685/1456
f 1286/1378/1317 1344/1325/1457 1396/1324/1481
f 1286/1378/1317 1396/1324/1481 1336/1379/1350
f 1287/210/1210 1309/207/1207 1529/253/1382
f 1287/210/1210 1529/253/1382 1515/254/1386
f 1288/395/1211 1516/357/1387 1530/360/1383
f 1288/395/1211 1530/360/1383 1310/396/1208
f 1289/473/1210 1311/472/1207 1531/504/1382
f 1289/473/1210 1531/504/1382 1517/505/1386
f 1290/684/1211 1518/627/1387 1532/629/1383
f 1290/684/1211 1532/629/1383 1312/687/1209
f 1291/2079/1089 1324/2083/1066 1558/2105/1076
f 1291/2079/1089 1558/2105/1076 1523/2099/1172
f 1292/1396/1088 1524/1371/1171 1559/1368/1075
f 1292/1396/1088 1559/1368/1075 1325/1392/1067
f 1293/2055/1072 1305/2063/1296 1409/2075/1129
f 1293/2055/1072 1409/2075/1129 1478/2078/1026
f 1293/2055/1072 1478/2078/1026 1314/2053/849
f 1294/376/1073 1410/337/1130 1306/338/1295
f 1294/376/1073 1479/374/1027 1410/337/1130
f 1294/1530/1073 1315/1528/850 1479/1508/1027
f 1295/966/1072 1307/974/1296 1411/985/1129
f 1295/966/1072 1411/985/1129 1480/986/1026
f 1295/966/1072 1480/986/1026 1316/962/849
f 1296/652/1073 1412/596/1130 1308/599/1295
f 1296/652/1073 1481/645/1025 1412/596/1130
f 1296/2272/1073 1317/2267/850 1481/2250/1025
f 1299/284/1421 1320/283/1419 1359/328/1487
f 1299/284/1421 1359/328/1487 1326/329/1485
f 1300/343/1422 1326/329/1485 1359/328/1487
f 1300/343/1422 1359/328/1487 1321/344/1420
f 1301/521/1421 1322/520/1419 1360/577/1487
f 1301/521/1421 1360/577/1487 1327/578/1485
f 1302/606/1422 1327/578/1485 1360/577/1487
f 1302/606/1422 1360/577/1487 1323/607/1420
f 1305/288/1296 1341/327/1312 1409/285/1129
f 1306/338/1295 1410/337/1130 1341/327/1312
f 1307/526/1296 1342/576/1312 1411/522/1129
f 1308/599/1295 1412/596/1130 1342/576/1312
f 1309/207/1207 1329/205/1201 1543/252/1376
f 1309/207/1207 1543/252/1376 1529/253/1382
f 1310/396/1208 1530/360/1383 1544/361/1379
f 1310/396/1208 1544/361/1379 1330/399/1206
f 1311/472/1207 1331/470/1205 1545/502/1378
f 1311/472/1207 1545/502/1378 1531/504/1382
f 1312/687/1209 1532/629/1383 1546/631/1377
f 1312/687/1209 1546/631/1377 1332/688/1202
f 1313/2086/835 1680/2132/1058 1762/2154/1271
f 1313/2086/835 1762/2154/1271 1421/2091/855
f 1314/2053/849 1478/2078/1026 1537/2082/840
f 1314/2053/849 1537/2082/840 1413/2066/814
f 1315/1528/850 1414/1518/813 1538/1494/841
f 1315/1528/850 1538/1494/841 1479/1508/1027
f 1316/962/849 1480/986/1026 1539/991/840
f 1316/962/849 1539/991/840 1415/969/812
f 1317/2267/850 1416/2258/815 1540/2232/841
f 1317/2267/850 1540/2232/841 1481/2250/1025
f 1318/729/354 1500/728/1285 1535/725/834
f 1318/729/354 1535/725/834 1579/737/358
f 1318/729/354 1579/737/358 1397/750/406
f 1319/2212/353 1398/2205/405 1580/2188/357
f 1319/2212/353 1536/2192/833 1501/2197/1286
f 1319/2212/353 1580/2188/357 1536/2192/833
f 1320/283/1419 1337/282/1413 1379/325/1493
f 1320/283/1419 1379/325/1493 1359/328/1487
f 1321/344/1420 1359/328/1487 1379/325/1493
f 1321/344/1420 1379/325/1493 1338/345/1414
f 1322/520/1419 1339/519/1413 1380/574/1493
f 1322/520/1419 1380/574/1493 1360/577/1487
f 1323/607/1420 1360/577/1487 1380/574/1493
f 1323/607/1420 1380/574/1493 1340/608/1414
f 1324/2083/1066 1361/2088/1156 1558/2105/1076
f 1325/2200/1067 1559/2185/1075 1362/2198/1155
f 1328/2222/910 1661/2183/1179 1697/2173/1247
f 1328/2222/910 1697/2173/1247 1358/2217/872
f 1329/205/1201 1347/204/1196 1564/250/1374
f 1329/205/1201 1564/250/1374 1543/252/1376
f 1330/399/1206 1544/361/1379 1562/363/1381
f 1330/399/1206 1562/363/1381 1345/401/1204
f 1331/470/1205 1346/469/1203 1563/501/1380
f 1331/470/1205 1563/501/1380 1545/502/1378
f 1332/688/1202 1546/631/1377 1565/633/1375
f 1332/688/1202 1565/633/1375 1348/690/1197
f 1333/1696/1348 1395/1684/1482 1432/1683/1494
f 1333/1696/1348 1432/1683/1494 1350/1698/1368
f 1334/1268/1347 1351/1264/1367 1433/1326/1495
f 1334/1268/1347 1433/1326/1495 1396/1324/1481
f 1335/1670/1349 1352/1669/1365 1432/1683/1494
f 1335/1670/1349 1432/1683/1494 1395/1684/1482
f 1336/1379/1350 1396/1324/1481 1433/1326/1495
f 1336/1379/1350 1433/1326/1495 1353/1381/1366
f 1337/282/1413 1354/278/1411 1403/324/1517
f 1337/282/1413 1403/324/1517 1379/325/1493
f 1338/345/1414 1379/325/1493 1403/324/1517
f 1338/345/1414 1403/324/1517 1355/346/1412
f 1339/519/1413 1356/518/1411 1404/573/1517
f 1339/519/1413 1404/573/1517 1380/574/1493
f 1340/608/1414 1380/574/1493 1404/573/1517
f 1340/608/1414 1404/573/1517 1357/610/1412
f 1341/327/1312 1410/337/1130 1458/310/1136
f 1341/327/1312 1458/310/1136 1409/285/1129
f 1342/576/1312 1412/596/1130 1459/558/1136
f 1342/576/1312 1459/558/1136 1411/522/1129
f 1345/401/1204 1562/363/1381 1363/404/1199
f 1346/469/1203 1364/468/1198 1563/501/1380
f 1347/204/1196 1365/203/1190 1573/249/1372
f 1347/204/1196 1573/249/1372 1564/250/1374
f 1348/690/1197 1565/633/1375 1574/635/1373
f 1348/690/1197 1574/635/1373 1366/692/1191
f 1349/2084/867 1421/2091/855 1705/2136/1137
f 1350/1698/1368 1432/1683/1494 1371/1699/1370
f 1351/1264/1367 1372/1261/1369 1433/1326/1495
f 1352/1669/1365 1373/1667/1362 1450/1682/1497
f 1352/1669/1365 1450/1682/1497 1432/1683/1494
f 1353/1381/1366 1433/1326/1495 1451/1328/1496
f 1353/1381/1366 1451/1328/1496 1374/1382/1361
f 1354/278/1411 1367/276/1409 1442/322/1528
f 1354/278/1411 1434/323/1525 1403/324/1517
f 1354/278/1411 1442/322/1528 1434/323/1525
f 1355/346/1412 1403/324/1517 1434/323/1525
f 1355/346/1412 1434/323/1525 1442/322/1528
f 1355/346/1412 1442/322/1528 1369/347/1410
f 1356/518/1411 1368/517/1409 1443/570/1528
f 1356/518/1411 1435/571/1525 1404/573/1517
f 1356/518/1411 1443/570/1528 1435/571/1525
f 1357/610/1412 1404/573/1517 1435/571/1525
f 1357/610/1412 1435/571/1525 1443/570/1528
f 1357/610/1412 1443/570/1528 1370/611/1410
f 1358/2217/872 1697/2173/1247 1720/2165/1255
f 1361/169/1156 1423/176/1291 1588/174/1103
f 1361/2088/1156 1588/2110/1103 1558/2105/1076
f 1362/747/1155 1587/727/1108 1422/731/1290
f 1362/2198/1155 1559/2185/1075 1587/2182/1108
f 1363/404/1199 1562/363/1381 1571/364/1385
f 1363/404/1199 1571/364/1385 1383/407/1195
f 1364/468/1198 1384/467/1194 1572/500/1384
f 1364/468/1198 1572/500/1384 1563/501/1380
f 1365/203/1190 1385/201/1182 1583/246/1363
f 1365/203/1190 1583/246/1363 1573/249/1372
f 1366/692/1191 1574/635/1373 1584/636/1364
f 1366/692/1191 1584/636/1364 1386/694/1183
f 1367/276/1409 1375/273/1407 1456/321/1530
f 1367/276/1409 1456/321/1530 1442/322/1528
f 1368/517/1409 1377/516/1407 1457/569/1530
f 1368/517/1409 1457/569/1530 1443/570/1528
f 1369/347/1410 1442/322/1528 1456/321/1530
f 1369/347/1410 1456/321/1530 1376/348/1408
f 1370/611/1410 1443/570/1528 1457/569/1530
f 1370/611/1410 1457/569/1530 1378/613/1408
f 1371/1699/1370 1432/1683/1494 1450/1682/1497
f 1371/1699/1370 1450/1682/1497 1391/1697/1358
f 1372/1261/1369 1392/1262/1359 1451/1328/1496
f 1372/1261/1369 1451/1328/1496 1433/1326/1495
f 1373/1667/1362 1393/1665/1355 1472/1681/1498
f 1373/1667/1362 1472/1681/1498 1450/1682/1497
f 1374/1382/1361 1451/1328/1496 1473/1330/1499
f 1374/1382/1361 1473/1330/1499 1394/1385/1354
f 1375/273/1407 1387/270/1407 1462/320/1530
f 1375/273/1407 1462/320/1530 1456/321/1530
f 1376/348/1408 1456/321/1530 1462/320/1530
f 1376/348/1408 1462/320/1530 1388/349/1408
f 1377/516/1407 1389/515/1407 1463/568/1530
f 1377/516/1407 1463/568/1530 1457/569/1530
f 1378/613/1408 1457/569/1530 1463/568/1530
f 1378/613/1408 1463/568/1530 1390/614/1408
f 1381/1753/535 1405/1733/549 1614/1752/575
f 1381/1753/535 1614/1752/575 1406/1772/550
f 1382/1309/535 1407/1251/551 1615/1308/575
f 1382/1309/535 1615/1308/575 1408/1362/550
f 1383/407/1195 1571/364/1385 1581/365/1389
f 1383/407/1195 1581/365/1389 1417/408/1193
f 1384/467/1194 1418/466/1192 1582/498/1388
f 1384/467/1194 1582/498/1388 1572/500/1384
f 1385/201/1182 1419/198/1173 1591/245/1357
f 1385/201/1182 1591/245/1357 1583/246/1363
f 1386/694/1183 1584/636/1364 1592/634/1356
f 1386/694/1183 1592/634/1356 1420/696/1174
f 1387/270/1407 1399/268/1407 1476/319/1530
f 1387/270/1407 1476/319/1530 1462/320/1530
f 1388/349/1408 1462/320/1530 1476/319/1530
f 1388/349/1408 1476/319/1530 1400/350/1408
f 1389/515/1407 1401/514/1407 1477/567/1530
f 1389/515/1407 1477/567/1530 1463/568/1530
f 1390/614/1408 1463/568/1530 1477/567/1530
f 1390/614/1408 1477/567/1530 1402/616/1408
f 1391/1697/1358 1450/1682/1497 1472/1681/1498
f 1391/1697/1358 1472/1681/1498 1424/1695/1352
f 1392/1262/1359 1425/1267/1351 1473/1330/1499
f 1392/1262/1359 1473/1330/1499 1451/1328/1496
f 1393/1665/1355 1426/1664/1344 1490/1680/1502
f 1393/1665/1355 1490/1680/1502 1472/1681/1498
f 1394/1385/1354 1473/1330/1499 1491/1331/1503
f 1394/1385/1354 1491/1331/1503 1427/1386/1345
f 1397/2098/406 1579/2114/358 1632/2122/410
f 1397/2098/406 1632/2122/410 1520/2102/555
f 1398/2205/405 1519/2196/554 1631/2178/409
f 1398/2205/405 1631/2178/409 1580/2188/357
f 1399/268/1407 1428/265/1404 1492/318/1529
f 1399/268/1407 1492/318/1529 1476/319/1530
f 1400/350/1408 1476/319/1530 1492/318/1529
f 1400/350/1408 1492/318/1529 1429/351/1406
f 1401/514/1407 1430/513/1405 1493/566/1529
f 1401/514/1407 1493/566/1529 1477/567/1530
f 1402/616/1408 1477/567/1530 1493/566/1529
f 1402/616/1408 1493/566/1529 1431/617/1406
f 1405/1733/549 1482/1715/595 1619/1732/588
f 1405/1733/549 1619/1732/588 1614/1752/575
f 1406/1772/550 1614/1752/575 1620/1771/589
f 1406/1772/550 1620/1771/589 1483/1789/598
f 1407/1251/551 1484/1229/596 1621/1250/588
f 1407/1251/551 1621/1250/588 1615/1308/575
f 1408/1362/550 1615/1308/575 1622/1356/589
f 1408/1362/550 1622/1356/589 1485/1389/597
f 1409/453/1129 1458/449/1136 1547/446/1054
f 1409/2075/1129 1547/2090/1054 1478/2078/1026
f 1410/337/1130 1479/374/1027 1548/336/1055
f 1410/337/1130 1548/336/1055 1458/310/1136
f 1411/455/1129 1459/450/1136 1549/447/1054
f 1411/985/1129 1549/1014/1054 1480/986/1026
f 1412/596/1130 1481/645/1025 1550/594/1053
f 1412/596/1130 1550/594/1053 1459/558/1136
f 1413/2066/814 1537/2082/840 1609/2094/816
f 1413/2066/814 1609/2094/816 1553/2085/617
f 1414/1518/813 1554/1499/618 1610/1486/818
f 1414/1518/813 1610/1486/818 1538/1494/841
f 1415/969/812 1539/991/840 1611/1009/817
f 1415/969/812 1611/1009/817 1555/984/617
f 1416/2258/815 1556/2233/619 1612/2220/819
f 1416/2258/815 1612/2220/819 1540/2232/841
f 1417/408/1193 1581/365/1389 1589/367/1400
f 1417/408/1193 1589/367/1400 1444/409/1239
f 1418/466/1192 1445/465/1200 1590/497/1403
f 1418/466/1192 1590/497/1403 1582/498/1388
f 1419/198/1173 1440/197/1165 1606/247/1346
f 1419/198/1173 1606/247/1346 1591/245/1357
f 1420/696/1174 1592/634/1356 1607/632/1353
f 1420/696/1174 1607/632/1353 1441/695/1166
f 1421/2091/855 1762/2154/1271 1705/2136/1137
f 1422/731/1290 1587/727/1108 1624/721/1305
f 1422/731/1290 1624/721/1305 1461/709/1297
f 1423/176/1291 1460/192/1298 1625/178/1304
f 1423/176/1291 1625/178/1304 1588/174/1103
f 1424/1695/1352 1472/1681/1498 1490/1680/1502
f 1424/1695/1352 1490/1680/1502 1446/1692/1341
f 1425/1267/1351 1447/1274/1340 1491/1331/1503
f 1425/1267/1351 1491/1331/1503 1473/1330/1499
f 1426/1664/1344 1448/1666/1336 1508/1679/1500
f 1426/1664/1344 1508/1679/1500 1490/1680/1502
f 1427/1386/1345 1491/1331/1503 1509/1333/1501
f 1427/1386/1345 1509/1333/1501 1449/1383/1337
f 1428/265/1404 1436/264/1401 1506/317/1527
f 1428/265/1404 1506/317/1527 1492/318/1529
f 1429/351/1406 1492/318/1529 1506/317/1527
f 1429/351/1406 1506/317/1527 1437/352/1402
f 1430/513/1405 1438/512/1401 1507/563/1527
f 1430/513/1405 1507/563/1527 1493/566/1529
f 1431/617/1406 1493/566/1529 1507/563/1527
f 1431/617/1406 1507/563/1527 1439/618/1402
f 1436/264/1401 1452/263/1398 1510/316/1526
f 1436/264/1401 1510/316/1526 1506/317/1527
f 1437/352/1402 1506/317/1527 1510/316/1526
f 1437/352/1402 1510/316/1526 1453/353/1399
f 1438/512/1401 1454/511/1398 1511/562/1526
f 1438/512/1401 1511/562/1526 1507/563/1527
f 1439/618/1402 1507/563/1527 1511/562/1526
f 1439/618/1402 1511/562/1526 1455/620/1399
f 1440/197/1165 1474/199/1148 1623/248/1338
f 1440/197/1165 1623/248/1338 1606/247/1346
f 1441/695/1166 1607/632/1353 1626/622/1342
f 1441/695/1166 1626/622/1342 1475/691/1164
f 1444/409/1239 1589/367/1400 1608/368/1425
f 1444/409/1239 1608/368/1425 1494/415/1248
f 1445/465/1200 1495/463/1240 1613/494/1424
f 1445/465/1200 1613/494/1424 1590/497/1403
f 1446/1692/1341 1490/1680/1502 1508/1679/1500
f 1446/1692/1341 1508/1679/1500 1470/1690/1321
f 1447/1274/1340 1471/1281/1322 1509/1333/1501
f 1447/1274/1340 1509/1333/1501 1491/1331/1503
f 1448/1666/1336 1468/1668/1318 1527/1678/1489
f 1448/1666/1336 1527/1678/1489 1508/1679/1500
f 1449/1383/1337 1509/1333/1501 1528/1334/1490
f 1449/1383/1337 1528/1334/1490 1469/1380/1319
f 1452/263/1398 1464/260/1394 1525/315/1524
f 1452/263/1398 1525/315/1524 1510/316/1526
f 1453/353/1399 1510/316/1526 1525/315/1524
f 1453/353/1399 1525/315/1524 1465/354/1395
f 1454/511/1398 1466/509/1396 1526/561/1524
f 1454/511/1398 1526/561/1524 1511/562/1526
f 1455/620/1399 1511/562/1526 1526/561/1524
f 1455/620/1399 1526/561/1524 1467/621/1397
f 1458/310/1136 1548/336/1055 1568/299/1057
f 1458/449/1136 1568/438/1057 1547/446/1054
f 1459/450/1136 1569/439/1057 1549/447/1054
f 1459/558/1136 1550/594/1053 1569/551/1057
f 1460/192/1298 1498/261/1307 1655/195/1446
f 1460/192/1298 1655/195/1446 1625/178/1304
f 1461/709/1297 1624/721/1305 1654/698/1447
f 1461/709/1297 1654/698/1447 1499/639/1306
f 1464/260/1394 1486/257/1392 1533/314/1523
f 1464/260/1394 1533/314/1523 1525/315/1524
f 1465/354/1395 1525/315/1524 1533/314/1523
f 1465/354/1395 1533/314/1523 1487/355/1393
f 1466/509/1396 1488/507/1392 1534/560/1523
f 1466/509/1396 1534/560/1523 1526/561/1524
f 1467/621/1397 1526/561/1524 1534/560/1523
f 1467/621/1397 1534/560/1523 1489/623/1393
f 1468/1668/1318 1496/1671/1302 1541/1677/1459
f 1468/1668/1318 1541/1677/1459 1527/1678/1489
f 1469/1380/1319 1528/1334/1490 1542/1336/1460
f 1469/1380/1319 1542/1336/1460 1497/1377/1303
f 1470/1690/1321 1508/1679/1500 1527/1678/1489
f 1470/1690/1321 1527/1678/1489 1500/1689/1285
f 1471/1281/1322 1501/1287/1286 1528/1334/1490
f 1471/1281/1322 1528/1334/1490 1509/1333/1501
f 1474/199/1148 1514/200/1135 1646/244/1313
f 1474/199/1148 1646/244/1313 1623/248/1338
f 1475/691/1164 1626/622/1342 1649/600/1330
f 1475/691/1164 1649/600/1330 1522/686/1162
f 1478/2078/1026 1547/2090/1054 1596/2096/896
f 1478/2078/1026 1596/2096/896 1537/2082/840
f 1479/454/1027 1597/440/897 1548/442/1055
f 1479/1508/1027 1538/1494/841 1597/1485/897
f 1480/986/1026 1549/1014/1054 1598/1026/895
f 1480/986/1026 1598/1026/895 1539/991/840
f 1481/456/1025 1599/441/897 1550/443/1053
f 1481/2250/1025 1540/2232/841 1599/2223/897
f 1482/1715/595 1639/1713/601 1619/1732/588
f 1482/2076/595 1553/2085/617 1639/2101/601
f 1483/1520/598 1640/1483/602 1554/1499/618
f 1483/1789/598 1620/1771/589 1640/1786/602
f 1484/973/596 1555/984/617 1641/1024/601
f 1484/1229/596 1641/1227/601 1621/1250/588
f 1485/1389/597 1622/1356/589 1642/1387/602
f 1485/2254/597 1642/2214/602 1556/2233/619
f 1486/257/1392 1502/255/1390 1551/312/1518
f 1486/257/1392 1551/312/1518 1533/314/1523
f 1487/355/1393 1533/314/1523 1551/312/1518
f 1487/355/1393 1551/312/1518 1503/356/1391
f 1488/507/1392 1504/506/1390 1552/559/1518
f 1488/507/1392 1552/559/1518 1534/560/1523
f 1489/623/1393 1534/560/1523 1552/559/1518
f 1489/623/1393 1552/559/1518 1505/626/1391
f 1494/415/1248 1608/368/1425 1627/371/1430
f 1494/415/1248 1627/371/1430 1557/418/1267
f 1495/463/1240 1561/461/1260 1630/486/1428
f 1495/463/1240 1630/486/1428 1613/494/1424
f 1496/1671/1302 1523/1673/1172 1575/1676/1092
f 1496/1671/1302 1575/1676/1092 1541/1677/1459
f 1497/1377/1303 1542/1336/1460 1576/1335/1093
f 1497/1377/1303 1576/1335/1093 1524/1371/1171
f 1498/261/1307 1512/366/1309 1669/259/1444
f 1498/261/1307 1669/259/1444 1655/195/1446
f 1499/639/1306 1654/698/1447 1668/612/1445
f 1499/639/1306 1668/612/1445 1513/510/1308
f 1500/1689/1285 1527/1678/1489 1541/1677/1459
f 1500/1689/1285 1541/1677/1459 1535/1688/834
f 1501/1287/1286 1536/1293/833 1542/1336/1460
f 1501/1287/1286 1542/1336/1460 1528/1334/1490
f 1502/255/1390 1515/254/1386 1566/309/1516
f 1502/255/1390 1566/309/1516 1551/312/1518
f 1503/356/1391 1551/312/1518 1566/309/1516
f 1503/356/1391 1566/309/1516 1516/357/1387
f 1504/506/1390 1517/505/1386 1567/557/1516
f 1504/506/1390 1567/557/1516 1552/559/1518
f 1505/626/1391 1552/559/1518 1567/557/1516
f 1505/626/1391 1567/557/1516 1518/627/1387
f 1512/366/1309 1521/452/1310 1683/362/1441
f 1512/366/1309 1683/362/1441 1669/259/1444
f 1513/510/1308 1668/612/1445 1682/499/1442
f 1513/510/1308 1682/499/1442 1521/452/1310
f 1514/2095/1135 1560/2100/1113 1667/2128/1301
f 1514/2095/1135 1667/2128/1301 1646/2120/1313
f 1515/254/1386 1529/253/1382 1577/307/1515
f 1515/254/1386 1577/307/1515 1566/309/1516
f 1516/357/1387 1566/309/1516 1577/307/1515
f 1516/357/1387 1577/307/1515 1530/360/1383
f 1517/505/1386 1531/504/1382 1578/556/1515
f 1517/505/1386 1578/556/1515 1567/557/1516
f 1518/627/1387 1567/557/1516 1578/556/1515
f 1518/627/1387 1578/556/1515 1532/629/1383
f 1519/2196/554 1595/2189/788 1671/2169/860
f 1519/2196/554 1671/2169/860 1631/2178/409
f 1520/2102/555 1632/2122/410 1681/2133/858
f 1520/2102/555 1681/2133/858 1601/2118/792
f 1521/452/1310 1682/499/1442 1684/448/1440
f 1521/452/1310 1684/448/1440 1683/362/1441
f 1522/686/1162 1649/600/1330 1673/592/1323
f 1522/686/1162 1673/592/1323 1570/674/1161
f 1523/2099/1172 1558/2105/1076 1603/2116/584
f 1523/2099/1172 1603/2116/584 1575/2109/1092
f 1524/2191/1171 1576/2186/1093 1602/2181/585
f 1524/2191/1171 1602/2181/585 1559/2185/1075
f 1529/253/1382 1543/252/1376 1585/306/1509
f 1529/253/1382 1585/306/1509 1577/307/1515
f 1530/360/1383 1577/307/1515 1585/306/1509
f 1530/360/1383 1585/306/1509 1544/361/1379
f 1531/504/1382 1545/502/1378 1586/555/1510
f 1531/504/1382 1586/555/1510 1578/556/1515
f 1532/629/1383 1578/556/1515 1586/555/1510
f 1532/629/1383 1586/555/1510 1546/631/1377
f 1535/1688/834 1541/1677/1459 1575/1676/1092
f 1535/2106/834 1575/2109/1092 1603/2116/584
f 1535/2106/834 1603/2116/584 1579/2114/358
f 1536/1293/833 1576/1335/1093 1542/1336/1460
f 1536/2192/833 1580/2188/357 1602/2181/585
f 1536/2192/833 1602/2181/585 1576/2186/1093
f 1537/2082/840 1596/2096/896 1650/2103/837
f 1537/2082/840 1650/2103/837 1609/2094/816
f 1538/1494/841 1610/1486/818 1651/1478/839
f 1538/1494/841 1651/1478/839 1597/1485/897
f 1539/991/840 1598/1026/895 1652/1037/838
f 1539/991/840 1652/1037/838 1611/1009/817
f 1540/2232/841 1612/2220/819 1653/2207/836
f 1540/2232/841 1653/2207/836 1599/2223/897
f 1543/252/1376 1564/250/1374 1593/304/1507
f 1543/252/1376 1593/304/1507 1585/306/1509
f 1544/361/1379 1585/306/1509 1593/304/1507
f 1544/361/1379 1593/304/1507 1562/363/1381
f 1545/502/1378 1563/501/1380 1594/554/1508
f 1545/502/1378 1594/554/1508 1586/555/1510
f 1546/631/1377 1586/555/1510 1594/554/1508
f 1546/631/1377 1594/554/1508 1565/633/1375
f 1547/446/1054 1568/438/1057 1633/435/924
f 1547/2090/1054 1633/2104/924 1596/2096/896
f 1548/442/1055 1597/440/897 1634/432/923
f 1548/442/1055 1634/432/923 1568/438/1057
f 1549/447/1054 1569/439/1057 1635/436/924
f 1549/1014/1054 1635/1042/924 1598/1026/895
f 1550/443/1053 1599/441/897 1636/433/925
f 1550/443/1053 1636/433/925 1569/439/1057
f 1553/2085/617 1609/2094/816 1663/2107/624
f 1553/2085/617 1663/2107/624 1639/2101/601
f 1554/1499/618 1640/1483/602 1664/1477/626
f 1554/1499/618 1664/1477/626 1610/1486/818
f 1555/984/617 1611/1009/817 1665/1036/625
f 1555/984/617 1665/1036/625 1641/1024/601
f 1556/2233/619 1642/2214/602 1666/2203/627
f 1556/2233/619 1666/2203/627 1612/2220/819
f 1557/418/1267 1627/371/1430 1659/375/1443
f 1557/418/1267 1659/375/1443 1648/434/1311
f 1558/2105/1076 1588/2110/1103 1603/2116/584
f 1559/2185/1075 1602/2181/585 1587/2182/1108
f 1560/2100/1113 1600/2108/1085 1696/2135/1278
f 1560/2100/1113 1696/2135/1278 1667/2128/1301
f 1561/461/1260 1648/434/1311 1660/471/1434
f 1561/461/1260 1660/471/1434 1630/486/1428
f 1562/363/1381 1593/304/1507 1571/364/1385
f 1563/501/1380 1572/500/1384 1594/554/1508
f 1564/250/1374 1573/249/1372 1604/303/1511
f 1564/250/1374 1604/303/1511 1593/304/1507
f 1565/633/1375 1594/554/1508 1605/553/1512
f 1565/633/1375 1605/553/1512 1574/635/1373
f 1568/438/1057 1634/432/923 1643/430/931
f 1568/438/1057 1643/430/931 1633/435/924
f 1569/439/1057 1636/433/925 1644/431/931
f 1569/439/1057 1644/431/931 1635/436/924
f 1570/674/1161 1673/592/1323 1616/655/1163
f 1571/364/1385 1593/304/1507 1604/303/1511
f 1571/364/1385 1604/303/1511 1581/365/1389
f 1572/500/1384 1582/498/1388 1605/553/1512
f 1572/500/1384 1605/553/1512 1594/554/1508
f 1573/249/1372 1583/246/1363 1617/305/1513
f 1573/249/1372 1617/305/1513 1604/303/1511
f 1574/635/1373 1605/553/1512 1618/552/1514
f 1574/635/1373 1618/552/1514 1584/636/1364
f 1579/101/358 1603/114/584 1647/120/609
f 1579/101/358 1647/120/609 1632/121/410
f 1580/2188/357 1631/2178/409 1645/2175/614
f 1580/2188/357 1645/2175/614 1602/2181/585
f 1581/365/1389 1604/303/1511 1617/305/1513
f 1581/365/1389 1617/305/1513 1589/367/1400
f 1582/498/1388 1590/497/1403 1618/552/1514
f 1582/498/1388 1618/552/1514 1605/553/1512
f 1583/246/1363 1591/245/1357 1628/313/1505
f 1583/246/1363 1628/313/1505 1617/305/1513
f 1584/636/1364 1618/552/1514 1629/550/1504
f 1584/636/1364 1629/550/1504 1592/634/1356
f 1587/2182/1108 1602/2181/585 1645/2175/614
f 1587/2182/1108 1645/2175/614 1624/2177/1305
f 1588/2110/1103 1625/2119/1304 1647/2124/609
f 1588/2110/1103 1647/2124/609 1603/2116/584
f 1589/367/1400 1617/305/1513 1628/313/1505
f 1589/367/1400 1628/313/1505 1608/368/1425
f 1590/497/1403 1613/494/1424 1629/550/1504
f 1590/497/1403 1629/550/1504 1618/552/1514
f 1591/245/1357 1606/247/1346 1637/326/1492
f 1591/245/1357 1637/326/1492 1628/313/1505
f 1592/634/1356 1629/550/1504 1638/549/1491
f 1592/634/1356 1638/549/1491 1607/632/1353
f 1595/2189/788 1662/2176/1056 1719/2162/1159
f 1595/2189/788 1719/2162/1159 1671/2169/860
f 1596/2096/896 1633/2104/924 1675/2115/889
f 1596/2096/896 1675/2115/889 1650/2103/837
f 1597/440/897 1676/427/888 1634/432/923
f 1597/1485/897 1651/1478/839 1676/1459/888
f 1598/1026/895 1635/1042/924 1677/1059/887
f 1598/1026/895 1677/1059/887 1652/1037/838
f 1599/441/897 1678/428/888 1636/433/925
f 1599/2223/897 1653/2207/836 1678/2199/888
f 1600/2108/1085 1656/2121/1091 1727/2143/1289
f 1600/2108/1085 1727/2143/1289 1696/2135/1278
f 1601/2118/792 1681/2133/858 1725/2145/1160
f 1601/2118/792 1725/2145/1160 1680/2132/1058
f 1606/247/1346 1623/248/1338 1657/333/1484
f 1606/247/1346 1657/333/1484 1637/326/1492
f 1607/632/1353 1638/549/1491 1658/546/1479
f 1607/632/1353 1658/546/1479 1626/622/1342
f 1608/368/1425 1628/313/1505 1637/326/1492
f 1608/368/1425 1637/326/1492 1627/371/1430
f 1609/2094/816 1650/2103/837 1685/2117/822
f 1609/2094/816 1685/2117/822 1663/2107/624
f 1610/1486/818 1664/1477/626 1686/1458/825
f 1610/1486/818 1686/1458/825 1651/1478/839
f 1611/1009/817 1652/1037/838 1687/1051/824
f 1611/1009/817 1687/1051/824 1665/1036/625
f 1612/2220/819 1666/2203/627 1688/2195/823
f 1612/2220/819 1688/2195/823 1653/2207/836
f 1613/494/1424 1630/486/1428 1638/549/1491
f 1613/494/1424 1638/549/1491 1629/550/1504
f 1614/1752/575 1619/1732/588 1701/1731/615
f 1614/1752/575 1694/1751/613 1702/1770/616
f 1614/1752/575 1701/1731/615 1694/1751/613
f 1614/1752/575 1702/1770/616 1620/1771/589
f 1615/1308/575 1621/1250/588 1703/1249/615
f 1615/1308/575 1695/1306/613 1704/1353/616
f 1615/1308/575 1703/1249/615 1695/1306/613
f 1615/1308/575 1704/1353/616 1622/1356/589
f 1616/655/1163 1673/592/1323 1714/586/1324
f 1616/655/1163 1714/586/1324 1661/642/1179
f 1619/1732/588 1639/1713/601 1709/1724/795
f 1619/1732/588 1709/1724/795 1701/1731/615
f 1620/1771/589 1702/1770/616 1710/1784/796
f 1620/1771/589 1710/1784/796 1640/1786/602
f 1621/1250/588 1641/1227/601 1711/1236/795
f 1621/1250/588 1711/1236/795 1703/1249/615
f 1622/1356/589 1704/1353/616 1712/1384/796
f 1622/1356/589 1712/1384/796 1642/1387/602
f 1623/248/1338 1646/244/1313 1670/330/1468
f 1623/248/1338 1670/330/1468 1657/333/1484
f 1624/721/1305 1674/704/1090 1654/698/1447
f 1624/2177/1305 1645/2175/614 1674/2167/1090
f 1625/178/1304 1655/195/1446 1679/184/1086
f 1625/2119/1304 1679/2131/1086 1647/2124/609
f 1626/622/1342 1658/546/1479 1672/541/1473
f 1626/622/1342 1672/541/1473 1649/600/1330
f 1627/371/1430 1637/326/1492 1657/333/1484
f 1627/371/1430 1657/333/1484 1659/375/1443
f 1630/486/1428 1658/546/1479 1638/549/1491
f 1630/486/1428 1660/471/1434 1658/546/1479
f 1631/2178/409 1671/2169/860 1674/2167/1090
f 1631/2178/409 1674/2167/1090 1645/2175/614
f 1632/2122/410 1647/2124/609 1679/2131/1086
f 1632/2122/410 1679/2131/1086 1681/2133/858
f 1633/435/924 1643/430/931 1689/425/915
f 1633/2104/924 1689/2123/915 1675/2115/889
f 1634/432/923 1676/427/888 1690/423/914
f 1634/432/923 1690/423/914 1643/430/931
f 1635/436/924 1644/431/931 1691/426/917
f 1635/1042/924 1691/1078/917 1677/1059/887
f 1636/433/925 1678/428/888 1692/424/916
f 1636/433/925 1692/424/916 1644/431/931
f 1639/2101/601 1663/2107/624 1709/2125/795
f 1640/1483/602 1710/1456/796 1664/1477/626
f 1641/1024/601 1665/1036/625 1711/1062/795
f 1642/2214/602 1712/2194/796 1666/2203/627
f 1643/430/931 1690/423/914 1699/421/926
f 1643/430/931 1699/421/926 1689/425/915
f 1644/431/931 1692/424/916 1700/422/926
f 1644/431/931 1700/422/926 1691/426/917
f 1646/244/1313 1667/241/1301 1698/298/1450
f 1646/244/1313 1698/298/1450 1670/330/1468
f 1648/434/1311 1659/375/1443 1693/372/1448
f 1648/434/1311 1693/372/1448 1735/410/1449
f 1648/434/1311 1706/462/1439 1660/471/1434
f 1648/434/1311 1735/410/1449 1706/462/1439
f 1649/600/1330 1672/541/1473 1707/508/1465
f 1649/600/1330 1707/508/1465 1673/592/1323
f 1650/2103/837 1675/2115/889 1715/2126/853
f 1650/2103/837 1715/2126/853 1685/2117/822
f 1651/1478/839 1686/1458/825 1716/1452/852
f 1651/1478/839 1716/1452/852 1676/1459/888
f 1652/1037/838 1677/1059/887 1717/1076/851
f 1652/1037/838 1717/1076/851 1687/1051/824
f 1653/2207/836 1688/2195/823 1718/2190/852
f 1653/2207/836 1718/2190/852 1678/2199/888
f 1654/698/1447 1674/704/1090 1708/682/1335
f 1654/698/1447 1708/682/1335 1668/612/1445
f 1655/195/1446 1669/259/1444 1713/196/1329
f 1655/195/1446 1713/196/1329 1679/184/1086
f 1656/2121/1091 1705/2136/1137 1765/2156/1320
f 1656/2121/1091 1765/2156/1320 1727/2143/1289
f 1657/333/1484 1670/330/1468 1659/375/1443
f 1658/546/1479 1660/471/1434 1672/541/1473
f 1659/375/1443 1670/330/1468 1693/372/1448
f 1660/471/1434 1706/462/1439 1672/541/1473
f 1661/642/1179 1714/586/1324 1748/545/1339
f 1661/642/1179 1748/545/1339 1697/624/1247
f 1662/677/1056 1720/628/1255 1764/593/1343
f 1662/677/1056 1764/593/1343 1719/671/1159
f 1663/2107/624 1685/2117/822 1721/2129/829
f 1663/2107/624 1721/2129/829 1709/2125/795
f 1664/1477/626 1710/1456/796 1722/1451/828
f 1664/1477/626 1722/1451/828 1686/1458/825
f 1665/1036/625 1687/1051/824 1723/1075/826
f 1665/1036/625 1723/1075/826 1711/1062/795
f 1666/2203/627 1712/2194/796 1724/2187/827
f 1666/2203/627 1724/2187/827 1688/2195/823
f 1667/241/1301 1696/237/1278 1726/293/1423
f 1667/241/1301 1726/293/1423 1698/298/1450
f 1668/612/1445 1708/682/1335 1732/595/1469
f 1668/612/1445 1732/595/1469 1682/499/1442
f 1669/259/1444 1683/362/1441 1734/262/1467
f 1669/259/1444 1734/262/1467 1713/196/1329
f 1670/330/1468 1698/298/1450 1693/372/1448
f 1671/699/860 1708/682/1335 1674/704/1090
f 1671/699/860 1719/671/1159 1708/682/1335
f 1672/541/1473 1706/462/1439 1707/508/1465
f 1673/592/1323 1707/508/1465 1714/586/1324
f 1675/2115/889 1689/2123/915 1728/2130/918
f 1675/2115/889 1728/2130/918 1715/2126/853
f 1676/427/888 1729/419/919 1690/423/914
f 1676/1459/888 1716/1452/852 1729/1444/919
f 1677/1059/887 1691/1078/917 1730/1090/918
f 1677/1059/887 1730/1090/918 1717/1076/851
f 1678/428/888 1731/420/919 1692/424/916
f 1678/2199/888 1718/2190/852 1731/2184/919
f 1679/2131/1086 1713/2142/1329 1681/2133/858
f 1680/2132/1058 1725/2145/1160 1771/2160/1371
f 1680/2132/1058 1771/2160/1371 1762/2154/1271
f 1681/2133/858 1713/2142/1329 1725/2145/1160
f 1682/499/1442 1732/595/1469 1756/495/1474
f 1682/499/1442 1756/495/1474 1684/448/1440
f 1683/362/1441 1684/448/1440 1757/358/1472
f 1683/362/1441 1757/358/1472 1734/262/1467
f 1684/448/1440 1756/495/1474 1763/444/1470
f 1684/448/1440 1763/444/1470 1757/358/1472
f 1685/2117/822 1715/2126/853 1740/2134/861
f 1685/2117/822 1740/2134/861 1721/2129/829
f 1686/1458/825 1722/1451/828 1741/1440/862
f 1686/1458/825 1741/1440/862 1716/1452/852
f 1687/1051/824 1717/1076/851 1742/1087/861
f 1687/1051/824 1742/1087/861 1723/1075/826
f 1688/2195/823 1724/2187/827 1743/2179/862
f 1688/2195/823 1743/2179/862 1718/2190/852
f 1689/425/915 1699/421/926 1736/416/1046
f 1689/2123/915 1736/2138/1046 1728/2130/918
f 1690/423/914 1729/419/919 1737/413/1045
f 1690/423/914 1737/413/1045 1699/421/926
f 1691/426/917 1700/422/926 1738/417/1046
f 1691/1078/917 1738/1099/1046 1730/1090/918
f 1692/424/916 1731/420/919 1739/414/1047
f 1692/424/916 1739/414/1047 1700/422/926
f 1693/372/1448 1698/298/1450 1733/339/1455
f 1693/372/1448 1733/339/1455 1735/410/1449
f 1694/1751/613 1701/1731/615 1752/1734/845
f 1694/1751/613 1746/1750/842 1753/1769/846
f 1694/1751/613 1752/1734/845 1746/1750/842
f 1694/1751/613 1753/1769/846 1702/1770/616
f 1695/1306/613 1703/1249/615 1754/1253/843
f 1695/1306/613 1747/1305/842 1755/1347/844
f 1695/1306/613 1754/1253/843 1747/1305/842
f 1695/1306/613 1755/1347/844 1704/1353/616
f 1696/237/1278 1727/240/1289 1745/290/1360
f 1696/237/1278 1745/290/1360 1726/293/1423
f 1697/624/1247 1748/545/1339 1780/524/1429
f 1697/624/1247 1780/524/1429 1806/503/1461
f 1697/624/1247 1806/503/1461 1720/628/1255
f 1698/298/1450 1726/293/1423 1733/339/1455
f 1699/421/926 1737/413/1045 1749/411/1048
f 1699/421/926 1749/411/1048 1736/416/1046
f 1700/422/926 1739/414/1047 1750/412/1048
f 1700/422/926 1750/412/1048 1738/417/1046
f 1701/1731/615 1709/1724/795 1758/1727/871
f 1701/1731/615 1758/1727/871 1752/1734/845
f 1702/1770/616 1753/1769/846 1759/1780/870
f 1702/1770/616 1759/1780/870 1710/1784/796
f 1703/1249/615 1711/1236/795 1760/1240/869
f 1703/1249/615 1760/1240/869 1754/1253/843
f 1704/1353/616 1755/1347/844 1761/1375/868
f 1704/1353/616 1761/1375/868 1712/1384/796
f 1705/217/1137 1762/243/1271 1805/335/1462
f 1705/217/1137 1805/335/1462 1765/271/1320
f 1706/462/1439 1735/410/1449 1751/459/1458
f 1706/462/1439 1744/482/1463 1707/508/1465
f 1706/462/1439 1751/459/1458 1744/482/1463
f 1707/508/1465 1744/482/1463 1714/586/1324
f 1708/682/1335 1719/671/1159 1732/595/1469
f 1709/2125/795 1721/2129/829 1758/2139/871
f 1710/1456/796 1759/1442/870 1722/1451/828
f 1711/1062/795 1723/1075/826 1760/1091/869
f 1712/2194/796 1761/2180/868 1724/2187/827
f 1713/196/1329 1734/262/1467 1725/202/1160
f 1714/586/1324 1744/482/1463 1748/545/1339
f 1715/2126/853 1728/2130/918 1766/2140/1021
f 1715/2126/853 1766/2140/1021 1740/2134/861
f 1716/1452/852 1741/1440/862 1767/1429/1020
f 1716/1452/852 1767/1429/1020 1729/1444/919
f 1717/1076/851 1730/1090/918 1768/1098/1021
f 1717/1076/851 1768/1098/1021 1742/1087/861
f 1718/2190/852 1743/2179/862 1769/2174/1022
f 1718/2190/852 1769/2174/1022 1731/2184/919
f 1719/671/1159 1764/593/1343 1732/595/1469
f 1720/628/1255 1791/496/1476 1764/593/1343
f 1720/628/1255 1806/503/1461 1791/496/1476
f 1721/2129/829 1740/2134/861 1772/2141/1035
f 1721/2129/829 1772/2141/1035 1758/2139/871
f 1722/1451/828 1759/1442/870 1773/1431/1038
f 1722/1451/828 1773/1431/1038 1741/1440/862
f 1723/1075/826 1742/1087/861 1774/1097/1037
f 1723/1075/826 1774/1097/1037 1760/1091/869
f 1724/2187/827 1761/2180/868 1775/2172/1036
f 1724/2187/827 1775/2172/1036 1743/2179/862
f 1725/202/1160 1734/262/1467 1771/258/1371
f 1726/293/1423 1745/290/1360 1770/334/1464
f 1726/293/1423 1770/334/1464 1733/339/1455
f 1727/240/1289 1765/271/1320 1770/334/1464
f 1727/240/1289 1770/334/1464 1745/290/1360
f 1728/2130/918 1736/2138/1046 1776/2144/1061
f 1728/2130/918 1776/2144/1061 1766/2140/1021
f 1729/68/919 1777/65/1062 1737/59/1045
f 1729/1444/919 1767/1429/1020 1777/1426/1062
f 1730/1090/918 1738/1099/1046 1778/1106/1061
f 1730/1090/918 1778/1106/1061 1768/1098/1021
f 1731/125/919 1779/117/1062 1739/97/1047
f 1731/2184/919 1769/2174/1022 1779/2170/1062
f 1732/595/1469 1764/593/1343 1756/495/1474
f 1733/339/1455 1770/334/1464 1781/373/1471
f 1733/339/1455 1781/373/1471 1735/410/1449
f 1734/262/1467 1757/358/1472 1771/258/1371
f 1735/410/1449 1781/373/1471 1802/429/1475
f 1735/410/1449 1802/429/1475 1751/459/1458
f 1736/416/1046 1749/411/1048 1798/405/1084
f 1736/2138/1046 1798/2151/1084 1776/2144/1061
f 1737/59/1045 1777/65/1062 1799/57/1083
f 1737/413/1045 1799/402/1083 1749/411/1048
f 1738/417/1046 1750/412/1048 1800/406/1084
f 1738/1099/1046 1800/1110/1084 1778/1106/1061
f 1739/97/1047 1779/117/1062 1801/95/1083
f 1739/414/1047 1801/403/1083 1750/412/1048
f 1740/2134/861 1766/2140/1021 1813/2152/1104
f 1740/2134/861 1792/2147/1063 1772/2141/1035
f 1740/2134/861 1813/2152/1104 1792/2147/1063
f 1741/1440/862 1773/1431/1038 1793/1424/1064
f 1741/1440/862 1793/1424/1064 1814/1419/1105
f 1741/1440/862 1814/1419/1105 1767/1429/1020
f 1742/1087/861 1768/1098/1021 1815/1109/1106
f 1742/1087/861 1794/1104/1063 1774/1097/1037
f 1742/1087/861 1815/1109/1106 1794/1104/1063
f 1743/2179/862 1775/2172/1036 1795/2168/1065
f 1743/2179/862 1795/2168/1065 1816/2164/1107
f 1743/2179/862 1816/2164/1107 1769/2174/1022
f 1744/482/1463 1751/459/1458 1786/464/1466
f 1744/482/1463 1786/464/1466 1748/545/1339
f 1746/1750/842 1752/1734/845 1787/1735/1094
f 1746/1750/842 1787/1735/1094 1796/1749/1102
f 1746/1750/842 1788/1767/1095 1753/1769/846
f 1746/1750/842 1796/1749/1102 1788/1767/1095
f 1747/1305/842 1754/1253/843 1789/1254/1094
f 1747/1305/842 1789/1254/1094 1797/1304/1102
f 1747/1305/842 1790/1343/1095 1755/1347/844
f 1747/1305/842 1797/1304/1102 1790/1343/1095
f 1748/545/1339 1786/464/1466 1780/524/1429
f 1749/411/1048 1799/402/1083 1803/397/1087
f 1749/411/1048 1803/397/1087 1798/405/1084
f 1750/412/1048 1801/403/1083 1804/398/1087
f 1750/412/1048 1804/398/1087 1800/406/1084
f 1751/459/1458 1802/429/1475 1786/464/1466
f 1752/1734/845 1758/1727/871 1782/1729/1077
f 1752/1734/845 1782/1729/1077 1787/1735/1094
f 1753/1769/846 1784/1773/1080 1759/1780/870
f 1753/1769/846 1788/1767/1095 1784/1773/1080
f 1754/1253/843 1760/1240/869 1785/1244/1079
f 1754/1253/843 1785/1244/1079 1789/1254/1094
f 1755/1347/844 1783/1366/1078 1761/1375/868
f 1755/1347/844 1790/1343/1095 1783/1366/1078
f 1756/495/1474 1764/593/1343 1791/496/1476
f 1756/495/1474 1791/496/1476 1763/444/1470
f 1757/358/1472 1763/444/1470 1807/359/1478
f 1757/358/1472 1807/359/1478 1771/258/1371
f 1758/2139/871 1772/2141/1035 1782/2146/1077
f 1759/1442/870 1784/1428/1080 1773/1431/1038
f 1760/1091/869 1774/1097/1037 1785/1102/1079
f 1761/2180/868 1783/2171/1078 1775/2172/1036
f 1762/243/1271 1771/258/1371 1807/359/1478
f 1762/243/1271 1807/359/1478 1823/370/1483
f 1762/243/1271 1823/370/1483 1805/335/1462
f 1763/444/1470 1791/496/1476 1812/445/1486
f 1763/444/1470 1812/445/1486 1807/359/1478
f 1765/271/1320 1781/373/1471 1770/334/1464
f 1765/271/1320 1805/335/1462 1781/373/1471
f 1766/2140/1021 1776/2144/1061 1819/2155/1141
f 1766/2140/1021 1819/2155/1141 1813/2152/1104
f 1767/1429/1020 1814/1419/1105 1820/1412/1143
f 1767/1429/1020 1820/1412/1143 1777/1426/1062
f 1768/1098/1021 1778/1106/1061 1821/1116/1141
f 1768/1098/1021 1821/1116/1141 1815/1109/1106
f 1769/2174/1022 1816/2164/1107 1822/2163/1142
f 1769/2174/1022 1822/2163/1142 1779/2170/1062
f 1772/2141/1035 1792/2147/1063 1808/2153/1138
f 1772/2141/1035 1808/2153/1138 1782/2146/1077
f 1773/66/1038 1809/61/1140 1793/69/1064
f 1773/1431/1038 1784/1428/1080 1809/1422/1140
f 1774/1097/1037 1794/1104/1063 1810/1107/1138
f 1774/1097/1037 1810/1107/1138 1785/1102/1079
f 1775/119/1036 1811/104/1139 1795/126/1065
f 1775/2172/1036 1783/2171/1078 1811/2166/1139
f 1776/2144/1061 1798/2151/1084 1819/2155/1141
f 1777/65/1062 1820/64/1143 1799/57/1083
f 1778/1106/1061 1800/1110/1084 1821/1116/1141
f 1779/117/1062 1822/108/1142 1801/95/1083
f 1780/524/1429 1786/464/1466 1817/460/1480
f 1780/524/1429 1817/460/1480 1806/503/1461
f 1781/373/1471 1805/335/1462 1818/400/1488
f 1781/373/1471 1818/400/1488 1802/429/1475
f 1782/1729/1077 1808/1726/1138 1824/1730/1272
f 1782/1729/1077 1824/1730/1272 1787/1735/1094
f 1783/96/1078 1790/89/1095 1827/90/1273
f 1783/96/1078 1827/90/1273 1811/104/1139
f 1784/58/1080 1788/51/1095 1825/52/1274
f 1784/58/1080 1825/52/1274 1809/61/1140
f 1785/1244/1079 1810/1238/1138 1826/1247/1275
f 1785/1244/1079 1826/1247/1275 1789/1254/1094
f 1786/464/1466 1802/429/1475 1817/460/1480
f 1787/40/1094 1824/38/1272 1833/45/1287
f 1787/40/1094 1833/45/1287 1796/47/1102
f 1788/51/1095 1796/47/1102 1833/45/1287
f 1788/51/1095 1833/45/1287 1825/52/1274
f 1789/78/1094 1826/76/1275 1834/83/1288
f 1789/78/1094 1834/83/1288 1797/85/1102
f 1790/89/1095 1797/85/1102 1834/83/1288
f 1790/89/1095 1834/83/1288 1827/90/1273
f 1791/496/1476 1806/503/1461 1812/445/1486
f 1792/2147/1063 1813/2152/1104 1829/2157/1269
f 1792/2147/1063 1829/2157/1269 1808/2153/1138
f 1793/69/1064 1809/61/1140 1830/63/1270
f 1793/69/1064 1830/63/1270 1814/67/1105
f 1794/1104/1063 1815/1109/1106 1831/1115/1269
f 1794/1104/1063 1831/1115/1269 1810/1107/1138
f 1795/126/1065 1811/104/1139 1832/106/1270
f 1795/126/1065 1832/106/1270 1816/122/1107
f 1798/43/1084 1803/50/1087 1835/42/1261
f 1798/2151/1084 1835/2159/1261 1819/2155/1141
f 1799/57/1083 1820/64/1143 1836/56/1262
f 1799/57/1083 1836/56/1262 1803/50/1087
f 1800/81/1084 1804/88/1087 1837/80/1261
f 1800/1110/1084 1837/1118/1261 1821/1116/1141
f 1801/95/1083 1822/108/1142 1838/94/1262
f 1801/95/1083 1838/94/1262 1804/88/1087
f 1802/429/1475 1818/400/1488 1817/460/1480
f 1803/50/1087 1836/56/1262 1839/49/1268
f 1803/50/1087 1839/49/1268 1835/42/1261
f 1804/88/1087 1838/94/1262 1840/87/1268
f 1804/88/1087 1840/87/1268 1837/80/1261
f 1805/335/1462 1823/370/1483 1818/400/1488
f 1806/503/1461 1817/460/1480 1828/457/1506
f 1806/503/1461 1828/457/1506 1812/445/1486
f 1807/359/1478 1812/445/1486 1823/370/1483
f 1808/33/1138 1829/32/1269 1849/37/1325
f 1808/33/1138 1849/37/1325 1824/38/1272
f 1809/61/1140 1825/52/1274 1850/55/1326
f 1809/61/1140 1850/55/1326 1830/63/1270
f 1810/71/1138 1831/70/1269 1851/75/1327
f 1810/71/1138 1851/75/1327 1826/76/1275
f 1811/104/1139 1827/90/1273 1852/93/1328
f 1811/104/1139 1852/93/1328 1832/106/1270
f 1812/445/1486 1828/457/1506 1823/370/1483
f 1813/2152/1104 1819/2155/1141 1845/2161/1292
f 1813/2152/1104 1841/2158/1282 1829/2157/1269
f 1813/2152/1104 1845/2161/1292 1841/2158/1282
f 1814/67/1105 1830/63/1270 1842/62/1281
f 1814/67/1105 1842/62/1281 1846/60/1294
f 1814/67/1105 1846/60/1294 1820/64/1143
f 1815/1109/1106 1821/1116/1141 1847/1120/1292
f 1815/1109/1106 1843/1117/1284 1831/1115/1269
f 1815/1109/1106 1847/1120/1292 1843/1117/1284
f 1816/122/1107 1832/106/1270 1844/105/1283
f 1816/122/1107 1844/105/1283 1848/98/1293
f 1816/122/1107 1848/98/1293 1822/108/1142
f 1817/460/1480 1818/400/1488 1828/457/1506
f 1818/400/1488 1823/370/1483 1828/457/1506
f 1819/35/1141 1835/42/1261 1845/36/1292
f 1820/64/1143 1846/60/1294 1836/56/1262
f 1821/73/1141 1837/80/1261 1847/74/1292
f 1822/108/1142 1848/98/1293 1838/94/1262
f 1824/38/1272 1849/37/1325 1857/44/1435
f 1824/38/1272 1857/44/1435 1833/45/1287
f 1825/52/1274 1833/45/1287 1857/44/1435
f 1825/52/1274 1857/44/1435 1850/55/1326
f 1826/76/1275 1851/75/1327 1858/82/1436
f 1826/76/1275 1858/82/1436 1834/83/1288
f 1827/90/1273 1834/83/1288 1858/82/1436
f 1827/90/1273 1858/82/1436 1852/93/1328
f 1829/32/1269 1841/34/1282 1849/37/1325
f 1830/63/1270 1850/55/1326 1842/62/1281
f 1831/70/1269 1843/72/1284 1851/75/1327
f 1832/106/1270 1852/93/1328 1844/105/1283
f 1835/42/1261 1839/49/1268 1853/41/1333
f 1835/42/1261 1853/41/1333 1845/36/1292
f 1836/56/1262 1846/60/1294 1854/54/1334
f 1836/56/1262 1854/54/1334 1839/49/1268
f 1837/80/1261 1840/87/1268 1855/79/1331
f 1837/80/1261 1855/79/1331 1847/74/1292
f 1838/94/1262 1848/98/1293 1856/92/1332
f 1838/94/1262 1856/92/1332 1840/87/1268
f 1839/49/1268 1854/54/1334 1863/48/1438
f 1839/49/1268 1863/48/1438 1853/41/1333
f 1840/87/1268 1856/92/1332 1864/86/1437
f 1840/87/1268 1864/86/1437 1855/79/1331
f 1841/34/1282 1845/36/1292 1859/39/1454
f 1841/34/1282 1859/39/1454 1849/37/1325
f 1842/62/1281 1850/55/1326 1860/53/1453
f 1842/62/1281 1860/53/1453 1846/60/1294
f 1843/72/1284 1847/74/1292 1861/77/1451
f 1843/72/1284 1861/77/1451 1851/75/1327
f 1844/105/1283 1852/93/1328 1862/91/1452
f 1844/105/1283 1862/91/1452 1848/98/1293
f 1845/36/1292 1853/41/1333 1859/39/1454
f 1846/60/1294 1860/53/1453 1854/54/1334
f 1847/74/1292 1855/79/1331 1861/77/1451
f 1848/98/1293 1862/91/1452 1856/92/1332
f 1849/37/1325 1859/39/1454 1857/44/1435
f 1850/55/1326 1857/44/1435 1860/53/1453
f 1851/75/1327 1861/77/1451 1858/82/1436
f 1852/93/1328 1858/82/1436 1862/91/1452
f 1853/41/1333 1863/48/1438 1865/46/1520
f 1853/41/1333 1865/46/1520 1859/39/1454
f 1854/54/1334 1860/53/1453 1865/46/1520
f 1854/54/1334 1865/46/1520 1863/48/1438
f 1855/79/1331 1864/86/1437 1866/84/1519
f 1855/79/1331 1866/84/1519 1861/77/1451
f 1856/92/1332 1862/91/1452 1866/84/1519
f 1856/92/1332 1866/84/1519 1864/86/1437
f 1857/44/1435 1859/39/1454 1865/46/1520
f 1857/44/1435 1865/46/1520 1860/53/1453
f 1858/82/1436 1861/77/1451 1866/84/1519
f 1858/82/1436 1866/84/1519 1862/91/1452
