# exported by ae3d_export.py v3
# object: Zombie_Clothes
mtllib Zombie_Clothes.mtl
v -0.136270 1.196617 0.012896
v -0.134715 1.191666 -0.056009
v -0.134340 1.110766 -0.034133
v -0.133662 1.119232 0.027235
v -0.130469 1.289370 0.004784
v -0.128751 1.290076 -0.064131
v -0.128718 1.203877 0.077548
v -0.128004 1.096113 -0.087141
v -0.126882 1.045170 -0.008123
v -0.126229 1.296288 0.071377
v -0.124903 1.055617 0.044973
v -0.123801 1.034155 -0.055923
v -0.123416 1.126714 0.085250
v -0.120558 1.306922 -0.121172
v -0.118946 1.023212 -0.091410
v -0.117924 1.067695 -0.118148
v -0.116754 1.316832 0.123794
v -0.116292 1.386766 0.001335
v -0.116179 1.186809 -0.127585
v -0.114964 1.390050 -0.066668
v -0.114213 1.391961 0.068645
v -0.113817 0.987971 0.015250
v -0.113654 1.064803 0.095330
v -0.113204 1.014583 -0.111344
v -0.112951 1.001396 0.062489
v -0.110684 0.977413 -0.030533
v -0.110168 1.404624 -0.122190
v -0.110056 0.977305 -0.071542
v -0.109076 1.407403 0.122986
v -0.107443 1.035269 -0.132268
v -0.107245 0.984560 -0.105617
v -0.107078 1.352636 -0.151505
v -0.106074 1.219066 0.132781
v -0.104669 1.358843 0.152048
v -0.102631 1.012967 0.106787
v -0.102278 1.431974 -0.155336
v -0.101493 1.433971 0.155523
v -0.101272 0.953390 0.077367
v -0.099145 0.937402 0.034817
v -0.099028 1.104607 -0.144429
v -0.098514 0.945520 -0.099097
v -0.098292 1.131332 0.130846
v -0.098240 0.999094 -0.134477
v -0.097335 0.932237 -0.059862
v -0.094522 1.475677 0.000167
v -0.093641 1.478703 -0.068905
v -0.093547 1.478941 0.069152
v -0.093391 1.404217 -0.162569
v -0.093197 1.285417 -0.151448
v -0.093125 1.463716 -0.170242
v -0.092852 1.464411 0.170279
v -0.092726 0.966139 0.117153
v -0.092724 0.909020 0.087960
v -0.092606 1.406214 0.162674
v -0.091560 0.905700 -0.096577
v -0.090895 1.488370 -0.125713
v -0.090758 1.488717 0.125812
v -0.090393 0.959484 -0.132060
v -0.089451 1.295278 0.152146
v -0.088977 1.071332 0.135445
v -0.088379 0.895679 0.050452
v -0.087596 0.893445 -0.059461
v -0.087225 0.866890 0.094455
v -0.086880 0.865906 -0.096940
v -0.086811 1.056414 -0.153557
v -0.086436 1.504114 -0.161068
v -0.086338 1.504364 0.161091
v -0.085626 0.920338 0.124337
v -0.084820 0.913698 -0.009439
v -0.084646 1.489920 -0.174274
v -0.084642 0.917531 -0.130557
v -0.084612 1.490006 0.174279
v -0.083918 0.826133 0.097650
v -0.083875 0.826010 -0.097960
v -0.082325 1.445889 -0.163782
v -0.082227 1.446139 0.163795
v -0.081857 0.857920 0.060097
v -0.081772 0.786798 -0.098918
v -0.081772 0.786798 0.098918
v -0.081621 0.857247 -0.062608
v -0.081038 0.875223 0.128532
v -0.081023 1.521136 -0.178538
v -0.080989 1.521222 0.178542
v -0.080746 0.874391 -0.130367
v -0.079887 0.749072 -0.099543
v -0.079887 0.749072 0.099543
v -0.079861 1.021525 0.142373
v -0.078269 0.820796 0.064742
v -0.078239 0.820712 -0.065056
v -0.078167 0.831389 0.130522
v -0.078130 0.831285 -0.130751
v -0.078073 0.712760 -0.099865
v -0.078073 0.712760 0.099865
v -0.077719 1.504331 0.173701
v -0.077719 1.504332 -0.173701
v -0.077688 1.355365 -0.156961
v -0.077603 1.013989 -0.156828
v -0.076596 1.358144 0.157108
v -0.076315 0.677572 -0.099983
v -0.076315 0.677572 0.099983
v -0.076196 0.784045 -0.066674
v -0.076196 0.784045 0.066674
v -0.076196 0.789551 -0.131161
v -0.076196 0.789551 0.131161
v -0.075532 1.533690 -0.184844
v -0.075528 1.533701 0.184845
v -0.074599 0.643219 -0.100000
v -0.074599 0.643219 0.100000
v -0.074440 0.747911 -0.067888
v -0.074440 0.747911 0.067888
v -0.074440 0.750233 -0.131199
v -0.074440 0.750233 0.131199
v -0.074134 1.472169 0.160830
v -0.074134 1.472170 -0.160830
v -0.072919 0.609468 -0.100000
v -0.072919 0.609468 0.100000
v -0.072769 1.503265 -0.173456
v -0.072769 1.503265 0.173456
v -0.072750 0.712416 -0.068848
v -0.072750 0.712416 0.068848
v -0.072750 0.713104 -0.130882
v -0.072750 0.713104 0.130882
v -0.072173 0.975511 0.149136
v -0.071304 0.576311 -0.100000
v -0.071304 0.576311 0.100000
v -0.071112 0.677529 -0.069635
v -0.071112 0.677529 0.069635
v -0.071112 0.677615 -0.130331
v -0.071112 0.677615 0.130331
v -0.070913 0.881361 0.020585
v -0.070875 0.971807 -0.157097
v -0.070707 1.536494 -0.186572
v -0.070707 1.536494 0.186572
v -0.070690 0.880724 -0.027466
v -0.069792 0.543799 -0.100000
v -0.069792 0.543799 0.100000
v -0.069512 0.643219 -0.129670
v -0.069512 0.643219 -0.070330
v -0.069512 0.643219 0.070330
v -0.069512 0.643219 0.129670
v -0.069461 1.489625 -0.174233
v -0.069461 1.489625 0.174233
v -0.068531 1.480562 -0.157861
v -0.068531 1.480562 0.157861
v -0.068423 0.511981 -0.100000
v -0.068423 0.511981 0.100000
v -0.067947 0.609467 -0.129002
v -0.067947 0.609467 -0.070998
v -0.067947 0.609467 0.070998
v -0.067947 0.609467 0.129002
v -0.067267 1.467962 -0.175666
v -0.067267 1.467962 0.175666
v -0.067220 0.480906 -0.100000
v -0.067220 0.480906 0.100000
v -0.067085 1.525968 -0.189051
v -0.067085 1.525968 0.189051
v -0.066736 0.928886 0.153857
v -0.066650 1.545681 0.000000
v -0.066622 1.409463 -0.155182
v -0.066486 1.409810 0.155201
v -0.066442 0.576311 -0.128359
v -0.066442 0.576311 -0.071641
v -0.066442 0.576311 0.071641
v -0.066442 0.576311 0.128359
v -0.066189 0.927324 -0.157216
v -0.066183 1.547389 -0.070968
v -0.066183 1.547389 0.070968
v -0.066159 0.450629 -0.100000
v -0.066159 0.450629 0.100000
v -0.065663 1.442829 -0.177391
v -0.065663 1.442829 0.177391
v -0.065204 0.421203 -0.100000
v -0.065204 0.421203 0.100000
v -0.065034 0.543799 -0.127758
v -0.065034 0.543799 -0.072242
v -0.065034 0.543799 0.072242
v -0.065034 0.543799 0.127758
v -0.064939 1.474346 -0.155738
v -0.064939 1.474346 0.155738
v -0.064781 1.552512 -0.129561
v -0.064781 1.552513 0.129561
v -0.064510 1.504904 -0.192727
v -0.064510 1.504904 0.192727
v -0.064411 0.849707 0.032200
v -0.064330 0.849476 -0.034178
v -0.064315 0.392684 -0.100000
v -0.064315 0.392684 0.100000
v -0.064208 1.417987 -0.179104
v -0.064208 1.417987 0.179104
v -0.063757 0.511981 -0.127214
v -0.063757 0.511981 -0.072787
v -0.063757 0.511981 0.072786
v -0.063757 0.511981 0.127214
v -0.063462 0.365089 -0.100000
v -0.063462 0.365089 0.100000
v -0.063220 0.881840 0.156558
v -0.063058 0.881377 -0.157553
v -0.062805 1.394043 -0.180756
v -0.062805 1.394043 0.180756
v -0.062707 1.458245 -0.154507
v -0.062707 1.458245 0.154507
v -0.062654 1.477680 -0.196826
v -0.062654 1.477680 0.196826
v -0.062637 0.480906 -0.126735
v -0.062637 0.480906 -0.073265
v -0.062637 0.480906 0.073265
v -0.062637 0.480906 0.126735
v -0.062633 0.338295 -0.100000
v -0.062633 0.338295 0.100000
v -0.062510 1.560364 -0.166601
v -0.062510 1.560364 0.166601
v -0.061824 0.312141 -0.100000
v -0.061824 0.312141 0.100000
v -0.061649 0.450629 -0.126313
v -0.061649 0.450629 -0.073687
v -0.061649 0.450629 0.073687
v -0.061649 0.450629 0.126313
v -0.061445 1.370814 -0.182358
v -0.061445 1.370814 0.182358
v -0.061186 1.436980 -0.154209
v -0.061186 1.436980 0.154209
v -0.061186 1.448678 -0.200573
v -0.061186 1.448678 0.200573
v -0.061153 0.816277 0.037547
v -0.061143 0.816248 -0.037795
v -0.061030 0.286467 -0.100000
v -0.061030 0.286467 0.100000
v -0.061004 0.835709 0.157733
v -0.060984 0.835651 -0.157857
v -0.060758 0.421203 -0.125933
v -0.060758 0.421203 -0.074067
v -0.060758 0.421203 0.074067
v -0.060758 0.421203 0.125933
v -0.060220 0.261049 -0.100000
v -0.060220 0.261049 0.100000
v -0.060115 1.348116 -0.183923
v -0.060115 1.348116 0.183923
v -0.059930 0.392684 -0.125580
v -0.059930 0.392684 -0.074420
v -0.059930 0.392684 0.074420
v -0.059930 0.392684 0.125580
v -0.059830 1.414521 -0.154839
v -0.059830 1.414521 0.154839
v -0.059830 1.421454 -0.203369
v -0.059830 1.421454 0.203369
v -0.059699 1.567504 -0.185692
v -0.059699 1.567504 0.185692
v -0.059516 1.181678 -0.155321
v -0.059470 0.781764 0.039958
v -0.059470 0.781765 -0.039958
v -0.059470 0.791832 -0.157878
v -0.059470 0.791832 0.157878
v -0.059256 0.235419 -0.100000
v -0.059256 0.235419 0.100000
v -0.059135 0.365089 -0.125240
v -0.059135 0.365089 -0.074760
v -0.059135 0.365089 0.074760
v -0.059135 0.365089 0.125240
v -0.059015 1.445521 -0.150165
v -0.059015 1.445521 0.150165
v -0.058534 1.326068 -0.185444
v -0.058534 1.326068 0.185444
v -0.058523 1.391818 -0.156194
v -0.058523 1.391818 0.156194
v -0.058523 1.396269 -0.205317
v -0.058523 1.396269 0.205317
v -0.058363 0.338295 -0.124911
v -0.058363 0.338295 -0.075089
v -0.058363 0.338295 0.075089
v -0.058363 0.338295 0.124911
v -0.058100 0.746948 -0.041659
v -0.058100 0.746948 0.041659
v -0.058100 0.751196 -0.157428
v -0.058100 0.751196 0.157428
v -0.057976 0.209044 -0.100000
v -0.057976 0.209044 0.100000
v -0.057609 0.312141 -0.124589
v -0.057609 0.312141 -0.075411
v -0.057609 0.312141 0.075411
v -0.057609 0.312141 0.124589
v -0.057255 1.369069 -0.158022
v -0.057255 1.369069 0.158022
v -0.057255 1.372559 -0.206693
v -0.057255 1.372559 0.206693
v -0.056869 0.286466 -0.075727
v -0.056869 0.286466 0.124273
v -0.056869 0.286467 -0.124273
v -0.056869 0.286467 0.075727
v -0.056780 0.712130 -0.043148
v -0.056780 0.712130 0.043148
v -0.056780 0.713389 -0.156581
v -0.056780 0.713389 0.156581
v -0.056741 1.569806 -0.193637
v -0.056741 1.569806 0.193637
v -0.056217 0.181392 -0.100000
v -0.056217 0.181392 0.100000
v -0.056146 1.192804 0.154513
v -0.056114 0.261055 -0.123962
v -0.056114 0.261055 -0.076038
v -0.056114 0.261055 0.076038
v -0.056114 0.261055 0.123962
v -0.056017 1.346471 -0.160070
v -0.056017 1.346471 0.160070
v -0.056017 1.349761 -0.207776
v -0.056017 1.349761 0.207776
v -0.055570 1.118925 -0.160754
v -0.055502 0.677493 -0.044489
v -0.055502 0.677493 0.044489
v -0.055502 0.677650 -0.155477
v -0.055502 0.677650 0.155477
v -0.055330 1.305997 -0.186828
v -0.055330 1.305997 0.186828
v -0.055216 0.235465 -0.123654
v -0.055216 0.235465 -0.076346
v -0.055216 0.235465 0.076346
v -0.055216 0.235465 0.123654
v -0.054543 1.324496 -0.162216
v -0.054543 1.324496 0.162216
v -0.054543 1.327699 0.208667
v -0.054543 1.327700 -0.208667
v -0.054254 0.643219 -0.154254
v -0.054254 0.643219 -0.045746
v -0.054254 0.643219 0.045746
v -0.054254 0.643219 0.154254
v -0.054146 1.128834 0.155798
v -0.054031 1.563142 -0.197236
v -0.054031 1.563142 0.197236
v -0.054023 0.209199 -0.123349
v -0.054023 0.209199 -0.076651
v -0.054023 0.209199 0.076651
v -0.054023 0.209199 0.123349
v -0.053975 1.461751 -0.144939
v -0.053975 1.461751 0.144939
v -0.053622 0.152320 -0.100000
v -0.053622 0.152320 0.100000
v -0.053036 1.255964 -0.155247
v -0.053032 0.609468 -0.153032
v -0.053032 0.609468 -0.046968
v -0.053032 0.609468 0.046968
v -0.053032 0.609468 0.153032
v -0.052384 0.181757 -0.123047
v -0.052384 0.181757 -0.076953
v -0.052384 0.181757 0.076953
v -0.052384 0.181757 0.123047
v -0.051872 1.544780 -0.201972
v -0.051872 1.544780 0.201972
v -0.051857 0.576311 -0.151857
v -0.051857 0.576311 -0.048143
v -0.051857 0.576311 0.048143
v -0.051857 0.576311 0.151857
v -0.051558 1.304719 -0.164858
v -0.051558 1.304719 0.164858
v -0.051558 1.307747 -0.208765
v -0.051558 1.307747 0.208765
v -0.050828 1.461687 -0.140415
v -0.050828 1.461687 0.140415
v -0.050758 0.543799 -0.150758
v -0.050758 0.543799 -0.049242
v -0.050758 0.543799 0.049242
v -0.050758 0.543799 0.150758
v -0.050745 1.262485 0.155491
v -0.050205 1.517563 -0.208051
v -0.050205 1.517563 0.208051
v -0.049952 0.153019 -0.122745
v -0.049952 0.153019 -0.077255
v -0.049952 0.153019 0.077255
v -0.049952 0.153019 0.122745
v -0.049762 0.511981 -0.149762
v -0.049762 0.511981 -0.050238
v -0.049762 0.511981 0.050238
v -0.049762 0.511981 0.149762
v -0.049054 0.123247 -0.100000
v -0.049054 0.123247 0.100000
v -0.048960 1.450193 -0.136974
v -0.048960 1.450193 0.136974
v -0.048887 0.480906 -0.148887
v -0.048887 0.480906 -0.051113
v -0.048887 0.480906 0.051113
v -0.048887 0.480906 0.148887
v -0.048883 1.485732 -0.214358
v -0.048883 1.485732 0.214358
v -0.048882 1.074208 0.159401
v -0.048861 1.289371 -0.187974
v -0.048861 1.289371 0.187974
v -0.048450 1.068147 -0.166860
v -0.048116 0.450629 -0.148116
v -0.048116 0.450629 -0.051884
v -0.048116 0.450629 0.051884
v -0.048116 0.450629 0.148116
v -0.047755 1.432134 -0.135001
v -0.047755 1.432134 0.135001
v -0.047755 1.453524 -0.219781
v -0.047755 1.453524 0.219781
v -0.047421 0.421203 -0.147421
v -0.047421 0.421203 -0.052579
v -0.047421 0.421203 0.052579
v -0.047421 0.421203 0.147421
v -0.046775 0.392684 -0.146775
v -0.046775 0.392684 -0.053225
v -0.046775 0.392684 0.053225
v -0.046775 0.392684 0.146775
v -0.046697 1.411649 -0.134734
v -0.046697 1.411649 0.134734
v -0.046697 1.424326 -0.223475
v -0.046697 1.424326 0.223475
v -0.046154 0.365089 -0.146154
v -0.046154 0.365089 -0.053846
v -0.046154 0.365089 0.053846
v -0.046154 0.365089 0.146154
v -0.045677 1.389975 -0.135844
v -0.045677 1.389975 0.135844
v -0.045677 1.398112 -0.225668
v -0.045677 1.398112 0.225668
v -0.045599 1.288778 -0.168149
v -0.045599 1.288778 0.168149
v -0.045599 1.291505 -0.207694
v -0.045599 1.291505 0.207694
v -0.045596 0.124364 -0.122430
v -0.045596 0.124364 -0.077570
v -0.045596 0.124364 0.077570
v -0.045596 0.124364 0.122430
v -0.045551 0.338295 -0.145551
v -0.045551 0.338295 -0.054449
v -0.045551 0.338295 0.054449
v -0.045551 0.338295 0.145551
v -0.044963 0.312141 -0.144963
v -0.044963 0.312141 -0.055037
v -0.044963 0.312141 0.055037
v -0.044963 0.312141 0.144963
v -0.044687 1.367624 -0.137859
v -0.044687 1.367624 0.137859
v -0.044687 1.374004 -0.226857
v -0.044687 1.374004 0.226857
v -0.044386 0.286467 -0.144386
v -0.044386 0.286467 -0.055614
v -0.044386 0.286467 0.055614
v -0.044386 0.286467 0.144386
v -0.043964 1.327746 -0.154329
v -0.043796 0.261072 -0.143816
v -0.043796 0.261072 -0.056184
v -0.043796 0.261072 0.056184
v -0.043796 0.261072 0.143816
v -0.043720 1.345108 -0.140306
v -0.043720 1.345108 0.140306
v -0.043720 1.351124 -0.227540
v -0.043720 1.351124 0.227540
v -0.043702 1.026574 0.164225
v -0.043213 1.329831 0.154439
v -0.043095 0.235602 -0.143253
v -0.043095 0.235602 -0.056747
v -0.043095 0.235602 0.056747
v -0.043095 0.235602 0.143253
v -0.042840 1.023335 -0.170491
v -0.042570 1.323198 -0.142970
v -0.042570 1.323198 0.142970
v -0.042570 1.329056 -0.227909
v -0.042570 1.329056 0.227909
v -0.042165 0.209661 -0.142695
v -0.042165 0.209661 -0.057305
v -0.042165 0.209661 0.057305
v -0.042165 0.209661 0.142695
v -0.041462 0.880304 -0.002776
v -0.041183 0.095981 -0.100000
v -0.041183 0.095981 0.100000
v -0.040885 0.182853 -0.142143
v -0.040885 0.182853 -0.057857
v -0.040885 0.182853 0.057857
v -0.040885 0.182853 0.142143
v -0.040240 1.303699 -0.146651
v -0.040240 1.303699 0.146651
v -0.040240 1.309237 -0.226940
v -0.040240 1.309237 0.226940
v -0.039470 0.981174 0.168860
v -0.038942 0.979554 -0.172343
v -0.038941 0.155115 -0.141590
v -0.038941 0.155115 -0.058410
v -0.038941 0.155115 0.058410
v -0.038941 0.155115 0.141590
v -0.038832 0.868666 0.008001
v -0.038810 0.868604 -0.011588
v -0.037992 0.097547 -0.122087
v -0.037992 0.097547 -0.077913
v -0.037992 0.097547 0.077913
v -0.037992 0.097547 0.122087
v -0.037485 1.277020 -0.188826
v -0.037485 1.277020 0.188826
v -0.037155 1.387191 -0.149951
v -0.037062 1.387452 0.149965
v -0.036496 0.934085 0.172099
v -0.036274 0.933401 -0.173569
v -0.035894 1.288551 -0.152052
v -0.035894 1.288551 0.152052
v -0.035894 1.293491 -0.223669
v -0.035894 1.293491 0.223669
v -0.035392 0.843721 0.016205
v -0.035382 0.843692 -0.017377
v -0.035291 1.277358 -0.170448
v -0.035291 1.277358 0.170448
v -0.035291 1.279877 -0.206984
v -0.035291 1.279877 0.206984
v -0.035222 0.127714 -0.141015
v -0.035222 0.127714 -0.058985
v -0.035222 0.127714 0.058985
v -0.035222 0.127714 0.141015
v -0.034573 0.885910 0.173925
v -0.034507 0.885708 -0.174361
v -0.034434 1.588658 0.000000
v -0.034244 1.589405 -0.072276
v -0.034244 1.589405 0.072276
v -0.033675 1.591647 -0.132070
v -0.033675 1.591647 0.132070
v -0.033464 0.813361 0.020833
v -0.033463 0.813357 -0.020979
v -0.033362 0.838386 0.174619
v -0.033354 0.838361 -0.174673
v -0.032751 1.594822 -0.170136
v -0.032751 1.594822 0.170136
v -0.032624 1.428980 -0.143546
v -0.032624 1.428980 0.143546
v -0.032523 0.780349 -0.023375
v -0.032523 0.780349 0.023375
v -0.032523 0.793248 -0.174460
v -0.032523 0.793248 0.174460
v -0.031773 0.746351 -0.025379
v -0.031773 0.746351 0.025379
v -0.031773 0.751793 -0.173708
v -0.031773 0.751793 0.173708
v -0.031596 1.596129 -0.190169
v -0.031596 1.596129 0.190169
v -0.031052 0.711953 0.027197
v -0.031052 0.711954 -0.027197
v -0.031052 0.713566 -0.172533
v -0.031052 0.713566 0.172533
v -0.030903 1.279671 -0.157667
v -0.030903 1.279671 0.157667
v -0.030903 1.283923 -0.219327
v -0.030903 1.283923 0.219327
v -0.030362 1.592203 -0.199099
v -0.030362 1.592203 0.199099
v -0.030353 0.677471 -0.028882
v -0.030353 0.677471 0.028882
v -0.030353 0.677672 -0.171085
v -0.030353 0.677672 0.171085
v -0.029670 0.643219 -0.169512
v -0.029670 0.643219 -0.030488
v -0.029670 0.643219 0.030488
v -0.029670 0.643219 0.169512
v -0.029665 1.450075 -0.136919
v -0.029665 1.450075 0.136919
v -0.029198 1.579683 -0.203856
v -0.029198 1.579683 0.203856
v -0.029002 0.609467 -0.167947
v -0.029002 0.609467 -0.032053
v -0.029002 0.609467 0.032053
v -0.029002 0.609467 0.167947
v -0.028679 0.072329 -0.100000
v -0.028679 0.072329 0.100000
v -0.028419 0.102247 -0.140388
v -0.028419 0.102247 -0.059612
v -0.028419 0.102247 0.059612
v -0.028419 0.102247 0.140388
v -0.028359 0.576311 -0.166442
v -0.028359 0.576311 -0.033558
v -0.028359 0.576311 0.033558
v -0.028359 0.576311 0.166442
v -0.028219 1.556455 -0.209993
v -0.028219 1.556456 0.209993
v -0.027841 1.453829 -0.130903
v -0.027841 1.453829 0.130903
v -0.027758 0.543799 -0.165034
v -0.027758 0.543799 -0.034966
v -0.027758 0.543799 0.034966
v -0.027758 0.543799 0.165034
v -0.027412 1.525421 -0.217562
v -0.027412 1.525421 0.217562
v -0.027214 0.511981 -0.163757
v -0.027214 0.511981 -0.036243
v -0.027214 0.511981 0.036243
v -0.027214 0.511981 0.163757
v -0.026781 1.445195 -0.126092
v -0.026781 1.445195 0.126092
v -0.026735 0.480906 -0.162637
v -0.026735 0.480906 -0.037363
v -0.026735 0.480906 0.037363
v -0.026735 0.480906 0.162637
v -0.026727 1.490729 -0.225240
v -0.026727 1.490729 0.225240
v -0.026313 0.450629 -0.161649
v -0.026313 0.450629 -0.038351
v -0.026313 0.450629 0.038351
v -0.026313 0.450629 0.161649
v -0.026116 1.429126 -0.123079
v -0.026116 1.429126 0.123079
v -0.026116 1.456532 -0.231704
v -0.026116 1.456532 0.231704
v -0.025933 0.421203 -0.160758
v -0.025933 0.421203 -0.039242
v -0.025933 0.421203 0.039242
v -0.025933 0.421203 0.160758
v -0.025816 0.074325 -0.121701
v -0.025816 0.074325 -0.078299
v -0.025816 0.074325 0.078299
v -0.025816 0.074325 0.121701
v -0.025580 0.392684 -0.159930
v -0.025580 0.392684 -0.040070
v -0.025580 0.392684 0.040070
v -0.025580 0.392684 0.159930
v -0.025537 1.409866 -0.122255
v -0.025537 1.409866 0.122255
v -0.025537 1.426109 -0.235954
v -0.025537 1.426109 0.235954
v -0.025240 0.365089 -0.159135
v -0.025240 0.365089 -0.040865
v -0.025240 0.365089 0.040865
v -0.025240 0.365089 0.159135
v -0.024979 1.388830 -0.123212
v -0.024979 1.388830 0.123212
v -0.024979 1.399257 -0.238299
v -0.024979 1.399257 0.238299
v -0.024911 0.338295 -0.158363
v -0.024911 0.338295 -0.041637
v -0.024911 0.338295 0.041637
v -0.024911 0.338295 0.158363
v -0.024589 0.312141 -0.157609
v -0.024589 0.312141 -0.042391
v -0.024589 0.312141 0.042391
v -0.024589 0.312141 0.157609
v -0.024438 1.366726 -0.125343
v -0.024438 1.366726 0.125343
v -0.024438 1.374902 -0.239372
v -0.024438 1.374902 0.239372
v -0.024273 0.286466 -0.156869
v -0.024273 0.286466 0.043131
v -0.024273 0.286467 -0.043131
v -0.024273 0.286467 0.156869
v -0.023951 0.261100 -0.156139
v -0.023951 0.261100 -0.043861
v -0.023951 0.261100 0.043861
v -0.023951 0.261100 0.156139
v -0.023909 1.344262 -0.128039
v -0.023909 1.344262 0.128039
v -0.023909 1.351970 -0.239807
v -0.023909 1.351970 0.239807
v -0.023568 0.235823 -0.155417
v -0.023568 0.235823 -0.044583
v -0.023568 0.235823 0.044583
v -0.023568 0.235823 0.155417
v -0.023281 1.322345 -0.131028
v -0.023281 1.322345 0.131028
v -0.023281 1.329850 -0.239855
v -0.023281 1.329850 0.239855
v -0.023059 0.210405 -0.154703
v -0.023059 0.210405 -0.045297
v -0.023059 0.210405 0.045297
v -0.023059 0.210405 0.154703
v -0.022359 0.184618 -0.153995
v -0.022359 0.184618 -0.046005
v -0.022359 0.184618 0.046005
v -0.022359 0.184618 0.153995
v -0.022006 1.302685 -0.135376
v -0.022006 1.302685 0.135376
v -0.022006 1.309780 -0.238247
v -0.022006 1.309780 0.238247
v -0.021202 0.158492 -0.153288
v -0.021202 0.158492 -0.046712
v -0.021202 0.158492 0.046712
v -0.021202 0.158492 0.153288
v -0.020380 1.269511 -0.189344
v -0.020380 1.269511 0.189344
v -0.019819 1.287004 -0.142430
v -0.019819 1.287004 0.142430
v -0.019819 1.293278 -0.233412
v -0.019819 1.293278 0.233412
v -0.019386 1.270481 -0.169845
v -0.019386 1.270481 0.169845
v -0.019386 1.273148 -0.208526
v -0.019386 1.273148 0.208526
v -0.018508 0.133111 -0.152550
v -0.018508 0.133111 -0.047450
v -0.018508 0.133111 0.047450
v -0.018508 0.133111 0.152550
v -0.018311 1.276189 -0.153509
v -0.018311 1.276189 0.153509
v -0.018311 1.281045 0.223923
v -0.018311 1.281046 -0.223923
v -0.017226 0.080312 -0.139682
v -0.017226 0.080312 -0.060318
v -0.017226 0.080312 0.060318
v -0.017226 0.080312 0.139682
v -0.012997 0.109818 -0.151747
v -0.012997 0.109818 -0.048253
v -0.012997 0.109818 0.048253
v -0.012997 0.109818 0.151747
v -0.010778 0.053633 -0.100000
v -0.010778 0.053633 0.100000
v -0.008300 0.055993 -0.121263
v -0.008300 0.055993 -0.078737
v -0.008300 0.055993 0.078737
v -0.008300 0.055993 0.121263
v -0.003388 0.089957 -0.150843
v -0.003388 0.089957 -0.049157
v -0.003388 0.089957 0.049157
v -0.003388 0.089957 0.150843
v -0.000868 0.063072 -0.138881
v -0.000868 0.063072 -0.061119
v -0.000868 0.063072 0.061119
v -0.000868 0.063072 0.138881
v 0.000000 0.186748 -0.157946
v 0.000000 0.186748 -0.042054
v 0.000000 0.186748 0.042054
v 0.000000 0.186748 0.157946
v 0.000000 0.211304 -0.158706
v 0.000000 0.211304 -0.041294
v 0.000000 0.211304 0.041294
v 0.000000 0.211304 0.158706
v 0.000000 0.236089 -0.159472
v 0.000000 0.236089 -0.040528
v 0.000000 0.236089 0.040528
v 0.000000 0.236089 0.159472
v 0.000000 0.261133 -0.160247
v 0.000000 0.261133 -0.039753
v 0.000000 0.261133 0.039753
v 0.000000 0.261133 0.160247
v 0.000000 0.286467 -0.161030
v 0.000000 0.286467 -0.038970
v 0.000000 0.286467 0.038970
v 0.000000 0.286467 0.161030
v 0.000000 0.312141 -0.161824
v 0.000000 0.312141 -0.038176
v 0.000000 0.312141 0.038176
v 0.000000 0.312141 0.161824
v 0.000000 0.338295 -0.162633
v 0.000000 0.338295 -0.037367
v 0.000000 0.338295 0.037367
v 0.000000 0.338295 0.162633
v 0.000000 0.365089 -0.163462
v 0.000000 0.365089 -0.036538
v 0.000000 0.365089 0.036538
v 0.000000 0.365089 0.163462
v 0.000000 0.392684 -0.164315
v 0.000000 0.392684 -0.035685
v 0.000000 0.392684 0.035685
v 0.000000 0.392684 0.164315
v 0.000000 0.421203 -0.165204
v 0.000000 0.421203 -0.034796
v 0.000000 0.421203 0.034796
v 0.000000 0.421203 0.165204
v 0.000000 0.450629 -0.166159
v 0.000000 0.450629 -0.033841
v 0.000000 0.450629 0.033841
v 0.000000 0.450629 0.166159
v 0.000000 0.480906 -0.167220
v 0.000000 0.480906 -0.032780
v 0.000000 0.480906 0.032780
v 0.000000 0.480906 0.167220
v 0.000000 0.511981 -0.168423
v 0.000000 0.511981 -0.031577
v 0.000000 0.511981 0.031577
v 0.000000 0.511981 0.168423
v 0.000000 0.543799 -0.169792
v 0.000000 0.543799 -0.030208
v 0.000000 0.543799 0.030208
v 0.000000 0.543799 0.169792
v 0.000000 0.576311 -0.171304
v 0.000000 0.576311 -0.028696
v 0.000000 0.576311 0.028696
v 0.000000 0.576311 0.171304
v 0.000000 0.609468 -0.172918
v 0.000000 0.609468 -0.027082
v 0.000000 0.609468 0.027082
v 0.000000 0.609468 0.172918
v 0.000000 0.643219 -0.174599
v 0.000000 0.643219 -0.025401
v 0.000000 0.643219 0.025401
v 0.000000 0.643219 0.174599
v 0.000000 0.677463 -0.023679
v 0.000000 0.677463 0.023679
v 0.000000 0.677680 -0.176287
v 0.000000 0.677680 0.176287
v 0.000000 0.711894 -0.021880
v 0.000000 0.711894 0.021880
v 0.000000 0.713625 -0.177850
v 0.000000 0.713625 0.177850
v 0.000000 0.746152 -0.019953
v 0.000000 0.746152 0.019953
v 0.000000 0.751992 -0.179134
v 0.000000 0.751992 0.179134
v 0.000000 0.779877 -0.017848
v 0.000000 0.779877 0.017848
v 0.000000 0.793720 -0.179988
v 0.000000 0.793720 0.179988
v 0.000000 0.812349 -0.015417
v 0.000000 0.812349 0.015325
v 0.000000 0.839264 -0.180279
v 0.000000 0.839278 0.180248
v 0.000000 0.841406 -0.012119
v 0.000000 0.841406 0.011379
v 0.000000 0.863726 -0.007454
v 0.000000 0.863726 0.005326
v 0.000000 0.872792 -0.001481
v 0.000000 0.887151 -0.179964
v 0.000000 0.887267 0.179715
v 0.000000 0.935427 -0.179020
v 0.000000 0.935817 0.178180
v 0.000000 0.982136 -0.177425
v 0.000000 0.983062 0.175435
v 0.000000 1.026367 -0.175039
v 0.000000 1.028204 0.171472
v 0.000000 1.071390 -0.171243
v 0.000000 1.074747 0.167087
v 0.000000 1.121436 -0.165823
v 0.000000 1.126776 0.163142
v 0.000000 1.180404 -0.160635
v 0.000000 1.186425 0.159934
v 0.000000 1.249517 -0.157220
v 0.000000 1.253570 0.157307
v 0.000000 1.266997 -0.189517
v 0.000000 1.266997 0.189517
v 0.000000 1.268109 -0.169013
v 0.000000 1.268109 0.169013
v 0.000000 1.270913 -0.209675
v 0.000000 1.270913 0.209675
v 0.000000 1.274441 -0.151430
v 0.000000 1.274441 0.151430
v 0.000000 1.279600 -0.226222
v 0.000000 1.279600 0.226222
v 0.000000 1.286010 -0.139229
v 0.000000 1.286010 0.139229
v 0.000000 1.292733 -0.236720
v 0.000000 1.292733 0.236720
v 0.000000 1.302190 -0.131629
v 0.000000 1.302190 0.131629
v 0.000000 1.309804 -0.242027
v 0.000000 1.309804 0.242027
v 0.000000 1.319613 -0.153756
v 0.000000 1.321002 0.153829
v 0.000000 1.322041 -0.127048
v 0.000000 1.322041 0.127048
v 0.000000 1.330096 -0.243839
v 0.000000 1.330096 0.243839
v 0.000000 1.343980 -0.123950
v 0.000000 1.343980 0.123950
v 0.000000 1.352252 -0.243896
v 0.000000 1.352252 0.243896
v 0.000000 1.366427 -0.121171
v 0.000000 1.366427 0.121171
v 0.000000 1.375201 -0.243544
v 0.000000 1.375201 0.243544
v 0.000000 1.379901 -0.148245
v 0.000000 1.380075 0.148254
v 0.000000 1.388449 -0.119002
v 0.000000 1.388449 0.119002
v 0.000000 1.399638 -0.242510
v 0.000000 1.399638 0.242510
v 0.000000 1.409272 -0.118095
v 0.000000 1.409272 0.118095
v 0.000000 1.423467 -0.141340
v 0.000000 1.423467 0.141340
v 0.000000 1.426703 -0.240114
v 0.000000 1.426703 0.240114
v 0.000000 1.428123 -0.119105
v 0.000000 1.428123 0.119105
v 0.000000 1.443529 -0.122465
v 0.000000 1.443529 0.122465
v 0.000000 1.446183 -0.134245
v 0.000000 1.446183 0.134245
v 0.000000 1.451210 -0.127733
v 0.000000 1.451210 0.127733
v 0.000000 1.457535 -0.235678
v 0.000000 1.457535 0.235678
v 0.000000 1.492395 -0.228868
v 0.000000 1.492395 0.228868
v 0.000000 1.528040 -0.220733
v 0.000000 1.528040 0.220733
v 0.000000 1.560348 -0.212666
v 0.000000 1.560348 0.212666
v 0.000000 1.585196 -0.206062
v 0.000000 1.585196 0.206062
v 0.000000 1.599669 -0.200920
v 0.000000 1.599669 0.200920
v 0.000000 1.602984 0.000000
v 0.000000 1.603411 -0.072711
v 0.000000 1.603411 0.072711
v 0.000000 1.604692 -0.132906
v 0.000000 1.604692 0.132906
v 0.000000 1.605670 -0.191662
v 0.000000 1.605670 0.191662
v 0.000000 1.606308 -0.171315
v 0.000000 1.606308 0.171315
v 0.000208 0.162568 -0.157187
v 0.000208 0.162568 -0.042813
v 0.000208 0.162568 0.042813
v 0.000208 0.162568 0.157187
v 0.001664 0.139625 -0.156395
v 0.001664 0.139625 -0.043605
v 0.001664 0.139625 0.043605
v 0.001664 0.139625 0.156395
v 0.005616 0.118956 -0.155533
v 0.005616 0.118956 -0.044467
v 0.005616 0.118956 0.044467
v 0.005616 0.118956 0.155533
v 0.011014 0.039357 -0.100000
v 0.011014 0.039357 0.100000
v 0.011108 0.074479 -0.149816
v 0.011108 0.074479 -0.050184
v 0.011108 0.074479 0.050184
v 0.011108 0.074479 0.149816
v 0.013086 0.042006 -0.120785
v 0.013086 0.042006 -0.079215
v 0.013086 0.042006 0.079215
v 0.013086 0.042006 0.120785
v 0.013313 0.101599 -0.154563
v 0.013313 0.101599 -0.045437
v 0.013313 0.101599 0.045437
v 0.013313 0.101599 0.154563
v 0.018311 1.276189 -0.153509
v 0.018311 1.276189 0.153509
v 0.018311 1.281045 -0.223923
v 0.018311 1.281046 0.223923
v 0.019301 0.049952 -0.138006
v 0.019301 0.049952 -0.061994
v 0.019301 0.049952 0.061994
v 0.019301 0.049952 0.138006
v 0.019386 1.270481 -0.169845
v 0.019386 1.270481 0.169845
v 0.019386 1.273148 -0.208526
v 0.019386 1.273148 0.208526
v 0.019819 1.287004 -0.142430
v 0.019819 1.287004 0.142430
v 0.019819 1.293278 -0.233412
v 0.019819 1.293278 0.233412
v 0.020380 1.269511 -0.189344
v 0.020380 1.269511 0.189344
v 0.021618 0.166644 -0.153288
v 0.021618 0.166644 -0.046712
v 0.021618 0.166644 0.046712
v 0.021618 0.166644 0.153288
v 0.021836 0.146139 -0.152550
v 0.021836 0.146139 -0.047450
v 0.021836 0.146139 0.047450
v 0.021836 0.146139 0.152550
v 0.022006 1.302685 -0.135376
v 0.022006 1.302685 0.135376
v 0.022006 1.309780 -0.238247
v 0.022006 1.309780 0.238247
v 0.022359 0.188878 -0.153995
v 0.022359 0.188878 -0.046005
v 0.022359 0.188878 0.046005
v 0.022359 0.188878 0.153995
v 0.023059 0.212202 -0.154703
v 0.023059 0.212202 -0.045297
v 0.023059 0.212202 0.045297
v 0.023059 0.212202 0.154703
v 0.023281 1.322345 -0.131028
v 0.023281 1.322345 0.131028
v 0.023281 1.329850 -0.239855
v 0.023281 1.329850 0.239855
v 0.023568 0.236355 -0.155417
v 0.023568 0.236355 -0.044583
v 0.023568 0.236355 0.044583
v 0.023568 0.236355 0.155417
v 0.023909 1.344262 -0.128039
v 0.023909 1.344262 0.128039
v 0.023909 1.351970 -0.239807
v 0.023909 1.351970 0.239807
v 0.023951 0.261166 -0.156139
v 0.023951 0.261166 -0.043861
v 0.023951 0.261166 0.043861
v 0.023951 0.261166 0.156139
v 0.024230 0.128094 -0.151747
v 0.024230 0.128094 -0.048253
v 0.024230 0.128094 0.048253
v 0.024230 0.128094 0.151747
v 0.024273 0.286466 -0.043131
v 0.024273 0.286466 0.156869
v 0.024273 0.286467 -0.156869
v 0.024273 0.286467 0.043131
v 0.024438 1.366726 -0.125343
v 0.024438 1.366726 0.125343
v 0.024438 1.374902 -0.239372
v 0.024438 1.374902 0.239372
v 0.024589 0.312141 -0.157609
v 0.024589 0.312141 -0.042391
v 0.024589 0.312141 0.042391
v 0.024589 0.312141 0.157609
v 0.024911 0.338295 -0.158363
v 0.024911 0.338295 -0.041637
v 0.024911 0.338295 0.041637
v 0.024911 0.338295 0.158363
v 0.024979 1.388830 -0.123212
v 0.024979 1.388830 0.123212
v 0.024979 1.399257 -0.238299
v 0.024979 1.399257 0.238299
v 0.025240 0.365089 -0.159135
v 0.025240 0.365089 -0.040865
v 0.025240 0.365089 0.040865
v 0.025240 0.365089 0.159135
v 0.025537 1.409866 -0.122255
v 0.025537 1.409866 0.122255
v 0.025537 1.426109 -0.235954
v 0.025537 1.426109 0.235954
v 0.025561 0.088245 -0.153461
v 0.025561 0.088245 -0.046539
v 0.025561 0.088245 0.046539
v 0.025561 0.088245 0.153461
v 0.025580 0.392684 -0.159930
v 0.025580 0.392684 -0.040070
v 0.025580 0.392684 0.040070
v 0.025580 0.392684 0.159930
v 0.025933 0.421203 -0.160758
v 0.025933 0.421203 -0.039242
v 0.025933 0.421203 0.039242
v 0.025933 0.421203 0.160758
v 0.026116 1.429126 -0.123079
v 0.026116 1.429126 0.123079
v 0.026116 1.456532 -0.231704
v 0.026116 1.456532 0.231704
v 0.026313 0.450629 -0.161649
v 0.026313 0.450629 -0.038351
v 0.026313 0.450629 0.038351
v 0.026313 0.450629 0.161649
v 0.026727 1.490729 -0.225240
v 0.026727 1.490729 0.225240
v 0.026735 0.480906 -0.162637
v 0.026735 0.480906 -0.037363
v 0.026735 0.480906 0.037363
v 0.026735 0.480906 0.162637
v 0.026781 1.445195 -0.126092
v 0.026781 1.445195 0.126092
v 0.027214 0.511981 -0.163757
v 0.027214 0.511981 -0.036243
v 0.027214 0.511981 0.036243
v 0.027214 0.511981 0.163757
v 0.027412 1.525421 -0.217562
v 0.027412 1.525421 0.217562
v 0.027758 0.543799 -0.165034
v 0.027758 0.543799 -0.034966
v 0.027758 0.543799 0.034966
v 0.027758 0.543799 0.165034
v 0.027841 1.453829 -0.130903
v 0.027841 1.453829 0.130903
v 0.028219 1.556455 0.209993
v 0.028219 1.556456 -0.209993
v 0.028359 0.576311 -0.166442
v 0.028359 0.576311 -0.033558
v 0.028359 0.576311 0.033558
v 0.028359 0.576311 0.166442
v 0.029002 0.609467 -0.167947
v 0.029002 0.609467 -0.032053
v 0.029002 0.609467 0.032053
v 0.029002 0.609467 0.167947
v 0.029198 1.579683 -0.203856
v 0.029198 1.579683 0.203856
v 0.029315 0.062754 -0.148695
v 0.029315 0.062754 -0.051305
v 0.029315 0.062754 0.051305
v 0.029315 0.062754 0.148695
v 0.029665 1.450075 -0.136919
v 0.029665 1.450075 0.136919
v 0.029670 0.643219 -0.169512
v 0.029670 0.643219 -0.030488
v 0.029670 0.643219 0.030488
v 0.029670 0.643219 0.169512
v 0.030014 0.113240 -0.150843
v 0.030014 0.113240 -0.049157
v 0.030014 0.113240 0.049157
v 0.030014 0.113240 0.150843
v 0.030353 0.677471 -0.028882
v 0.030353 0.677471 0.028882
v 0.030353 0.677672 -0.171085
v 0.030353 0.677672 0.171085
v 0.030362 1.592203 -0.199099
v 0.030362 1.592203 0.199099
v 0.030903 1.279671 -0.157667
v 0.030903 1.279671 0.157667
v 0.030903 1.283923 -0.219327
v 0.030903 1.283923 0.219327
v 0.031052 0.711953 -0.027197
v 0.031052 0.711954 0.027197
v 0.031052 0.713566 -0.172533
v 0.031052 0.713566 0.172533
v 0.031596 1.596129 -0.190169
v 0.031596 1.596129 0.190169
v 0.031773 0.746351 -0.025379
v 0.031773 0.746351 0.025379
v 0.031773 0.751793 -0.173708
v 0.031773 0.751793 0.173708
v 0.032523 0.780349 -0.023375
v 0.032523 0.780349 0.023375
v 0.032523 0.793248 -0.174460
v 0.032523 0.793248 0.174460
v 0.032624 1.428980 -0.143546
v 0.032624 1.428980 0.143546
v 0.032751 1.594822 -0.170136
v 0.032751 1.594822 0.170136
v 0.033354 0.838361 -0.174673
v 0.033362 0.838386 0.174619
v 0.033463 0.813357 -0.020979
v 0.033464 0.813361 0.020833
v 0.033675 1.591647 -0.132070
v 0.033675 1.591647 0.132070
v 0.034244 1.589405 -0.072276
v 0.034244 1.589405 0.072276
v 0.034434 1.588658 0.000000
v 0.034507 0.885708 -0.174361
v 0.034573 0.885910 0.173925
v 0.034627 0.028500 -0.100000
v 0.034627 0.028500 0.100000
v 0.035291 1.277358 -0.170448
v 0.035291 1.277358 0.170448
v 0.035291 1.279877 -0.206984
v 0.035291 1.279877 0.206984
v 0.035382 0.843692 -0.017377
v 0.035392 0.843721 0.016205
v 0.035894 1.288551 -0.152052
v 0.035894 1.288551 0.152052
v 0.035894 1.293491 -0.223669
v 0.035894 1.293491 0.223669
v 0.036274 0.933401 -0.173569
v 0.036318 0.031360 -0.120285
v 0.036318 0.031360 -0.079715
v 0.036318 0.031360 0.079715
v 0.036318 0.031360 0.120285
v 0.036496 0.934085 0.172099
v 0.037062 1.387452 0.149965
v 0.037155 1.387191 -0.149951
v 0.037485 1.277020 -0.188826
v 0.037485 1.277020 0.188826
v 0.038550 0.151536 -0.141015
v 0.038550 0.151536 -0.058985
v 0.038550 0.151536 0.058985
v 0.038550 0.151536 0.141015
v 0.038810 0.868604 -0.011588
v 0.038832 0.868666 0.008001
v 0.038942 0.979554 -0.172343
v 0.039357 0.170021 -0.141590
v 0.039357 0.170021 -0.058410
v 0.039357 0.170021 0.058410
v 0.039357 0.170021 0.141590
v 0.039470 0.981174 0.168860
v 0.039652 0.135665 -0.140388
v 0.039652 0.135665 -0.059612
v 0.039652 0.135665 0.059612
v 0.039652 0.135665 0.140388
v 0.040013 0.102011 -0.149816
v 0.040013 0.102011 -0.050184
v 0.040013 0.102011 0.050184
v 0.040013 0.102011 0.149816
v 0.040240 1.303699 -0.146651
v 0.040240 1.303699 0.146651
v 0.040240 1.309237 -0.226940
v 0.040240 1.309237 0.226940
v 0.040885 0.190642 -0.142143
v 0.040885 0.190642 -0.057857
v 0.040885 0.190642 0.057857
v 0.040885 0.190642 0.142143
v 0.041392 0.039938 -0.137093
v 0.041392 0.039938 -0.062907
v 0.041392 0.039938 0.062907
v 0.041392 0.039938 0.137093
v 0.041400 0.078205 -0.152258
v 0.041400 0.078205 -0.047742
v 0.041400 0.078205 0.047742
v 0.041400 0.078205 0.152258
v 0.041462 0.880304 -0.002776
v 0.042165 0.212947 -0.142695
v 0.042165 0.212947 -0.057305
v 0.042165 0.212947 0.057305
v 0.042165 0.212947 0.142695
v 0.042570 1.323198 -0.142970
v 0.042570 1.323198 0.142970
v 0.042570 1.329056 -0.227909
v 0.042570 1.329056 0.227909
v 0.042840 1.023335 -0.170491
v 0.043095 0.236576 -0.143253
v 0.043095 0.236576 -0.056747
v 0.043095 0.236576 0.056747
v 0.043095 0.236576 0.143253
v 0.043213 1.329830 0.154439
v 0.043702 1.026574 0.164225
v 0.043720 1.345108 -0.140306
v 0.043720 1.345108 0.140306
v 0.043720 1.351124 -0.227540
v 0.043720 1.351124 0.227540
v 0.043796 0.261194 -0.143816
v 0.043796 0.261194 -0.056184
v 0.043796 0.261194 0.056184
v 0.043796 0.261194 0.143816
v 0.043852 0.122885 -0.139682
v 0.043852 0.122885 -0.060318
v 0.043852 0.122885 0.060318
v 0.043852 0.122885 0.139682
v 0.043964 1.327746 -0.154329
v 0.044386 0.286467 -0.144386
v 0.044386 0.286467 -0.055614
v 0.044386 0.286467 0.055614
v 0.044386 0.286467 0.144386
v 0.044687 1.367624 -0.137859
v 0.044687 1.367624 0.137859
v 0.044687 1.374004 -0.226857
v 0.044687 1.374004 0.226857
v 0.044963 0.312141 -0.144963
v 0.044963 0.312141 -0.055037
v 0.044963 0.312141 0.055037
v 0.044963 0.312141 0.144963
v 0.045551 0.338295 -0.145551
v 0.045551 0.338295 -0.054449
v 0.045551 0.338295 0.054449
v 0.045551 0.338295 0.145551
v 0.045599 1.288778 -0.168149
v 0.045599 1.288778 0.168149
v 0.045599 1.291505 -0.207694
v 0.045599 1.291505 0.207694
v 0.045677 1.389975 -0.135844
v 0.045677 1.389975 0.135844
v 0.045677 1.398112 -0.225668
v 0.045677 1.398112 0.225668
v 0.046154 0.365089 -0.146154
v 0.046154 0.365089 -0.053846
v 0.046154 0.365089 0.053846
v 0.046154 0.365089 0.146154
v 0.046697 1.411649 -0.134734
v 0.046697 1.411649 0.134734
v 0.046697 1.424326 -0.223475
v 0.046697 1.424326 0.223475
v 0.046775 0.392684 -0.146775
v 0.046775 0.392684 -0.053225
v 0.046775 0.392684 0.053225
v 0.046775 0.392684 0.146775
v 0.047421 0.421203 -0.147421
v 0.047421 0.421203 -0.052579
v 0.047421 0.421203 0.052579
v 0.047421 0.421203 0.147421
v 0.047755 1.432134 -0.135001
v 0.047755 1.432134 0.135001
v 0.047755 1.453524 -0.219781
v 0.047755 1.453524 0.219781
v 0.048116 0.450629 -0.148116
v 0.048116 0.450629 -0.051884
v 0.048116 0.450629 0.051884
v 0.048116 0.450629 0.148116
v 0.048450 1.068147 -0.166860
v 0.048861 1.289371 -0.187974
v 0.048861 1.289371 0.187974
v 0.048882 1.074209 0.159401
v 0.048883 1.485732 -0.214358
v 0.048883 1.485732 0.214358
v 0.048887 0.480906 -0.148887
v 0.048887 0.480906 -0.051113
v 0.048887 0.480906 0.051113
v 0.048887 0.480906 0.148887
v 0.048924 0.154886 -0.122430
v 0.048924 0.154886 -0.077570
v 0.048924 0.154886 0.077570
v 0.048924 0.154886 0.122430
v 0.048960 1.450193 -0.136974
v 0.048960 1.450193 0.136974
v 0.049225 0.140364 -0.122087
v 0.049225 0.140364 -0.077913
v 0.049225 0.140364 0.077913
v 0.049225 0.140364 0.122087
v 0.049566 0.053760 -0.147526
v 0.049566 0.053760 -0.052474
v 0.049566 0.053760 0.052474
v 0.049566 0.053760 0.147526
v 0.049762 0.511981 -0.149762
v 0.049762 0.511981 -0.050238
v 0.049762 0.511981 0.050238
v 0.049762 0.511981 0.149762
v 0.050205 1.517563 -0.208051
v 0.050205 1.517563 0.208051
v 0.050368 0.172117 -0.122745
v 0.050368 0.172117 -0.077255
v 0.050368 0.172117 0.077255
v 0.050368 0.172117 0.122745
v 0.050745 1.262485 0.155491
v 0.050758 0.543799 -0.150758
v 0.050758 0.543799 -0.049242
v 0.050758 0.543799 0.049242
v 0.050758 0.543799 0.150758
v 0.050828 1.461687 -0.140415
v 0.050828 1.461687 0.140415
v 0.051558 1.304719 -0.164858
v 0.051558 1.304719 0.164858
v 0.051558 1.307747 -0.208765
v 0.051558 1.307747 0.208765
v 0.051857 0.576311 -0.151857
v 0.051857 0.576311 -0.048143
v 0.051857 0.576311 0.048143
v 0.051857 0.576311 0.151857
v 0.051872 1.544780 -0.201972
v 0.051872 1.544780 0.201972
v 0.051989 0.113418 -0.138881
v 0.051989 0.113418 -0.061119
v 0.051989 0.113418 0.061119
v 0.051989 0.113418 0.138881
v 0.052382 0.156003 -0.100000
v 0.052382 0.156003 0.100000
v 0.052384 0.191738 -0.123047
v 0.052384 0.191738 -0.076953
v 0.052384 0.191738 0.076953
v 0.052384 0.191738 0.123047
v 0.052416 0.141931 -0.100000
v 0.052416 0.141931 0.100000
v 0.052442 0.128872 -0.121701
v 0.052442 0.128872 -0.078299
v 0.052442 0.128872 0.078299
v 0.052442 0.128872 0.121701
v 0.053032 0.609468 -0.153032
v 0.053032 0.609468 -0.046968
v 0.053032 0.609468 0.046968
v 0.053032 0.609468 0.153032
v 0.053036 1.255963 -0.155247
v 0.053485 0.093655 -0.148695
v 0.053485 0.093655 -0.051305
v 0.053485 0.093655 0.051305
v 0.053485 0.093655 0.148695
v 0.053975 1.461751 -0.144939
v 0.053975 1.461751 0.144939
v 0.054023 0.213409 -0.123349
v 0.054023 0.213409 -0.076651
v 0.054023 0.213409 0.076651
v 0.054023 0.213409 0.123349
v 0.054031 1.563142 -0.197236
v 0.054031 1.563142 0.197236
v 0.054038 0.172816 -0.100000
v 0.054038 0.172816 0.100000
v 0.054146 1.128834 0.155798
v 0.054254 0.643219 -0.154254
v 0.054254 0.643219 -0.045746
v 0.054254 0.643219 0.045746
v 0.054254 0.643219 0.154254
v 0.054543 1.324496 -0.162216
v 0.054543 1.324496 0.162216
v 0.054543 1.327699 -0.208667
v 0.054543 1.327699 0.208667
v 0.055216 0.236713 -0.123654
v 0.055216 0.236713 -0.076346
v 0.055216 0.236713 0.076346
v 0.055216 0.236713 0.123654
v 0.055305 0.130868 -0.100000
v 0.055305 0.130868 0.100000
v 0.055330 1.305997 -0.186828
v 0.055330 1.305997 0.186828
v 0.055502 0.677493 -0.044489
v 0.055502 0.677493 0.044489
v 0.055502 0.677650 -0.155477
v 0.055502 0.677650 0.155477
v 0.055570 1.118924 -0.160754
v 0.056017 1.346471 -0.160070
v 0.056017 1.346471 0.160070
v 0.056017 1.349761 -0.207776
v 0.056017 1.349761 0.207776
v 0.056114 0.261211 -0.123962
v 0.056114 0.261211 -0.076038
v 0.056114 0.261211 0.076038
v 0.056114 0.261211 0.123962
v 0.056146 1.192804 0.154513
v 0.056217 0.192103 -0.100000
v 0.056217 0.192103 0.100000
v 0.056741 1.569806 -0.193637
v 0.056741 1.569806 0.193637
v 0.056780 0.712130 -0.043148
v 0.056780 0.712130 0.043148
v 0.056780 0.713389 -0.156581
v 0.056780 0.713389 0.156581
v 0.056869 0.286466 -0.124273
v 0.056869 0.286466 0.075727
v 0.056869 0.286467 -0.075727
v 0.056869 0.286467 0.124273
v 0.057255 1.369069 -0.158022
v 0.057255 1.369069 0.158022
v 0.057255 1.372559 -0.206693
v 0.057255 1.372559 0.206693
v 0.057609 0.312141 -0.124589
v 0.057609 0.312141 -0.075411
v 0.057609 0.312141 0.075411
v 0.057609 0.312141 0.124589
v 0.057976 0.213563 -0.100000
v 0.057976 0.213563 0.100000
v 0.057989 0.020060 -0.100000
v 0.057989 0.020060 0.100000
v 0.058100 0.746948 -0.041659
v 0.058100 0.746948 0.041659
v 0.058100 0.751196 -0.157428
v 0.058100 0.751196 0.157428
v 0.058363 0.338295 -0.124911
v 0.058363 0.338295 -0.075089
v 0.058363 0.338295 0.075089
v 0.058363 0.338295 0.124911
v 0.058523 1.391818 -0.156194
v 0.058523 1.391818 0.156194
v 0.058523 1.396269 -0.205317
v 0.058523 1.396269 0.205317
v 0.058534 1.326068 -0.185444
v 0.058534 1.326068 0.185444
v 0.059015 1.445521 -0.150165
v 0.059015 1.445521 0.150165
v 0.059135 0.365089 -0.125240
v 0.059135 0.365089 -0.074760
v 0.059135 0.365089 0.074760
v 0.059135 0.365089 0.125240
v 0.059256 0.236758 -0.100000
v 0.059256 0.236758 0.100000
v 0.059370 0.023051 -0.119784
v 0.059370 0.023051 -0.080216
v 0.059370 0.023051 0.080216
v 0.059370 0.023051 0.119784
v 0.059422 0.120498 -0.121263
v 0.059422 0.120498 -0.078737
v 0.059422 0.120498 0.078737
v 0.059422 0.120498 0.121263
v 0.059431 0.070440 -0.151003
v 0.059431 0.070440 -0.048997
v 0.059431 0.070440 0.048997
v 0.059431 0.070440 0.151003
v 0.059470 0.781764 -0.039958
v 0.059470 0.781765 0.039958
v 0.059470 0.791832 -0.157878
v 0.059470 0.791832 0.157878
v 0.059516 1.181678 -0.155321
v 0.059699 1.567504 0.185692
v 0.059699 1.567505 -0.185692
v 0.059830 1.414521 -0.154839
v 0.059830 1.414521 0.154839
v 0.059830 1.421454 -0.203369
v 0.059830 1.421454 0.203369
v 0.059930 0.392684 -0.125580
v 0.059930 0.392684 -0.074420
v 0.059930 0.392684 0.074420
v 0.059930 0.392684 0.125580
v 0.060115 1.348116 -0.183923
v 0.060115 1.348116 0.183923
v 0.060220 0.261217 -0.100000
v 0.060220 0.261217 0.100000
v 0.060758 0.421203 -0.125933
v 0.060758 0.421203 -0.074067
v 0.060758 0.421203 0.074067
v 0.060758 0.421203 0.125933
v 0.060984 0.835651 -0.157857
v 0.061004 0.835709 0.157733
v 0.061030 0.286467 -0.100000
v 0.061030 0.286467 0.100000
v 0.061143 0.816248 -0.037795
v 0.061153 0.816277 0.037547
v 0.061186 1.436980 -0.154209
v 0.061186 1.436980 0.154209
v 0.061186 1.448678 -0.200573
v 0.061186 1.448678 0.200573
v 0.061445 1.370814 -0.182358
v 0.061445 1.370814 0.182358
v 0.061649 0.450629 -0.126313
v 0.061649 0.450629 -0.073687
v 0.061649 0.450629 0.073687
v 0.061649 0.450629 0.126313
v 0.061824 0.312141 -0.100000
v 0.061824 0.312141 0.100000
v 0.061899 0.122858 -0.100000
v 0.061899 0.122858 0.100000
v 0.062510 1.560364 -0.166601
v 0.062510 1.560364 0.166601
v 0.062633 0.338295 -0.100000
v 0.062633 0.338295 0.100000
v 0.062637 0.480906 -0.126735
v 0.062637 0.480906 -0.073265
v 0.062637 0.480906 0.073265
v 0.062637 0.480906 0.126735
v 0.062654 1.477680 -0.196826
v 0.062654 1.477680 0.196826
v 0.062707 1.458245 -0.154507
v 0.062707 1.458245 0.154507
v 0.062805 1.394043 -0.180756
v 0.062805 1.394043 0.180756
v 0.063058 0.881377 -0.157553
v 0.063220 0.881840 0.156558
v 0.063462 0.365089 -0.100000
v 0.063462 0.365089 0.100000
v 0.063499 0.106457 -0.138006
v 0.063499 0.106457 -0.061994
v 0.063499 0.106457 0.061994
v 0.063499 0.106457 0.138006
v 0.063515 0.032021 -0.136176
v 0.063515 0.032021 -0.063824
v 0.063515 0.032021 0.063824
v 0.063515 0.032021 0.136176
v 0.063757 0.511981 -0.127214
v 0.063757 0.511981 -0.072786
v 0.063757 0.511981 0.072787
v 0.063757 0.511981 0.127214
v 0.064208 1.417987 -0.179104
v 0.064208 1.417987 0.179104
v 0.064315 0.392684 -0.100000
v 0.064315 0.392684 0.100000
v 0.064330 0.849476 -0.034178
v 0.064411 0.849707 0.032200
v 0.064510 1.504904 -0.192727
v 0.064510 1.504904 0.192727
v 0.064781 1.552512 -0.129561
v 0.064781 1.552512 0.129561
v 0.064939 1.474346 -0.155738
v 0.064939 1.474346 0.155738
v 0.065034 0.543799 -0.127758
v 0.065034 0.543799 -0.072242
v 0.065034 0.543799 0.072242
v 0.065034 0.543799 0.127758
v 0.065204 0.421203 -0.100000
v 0.065204 0.421203 0.100000
v 0.065663 1.442829 -0.177391
v 0.065663 1.442829 0.177391
v 0.066159 0.450629 -0.100000
v 0.066159 0.450629 0.100000
v 0.066183 1.547389 -0.070968
v 0.066183 1.547389 0.070968
v 0.066189 0.927324 -0.157216
v 0.066442 0.576311 -0.128359
v 0.066442 0.576311 -0.071641
v 0.066442 0.576311 0.071641
v 0.066442 0.576311 0.128359
v 0.066486 1.409810 0.155201
v 0.066622 1.409463 -0.155182
v 0.066650 1.545681 0.000000
v 0.066736 0.928886 0.153857
v 0.067085 1.525968 -0.189051
v 0.067085 1.525968 0.189051
v 0.067220 0.480906 -0.100000
v 0.067220 0.480906 0.100000
v 0.067267 1.467962 -0.175666
v 0.067267 1.467962 0.175666
v 0.067947 0.609467 -0.129002
v 0.067947 0.609467 -0.070998
v 0.067947 0.609467 0.070998
v 0.067947 0.609467 0.129002
v 0.068423 0.511981 -0.100000
v 0.068423 0.511981 0.100000
v 0.068531 1.480562 -0.157861
v 0.068531 1.480562 0.157861
v 0.069296 0.087121 -0.147526
v 0.069296 0.087121 -0.052474
v 0.069296 0.087121 0.052474
v 0.069296 0.087121 0.147526
v 0.069461 1.489625 -0.174233
v 0.069461 1.489625 0.174233
v 0.069512 0.643219 -0.129670
v 0.069512 0.643219 -0.070330
v 0.069512 0.643219 0.070330
v 0.069512 0.643219 0.129670
v 0.069714 0.114403 -0.120785
v 0.069714 0.114403 -0.079215
v 0.069714 0.114403 0.079215
v 0.069714 0.114403 0.120785
v 0.069792 0.543799 -0.100000
v 0.069792 0.543799 0.100000
v 0.070193 0.046473 -0.146350
v 0.070193 0.046473 -0.053650
v 0.070193 0.046473 0.053650
v 0.070193 0.046473 0.146350
v 0.070690 0.880724 -0.027466
v 0.070707 1.536494 -0.186572
v 0.070707 1.536494 0.186572
v 0.070875 0.971807 -0.157097
v 0.070913 0.881361 0.020585
v 0.071112 0.677529 -0.069635
v 0.071112 0.677529 0.069635
v 0.071112 0.677615 -0.130331
v 0.071112 0.677615 0.130331
v 0.071304 0.576311 -0.100000
v 0.071304 0.576311 0.100000
v 0.071786 0.117052 -0.100000
v 0.071786 0.117052 0.100000
v 0.072173 0.975511 0.149136
v 0.072750 0.712416 -0.068848
v 0.072750 0.712416 0.068848
v 0.072750 0.713104 -0.130882
v 0.072750 0.713104 0.130882
v 0.072769 1.503265 -0.173456
v 0.072769 1.503265 0.173456
v 0.072919 0.609468 -0.100000
v 0.072919 0.609468 0.100000
v 0.074134 1.472169 -0.160830
v 0.074134 1.472169 0.160830
v 0.074440 0.747911 -0.067888
v 0.074440 0.747911 0.067888
v 0.074440 0.750233 -0.131199
v 0.074440 0.750233 0.131199
v 0.074599 0.643219 -0.100000
v 0.074599 0.643219 0.100000
v 0.075528 1.533701 0.184845
v 0.075532 1.533690 -0.184844
v 0.076196 0.784045 -0.066674
v 0.076196 0.784045 0.066674
v 0.076196 0.789551 -0.131161
v 0.076196 0.789551 0.131161
v 0.076315 0.677572 -0.099983
v 0.076315 0.677572 0.099983
v 0.076596 1.358144 0.157108
v 0.077470 0.100942 -0.137093
v 0.077470 0.100942 -0.062907
v 0.077470 0.100942 0.062907
v 0.077470 0.100942 0.137093
v 0.077603 1.013989 -0.156828
v 0.077688 1.355365 -0.156961
v 0.077719 1.504331 0.173701
v 0.077719 1.504332 -0.173701
v 0.078073 0.712760 -0.099865
v 0.078073 0.712760 0.099865
v 0.078130 0.831285 -0.130751
v 0.078167 0.831389 0.130522
v 0.078239 0.820712 -0.065056
v 0.078252 0.063916 -0.149742
v 0.078252 0.063916 -0.050258
v 0.078252 0.063916 0.050258
v 0.078252 0.063916 0.149742
v 0.078269 0.820796 0.064742
v 0.079309 0.013431 -0.100000
v 0.079309 0.013431 0.100000
v 0.079861 1.021525 0.142373
v 0.079887 0.749072 -0.099543
v 0.079887 0.749072 0.099543
v 0.080457 0.016466 -0.119206
v 0.080457 0.016466 -0.080794
v 0.080457 0.016466 0.080794
v 0.080457 0.016466 0.119206
v 0.080746 0.874391 -0.130367
v 0.080989 1.521222 0.178542
v 0.081023 1.521136 -0.178538
v 0.081038 0.875223 0.128532
v 0.081621 0.857247 -0.062607
v 0.081772 0.786798 -0.098918
v 0.081772 0.786798 0.098918
v 0.081857 0.857920 0.060097
v 0.082227 1.446139 0.163795
v 0.082325 1.445889 -0.163782
v 0.082543 0.109521 -0.120285
v 0.082543 0.109521 -0.079715
v 0.082543 0.109521 0.079715
v 0.082543 0.109521 0.120285
v 0.083875 0.826010 -0.097960
v 0.083918 0.826133 0.097650
v 0.083948 0.025557 -0.135120
v 0.083948 0.025557 -0.064880
v 0.083948 0.025557 0.064880
v 0.083948 0.025557 0.135120
v 0.084234 0.112380 -0.100000
v 0.084234 0.112380 0.100000
v 0.084612 1.490007 0.174279
v 0.084642 0.917531 -0.130557
v 0.084646 1.489920 -0.174274
v 0.084820 0.913698 -0.009439
v 0.085626 0.920338 0.124337
v 0.086311 0.081359 -0.146350
v 0.086311 0.081359 -0.053650
v 0.086311 0.081359 0.053650
v 0.086311 0.081359 0.146350
v 0.086338 1.504364 0.161091
v 0.086436 1.504114 -0.161068
v 0.086811 1.056414 -0.153557
v 0.086880 0.865906 -0.096940
v 0.087225 0.866890 0.094455
v 0.087596 0.893445 -0.059461
v 0.088379 0.895679 0.050452
v 0.088977 1.071332 0.135445
v 0.089451 1.295278 0.152146
v 0.089635 0.040182 -0.144997
v 0.089635 0.040182 -0.055003
v 0.089635 0.040182 0.055003
v 0.089635 0.040182 0.144997
v 0.090393 0.959484 -0.132060
v 0.090758 1.488717 0.125812
v 0.090895 1.488370 -0.125713
v 0.091560 0.905700 -0.096577
v 0.092606 1.406214 0.162674
v 0.092724 0.909020 0.087960
v 0.092726 0.966139 0.117153
v 0.092852 1.464411 0.170279
v 0.092989 0.095811 -0.136176
v 0.092989 0.095811 -0.063824
v 0.092989 0.095811 0.063824
v 0.092989 0.095811 0.136176
v 0.093125 1.463716 -0.170242
v 0.093197 1.285417 -0.151448
v 0.093391 1.404217 -0.162569
v 0.093547 1.478941 0.069152
v 0.093641 1.478703 -0.068905
v 0.094522 1.475677 0.000167
v 0.096493 0.057836 -0.148290
v 0.096493 0.057836 -0.051710
v 0.096493 0.057836 0.051710
v 0.096493 0.057836 0.148290
v 0.097134 0.104781 -0.119784
v 0.097134 0.104781 -0.080216
v 0.097134 0.104781 0.080216
v 0.097134 0.104781 0.119784
v 0.097335 0.932237 -0.059862
v 0.097929 0.009584 -0.100000
v 0.097929 0.009584 0.100000
v 0.098240 0.999094 -0.134477
v 0.098292 1.131332 0.130846
v 0.098514 0.945520 -0.099097
v 0.098516 0.107771 -0.100000
v 0.098516 0.107771 0.100000
v 0.098760 0.012564 -0.118113
v 0.098760 0.012564 -0.081887
v 0.098760 0.012564 0.081887
v 0.098760 0.012564 0.118113
v 0.099028 1.104607 -0.144429
v 0.099145 0.937402 0.034817
v 0.101272 0.953390 0.077367
v 0.101493 1.433971 0.155523
v 0.101632 0.021377 -0.133120
v 0.101632 0.021377 -0.066880
v 0.101632 0.021377 0.066880
v 0.101632 0.021377 0.133120
v 0.102278 1.431974 -0.155336
v 0.102631 1.012967 0.106787
v 0.103303 0.075505 -0.144997
v 0.103303 0.075505 -0.055003
v 0.103303 0.075505 0.055003
v 0.103303 0.075505 0.144997
v 0.104669 1.358843 0.152048
v 0.106074 1.219066 0.132781
v 0.106754 0.035413 -0.142433
v 0.106754 0.035413 -0.057567
v 0.106754 0.035413 0.057567
v 0.106754 0.035413 0.142433
v 0.107078 1.352636 -0.151505
v 0.107245 0.984560 -0.105617
v 0.107443 1.035269 -0.132268
v 0.108942 0.090146 -0.135120
v 0.108942 0.090146 -0.064880
v 0.108942 0.090146 0.064880
v 0.108942 0.090146 0.135120
v 0.109076 1.407403 0.122986
v 0.110056 0.977305 -0.071542
v 0.110168 1.404624 -0.122189
v 0.110684 0.977413 -0.030533
v 0.112481 0.099221 -0.119206
v 0.112481 0.099221 -0.080794
v 0.112481 0.099221 0.080794
v 0.112481 0.099221 0.119206
v 0.112896 0.052368 -0.145537
v 0.112896 0.052368 -0.054463
v 0.112896 0.052368 0.054463
v 0.112896 0.052368 0.145537
v 0.112951 1.001396 0.062489
v 0.113204 1.014583 -0.111344
v 0.113599 0.009848 -0.100000
v 0.113599 0.009848 0.100000
v 0.113654 1.064803 0.095330
v 0.113676 0.102241 -0.100000
v 0.113676 0.102241 0.100000
v 0.113817 0.987972 0.015250
v 0.113831 0.012590 -0.116288
v 0.113831 0.012590 -0.083712
v 0.113831 0.012590 0.083712
v 0.113831 0.012590 0.116288
v 0.114213 1.391961 0.068645
v 0.114964 1.390050 -0.066668
v 0.115658 0.020376 -0.129497
v 0.115658 0.020376 -0.070503
v 0.115658 0.020376 0.070503
v 0.115658 0.020376 0.129497
v 0.116179 1.186808 -0.127585
v 0.116292 1.386766 0.001335
v 0.116754 1.316832 0.123794
v 0.117924 1.067695 -0.118148
v 0.118660 0.069449 -0.142433
v 0.118660 0.069449 -0.057567
v 0.118660 0.069449 0.057567
v 0.118660 0.069449 0.142433
v 0.118946 1.023212 -0.091410
v 0.120558 1.306922 -0.121172
v 0.120566 0.032653 -0.137466
v 0.120566 0.032653 -0.062534
v 0.120566 0.032653 0.062534
v 0.120566 0.032653 0.137466
v 0.123403 0.083612 -0.133120
v 0.123403 0.083612 -0.066880
v 0.123403 0.083612 0.066880
v 0.123403 0.083612 0.133120
v 0.123416 1.126714 0.085250
v 0.123801 1.034156 -0.055923
v 0.124445 0.021771 -0.125374
v 0.124445 0.021771 0.125374
v 0.124446 0.021771 -0.074626
v 0.124446 0.021771 0.074626
v 0.124903 1.055617 0.044973
v 0.125867 0.017512 -0.115033
v 0.125867 0.017512 -0.084967
v 0.125867 0.017512 0.084967
v 0.125867 0.017512 0.115033
v 0.126229 1.296287 0.071377
v 0.126364 0.047879 -0.140142
v 0.126364 0.047879 -0.059858
v 0.126364 0.047879 0.059858
v 0.126364 0.047879 0.140142
v 0.126584 0.015381 -0.100000
v 0.126584 0.015381 0.100000
v 0.126653 0.092299 -0.118113
v 0.126653 0.092299 -0.081887
v 0.126653 0.092299 0.081887
v 0.126653 0.092299 0.118113
v 0.126882 1.045170 -0.008123
v 0.127863 0.095152 -0.100000
v 0.127863 0.095152 0.100000
v 0.128004 1.096113 -0.087141
v 0.128718 1.203877 0.077548
v 0.128751 1.290076 -0.064131
v 0.130273 0.030730 -0.128965
v 0.130273 0.030730 -0.071035
v 0.130273 0.030730 0.071035
v 0.130273 0.030730 0.128965
v 0.130469 1.289370 0.004784
v 0.130924 0.063517 -0.137466
v 0.130924 0.063517 -0.062534
v 0.130924 0.063517 0.062534
v 0.130924 0.063517 0.137466
v 0.133662 1.119232 0.027235
v 0.134340 1.110766 -0.034133
v 0.134416 0.076266 -0.129497
v 0.134416 0.076266 -0.070503
v 0.134416 0.076266 0.070503
v 0.134416 0.076266 0.129497
v 0.134715 1.191666 -0.056009
v 0.135469 0.028080 -0.115903
v 0.135469 0.028080 -0.084097
v 0.135469 0.028080 0.084097
v 0.135469 0.028080 0.115903
v 0.136270 1.196617 0.012896
v 0.136311 0.044563 -0.130760
v 0.136311 0.044563 -0.069240
v 0.136311 0.044563 0.069240
v 0.136311 0.044563 0.130760
v 0.137065 0.026694 -0.100000
v 0.137065 0.026694 0.100000
v 0.137659 0.083580 -0.116288
v 0.137659 0.083580 -0.083712
v 0.137659 0.083580 0.083712
v 0.137659 0.083580 0.116288
v 0.139129 0.085909 -0.100000
v 0.139129 0.085909 0.100000
v 0.139780 0.059253 -0.128965
v 0.139780 0.059253 -0.071035
v 0.139780 0.059253 0.071035
v 0.139780 0.059253 0.128965
v 0.140494 0.069916 -0.125374
v 0.140494 0.069916 -0.074626
v 0.140494 0.069916 0.074626
v 0.140494 0.069916 0.125374
v 0.142351 0.042550 -0.116714
v 0.142351 0.042550 -0.083286
v 0.142351 0.042550 0.083286
v 0.142351 0.042550 0.116714
v 0.144186 0.072470 -0.115033
v 0.144186 0.072470 -0.084967
v 0.144186 0.072470 0.084967
v 0.144186 0.072470 0.115033
v 0.144373 0.041876 -0.100000
v 0.144373 0.041876 0.100000
v 0.145527 0.058254 -0.115903
v 0.145527 0.058254 -0.084097
v 0.145527 0.058254 0.084097
v 0.145527 0.058254 0.115903
v 0.146038 0.073745 -0.100000
v 0.146038 0.073745 0.100000
v 0.147636 0.058406 -0.100000
v 0.147636 0.058406 0.100000
vt 0.021936 0.029814
vt 0.021936 3.045802
vt 0.021936 3.278689
vt 0.021983 3.233852
vt 0.022097 3.189325
vt 0.022346 3.146107
vt 0.022388 3.322335
vt 0.022797 3.105199
vt 0.023187 3.069038
vt 0.024820 0.073394
vt 0.025762 3.361295
vt 0.034144 3.391789
vt 0.036422 0.144638
vt 0.039211 0.021937
vt 0.039608 0.077863
vt 0.047171 0.169446
vt 0.056595 3.326919
vt 0.057070 3.283337
vt 0.057896 3.238667
vt 0.058075 3.366041
vt 0.058827 3.194693
vt 0.059631 0.283439
vt 0.059955 3.152798
vt 0.061373 3.114369
vt 0.062649 3.397262
vt 0.062906 3.082196
vt 0.063320 3.064703
vt 0.076396 0.091985
vt 0.078380 0.024495
vt 0.079936 0.203163
vt 0.086150 0.346355
vt 0.089728 1.537031
vt 0.089869 1.624463
vt 0.089994 1.445776
vt 0.090016 1.354035
vt 0.090915 1.705543
vt 0.091818 0.504348
vt 0.092745 1.780979
vt 0.095084 1.852289
vt 0.097657 1.920992
vt 0.100164 3.369955
vt 0.100223 1.988337
vt 0.100544 3.401872
vt 0.101144 3.330622
vt 0.102685 2.054494
vt 0.102826 3.287080
vt 0.104665 3.242515
vt 0.104981 2.119364
vt 0.106639 3.198774
vt 0.106650 0.999215
vt 0.107047 2.182846
vt 0.108843 2.244841
vt 0.108855 3.157372
vt 0.110408 2.305242
vt 0.111418 3.119822
vt 0.111807 2.363941
vt 0.113100 2.420831
vt 0.114286 3.089041
vt 0.114340 2.475877
vt 0.115545 2.529325
vt 0.116721 2.581498
vt 0.116810 3.073562
vt 0.117875 2.632713
vt 0.119020 2.683127
vt 0.120189 2.732241
vt 0.121420 2.779392
vt 0.122751 2.823917
vt 0.124166 2.865096
vt 0.125428 2.901985
vt 0.125875 1.209626
vt 0.126244 2.933585
vt 0.126324 2.958894
vt 0.127744 1.137122
vt 0.132713 1.288924
vt 0.135325 0.834616
vt 0.137115 1.372809
vt 0.137635 1.628328
vt 0.137841 1.706794
vt 0.138127 1.545036
vt 0.138376 1.458983
vt 0.138740 1.780895
vt 0.140094 1.851723
vt 0.140628 3.402287
vt 0.141661 1.920369
vt 0.143237 1.987729
vt 0.144656 3.371620
vt 0.144746 2.053899
vt 0.146150 2.118781
vt 0.147409 2.182275
vt 0.147410 0.594946
vt 0.148192 3.332822
vt 0.148268 0.234373
vt 0.148495 2.244280
vt 0.148741 0.107547
vt 0.149047 0.400565
vt 0.149435 2.304689
vt 0.150269 2.363397
vt 0.151038 2.420295
vt 0.151141 3.289399
vt 0.151775 2.475347
vt 0.152491 2.528803
vt 0.152711 1.072041
vt 0.153174 0.030789
vt 0.153190 2.580981
vt 0.153876 2.632203
vt 0.154048 3.244863
vt 0.154560 2.682590
vt 0.155285 2.731473
vt 0.156096 2.777987
vt 0.157044 2.821263
vt 0.157108 3.201026
vt 0.158064 2.963020
vt 0.158114 2.860467
vt 0.159056 2.894882
vt 0.159302 2.946607
vt 0.159556 2.923824
vt 0.160431 3.159273
vt 0.164125 3.120990
vt 0.167200 1.178133
vt 0.168274 3.088986
vt 0.172858 3.071762
vt 0.175367 3.400890
vt 0.180067 1.238238
vt 0.184083 3.371497
vt 0.189880 3.333128
vt 0.193952 3.289774
vt 0.195259 1.316435
vt 0.196349 2.969385
vt 0.197803 3.245182
vt 0.198354 1.781364
vt 0.198425 1.851596
vt 0.198673 1.708888
vt 0.198690 1.920161
vt 0.198980 1.987525
vt 0.199256 2.053700
vt 0.199291 2.958213
vt 0.199504 2.118587
vt 0.199580 1.633589
vt 0.199715 2.182085
vt 0.199882 2.244093
vt 0.200011 2.304505
vt 0.200115 2.363215
vt 0.200205 2.420115
vt 0.200290 2.475170
vt 0.200372 2.528628
vt 0.200452 2.580809
vt 0.200531 2.632033
vt 0.200618 2.682411
vt 0.200754 2.731217
vt 0.200990 2.777518
vt 0.201086 1.555321
vt 0.201278 2.942511
vt 0.201378 2.820379
vt 0.201810 3.200906
vt 0.201903 2.858924
vt 0.202034 1.396116
vt 0.202194 2.920570
vt 0.202289 2.892515
vt 0.202454 1.475650
vt 0.204881 1.160694
vt 0.206072 3.157947
vt 0.210687 3.117307
vt 0.211079 1.014968
vt 0.215821 3.081451
vt 0.221919 3.058689
vt 0.237940 2.974751
vt 0.241946 2.963020
vt 0.244913 2.946607
vt 0.246410 1.252589
vt 0.246689 2.923824
vt 0.247541 2.894882
vt 0.247842 2.860467
vt 0.247963 2.821263
vt 0.248207 2.777987
vt 0.248598 2.731473
vt 0.249089 2.682590
vt 0.249170 3.066524
vt 0.249634 2.632203
vt 0.250194 2.580981
vt 0.250764 2.528803
vt 0.251348 2.475347
vt 0.251950 2.420295
vt 0.252576 2.363397
vt 0.253241 2.304689
vt 0.253964 2.244280
vt 0.254765 2.182275
vt 0.255656 2.118781
vt 0.255862 3.034720
vt 0.256624 2.053899
vt 0.257065 0.429427
vt 0.257414 0.628201
vt 0.257648 1.987729
vt 0.258709 1.920369
vt 0.259456 0.253537
vt 0.259816 1.851894
vt 0.261097 1.782267
vt 0.262707 1.711426
vt 0.263873 0.117706
vt 0.264803 1.639306
vt 0.267614 1.566114
vt 0.270937 0.035235
vt 0.271088 0.824173
vt 0.271670 1.493129
vt 0.272916 1.342967
vt 0.273518 1.138675
vt 0.273689 2.990848
vt 0.276337 1.420712
vt 0.278839 2.977439
vt 0.282870 2.958894
vt 0.285574 2.933585
vt 0.287230 2.901985
vt 0.288239 2.865096
vt 0.289003 2.823917
vt 0.289851 2.779392
vt 0.290819 2.732241
vt 0.291872 2.683127
vt 0.292975 2.632713
vt 0.294099 2.581498
vt 0.295244 2.529326
vt 0.296417 2.475877
vt 0.297624 2.420831
vt 0.298881 2.363941
vt 0.299734 3.140057
vt 0.299734 3.309028
vt 0.299786 3.180805
vt 0.300165 3.224883
vt 0.300225 2.305242
vt 0.300264 3.268880
vt 0.301653 3.104621
vt 0.301701 2.244841
vt 0.303357 2.182846
vt 0.304392 3.046978
vt 0.305220 2.119364
vt 0.306903 3.076195
vt 0.307261 2.054494
vt 0.309432 1.988337
vt 0.311686 1.920992
vt 0.313594 3.058096
vt 0.313862 0.985493
vt 0.314005 1.852603
vt 0.316483 1.783488
vt 0.319242 1.714011
vt 0.322404 1.644537
vt 0.326387 1.575712
vt 0.327114 1.252348
vt 0.329900 3.034720
vt 0.332784 1.509330
vt 0.333049 3.108161
vt 0.333058 3.144696
vt 0.334140 3.186672
vt 0.334436 3.077918
vt 0.334480 3.053761
vt 0.335428 3.232533
vt 0.336431 3.278734
vt 0.336750 3.321239
vt 0.344341 1.446765
vt 0.364490 3.050114
vt 0.366963 1.116588
vt 0.367161 3.075976
vt 0.369515 3.107140
vt 0.371748 3.144143
vt 0.374003 3.186498
vt 0.375942 1.380444
vt 0.376315 3.232898
vt 0.378337 3.279781
vt 0.379625 3.323020
vt 0.384961 1.472232
vt 0.390790 0.435922
vt 0.392837 0.629538
vt 0.394135 3.049288
vt 0.395421 0.259534
vt 0.399074 3.073072
vt 0.401633 1.448796
vt 0.403708 0.121092
vt 0.404927 3.102773
vt 0.406574 0.814239
vt 0.409275 3.138982
vt 0.412648 3.180787
vt 0.413439 0.036717
vt 0.414287 3.050547
vt 0.415927 3.226498
vt 0.416564 1.231168
vt 0.418911 3.272551
vt 0.421128 3.314913
vt 0.423956 3.067420
vt 0.433085 3.094768
vt 0.435159 0.968642
vt 0.439060 1.445487
vt 0.439102 3.129608
vt 0.443344 3.170043
vt 0.447363 3.213848
vt 0.451085 3.257573
vt 0.454026 3.297461
vt 0.459168 1.332595
vt 0.463691 1.508865
vt 0.472340 1.095838
vt 0.474995 1.575654
vt 0.480037 1.644536
vt 0.483586 1.714011
vt 0.486702 1.783488
vt 0.489514 1.852602
vt 0.492154 1.920992
vt 0.492923 1.416225
vt 0.494721 1.988337
vt 0.497183 2.054494
vt 0.497898 3.063049
vt 0.497898 3.137847
vt 0.499479 2.119364
vt 0.500625 3.101076
vt 0.501545 2.182846
vt 0.503340 2.244841
vt 0.503929 3.173358
vt 0.504906 2.305242
vt 0.506304 2.363941
vt 0.507597 2.420831
vt 0.508245 3.074968
vt 0.508838 2.475877
vt 0.510042 2.529325
vt 0.510076 1.204437
vt 0.511218 2.581498
vt 0.512373 2.632713
vt 0.513518 2.683127
vt 0.513638 1.491778
vt 0.513821 3.196956
vt 0.514687 2.732241
vt 0.515918 2.779392
vt 0.517249 2.823917
vt 0.518664 2.865096
vt 0.519925 2.901985
vt 0.520742 2.933585
vt 0.520822 2.958894
vt 0.523632 1.565945
vt 0.524200 0.425648
vt 0.525480 0.615918
vt 0.527830 1.639306
vt 0.529043 3.042707
vt 0.530523 1.711426
vt 0.531800 0.253064
vt 0.531940 3.138375
vt 0.532181 3.099396
vt 0.532700 1.782267
vt 0.532921 3.066058
vt 0.534524 1.851894
vt 0.535679 3.175921
vt 0.536159 1.920369
vt 0.536364 0.800072
vt 0.537734 1.987729
vt 0.539244 2.053899
vt 0.539288 3.205364
vt 0.540648 2.118781
vt 0.541906 2.182275
vt 0.542570 1.300630
vt 0.542992 2.244280
vt 0.543839 0.117706
vt 0.543932 2.304689
vt 0.544767 2.363397
vt 0.545536 2.420295
vt 0.546273 2.475347
vt 0.546989 2.528803
vt 0.547688 2.580981
vt 0.548373 2.632203
vt 0.549058 2.682590
vt 0.549782 2.731473
vt 0.550594 2.777987
vt 0.551541 2.821263
vt 0.552562 2.963020
vt 0.552612 2.860467
vt 0.552651 0.954141
vt 0.553554 2.894882
vt 0.553800 2.946607
vt 0.554054 2.923824
vt 0.556062 0.035235
vt 0.565709 1.389448
vt 0.568229 3.034720
vt 0.569195 3.060537
vt 0.570702 3.096343
vt 0.572528 3.137251
vt 0.574379 3.176790
vt 0.575032 1.077982
vt 0.575959 3.208505
vt 0.579885 1.473674
vt 0.586912 1.555074
vt 0.589808 1.633589
vt 0.590847 2.969385
vt 0.591369 1.708888
vt 0.592318 1.781364
vt 0.592856 1.851596
vt 0.593187 1.920161
vt 0.593478 1.987525
vt 0.593753 2.053700
vt 0.593789 2.958213
vt 0.594002 2.118587
vt 0.594213 2.182085
vt 0.594380 2.244093
vt 0.594509 2.304505
vt 0.594613 2.363215
vt 0.594703 2.420115
vt 0.594787 2.475170
vt 0.594870 2.528628
vt 0.594950 2.580809
vt 0.595029 2.632033
vt 0.595115 2.682411
vt 0.595251 2.731218
vt 0.595488 2.777518
vt 0.595776 2.942511
vt 0.595876 2.820379
vt 0.596401 2.858924
vt 0.596692 2.920570
vt 0.596786 2.892515
vt 0.600558 1.181787
vt 0.605882 3.062809
vt 0.608012 3.039191
vt 0.609425 3.095957
vt 0.612249 3.202115
vt 0.612923 3.172482
vt 0.613142 3.134758
vt 0.623635 1.275560
vt 0.631380 3.069485
vt 0.631781 0.575342
vt 0.632437 2.974751
vt 0.632990 0.395068
vt 0.636443 2.963020
vt 0.636956 3.191473
vt 0.639411 2.946607
vt 0.639618 1.367170
vt 0.640916 3.056680
vt 0.641187 2.923824
vt 0.641241 3.094815
vt 0.642039 2.894882
vt 0.642339 2.860467
vt 0.642460 2.821263
vt 0.642705 2.777987
vt 0.643096 2.731473
vt 0.643587 2.682590
vt 0.644131 2.632203
vt 0.644440 0.233686
vt 0.644545 3.167096
vt 0.644691 2.580981
vt 0.645262 2.528803
vt 0.645846 2.475347
vt 0.646448 2.420295
vt 0.647073 2.363397
vt 0.647256 3.131196
vt 0.647738 2.304689
vt 0.648462 2.244280
vt 0.648970 1.457312
vt 0.649263 2.182275
vt 0.650002 0.945959
vt 0.650154 2.118781
vt 0.651121 2.053899
vt 0.652059 0.770711
vt 0.652145 1.987729
vt 0.653206 1.920369
vt 0.653475 1.544827
vt 0.654248 1.851723
vt 0.655064 1.628328
vt 0.655065 1.780895
vt 0.655418 1.706794
vt 0.659856 0.107547
vt 0.661452 1.065971
vt 0.661698 3.087785
vt 0.668186 2.990848
vt 0.673337 2.977439
vt 0.674186 0.030788
vt 0.677368 2.958894
vt 0.677498 1.165653
vt 0.680071 2.933585
vt 0.681727 2.901985
vt 0.682737 2.865096
vt 0.683501 2.823917
vt 0.684349 2.779392
vt 0.685317 2.732241
vt 0.686370 2.683127
vt 0.687473 2.632713
vt 0.688597 2.581498
vt 0.689741 2.529326
vt 0.690914 2.475877
vt 0.691317 0.492070
vt 0.692122 2.420831
vt 0.692820 1.257712
vt 0.693379 2.363941
vt 0.694722 2.305242
vt 0.695602 0.619432
vt 0.696199 2.244841
vt 0.697854 2.182846
vt 0.699558 0.342405
vt 0.699718 2.119364
vt 0.701759 2.054494
vt 0.703451 1.350898
vt 0.703929 1.988337
vt 0.705570 3.071587
vt 0.705570 3.254487
vt 0.706184 1.920992
vt 0.708321 3.107946
vt 0.708437 1.852289
vt 0.709100 3.305212
vt 0.709529 1.444846
vt 0.710454 1.780979
vt 0.711964 1.705543
vt 0.712220 1.536915
vt 0.712693 1.624463
vt 0.712744 3.035836
vt 0.715029 3.204280
vt 0.715422 0.202669
vt 0.716110 0.398112
vt 0.717472 3.252837
vt 0.722698 3.072638
vt 0.722828 3.197176
vt 0.722828 3.307712
vt 0.725460 3.111182
vt 0.730150 3.034720
vt 0.731388 0.282065
vt 0.733632 0.091985
vt 0.738773 3.143795
vt 0.743073 3.073887
vt 0.746054 3.113599
vt 0.749563 0.024495
vt 0.750885 3.034838
vt 0.751518 0.169274
vt 0.760242 3.147221
vt 0.762876 3.075102
vt 0.765630 0.144616
vt 0.766194 3.115837
vt 0.766700 3.197176
vt 0.766700 3.250908
vt 0.771147 3.035079
vt 0.772080 3.209146
vt 0.772159 0.077863
vt 0.773431 3.243618
vt 0.779474 3.076120
vt 0.781525 3.150360
vt 0.783170 3.117875
vt 0.784708 3.203011
vt 0.788245 3.035130
vt 0.788714 0.073394
vt 0.789425 0.021936
vt 0.790534 3.076799
vt 0.799766 3.034881
vt 0.799766 3.153303
vt 0.805825 3.256604
vt 0.807379 0.029814
vt 0.851251 0.021936
vt 0.851251 3.167481
vt 0.854020 3.130807
vt 0.857280 3.203770
vt 0.861695 3.105335
vt 0.861797 0.091523
vt 0.865889 0.026159
vt 0.867196 3.228473
vt 0.872196 0.115699
vt 0.883523 0.227345
vt 0.885200 3.165945
vt 0.885493 3.127237
vt 0.886336 3.095467
vt 0.888944 3.204484
vt 0.892618 3.236087
vt 0.902417 0.040030
vt 0.904487 0.148607
vt 0.905453 1.570225
vt 0.905981 1.651282
vt 0.906107 1.482697
vt 0.907328 1.726699
vt 0.908613 1.390601
vt 0.909183 0.286887
vt 0.909211 1.797996
vt 0.911343 1.866686
vt 0.913478 1.934019
vt 0.913523 0.436049
vt 0.913721 1.296524
vt 0.915515 2.000162
vt 0.917393 2.065013
vt 0.919049 2.128471
vt 0.920441 2.190434
vt 0.921612 2.250798
vt 0.922179 1.203053
vt 0.922593 3.089463
vt 0.922625 2.309456
vt 0.923544 2.366305
vt 0.923986 3.123528
vt 0.924423 2.421310
vt 0.925276 2.474719
vt 0.925757 3.164126
vt 0.926109 2.526852
vt 0.926927 2.578030
vt 0.927614 3.204733
vt 0.927738 2.628651
vt 0.928572 2.679436
vt 0.929266 3.238825
vt 0.929459 2.731188
vt 0.930430 2.784707
vt 0.930492 3.261512
vt 0.931598 2.840157
vt 0.933390 2.895154
vt 0.933917 1.110524
vt 0.936313 2.946675
vt 0.940874 2.991699
vt 0.945596 1.010271
vt 0.948240 0.714116
vt 0.952320 1.651211
vt 0.952601 1.572732
vt 0.952759 1.725326
vt 0.952828 0.889704
vt 0.953671 1.796169
vt 0.954048 1.489210
vt 0.954812 1.864831
vt 0.955967 1.932206
vt 0.957064 1.998389
vt 0.957901 1.401608
vt 0.958061 2.063278
vt 0.958919 2.126770
vt 0.959296 3.092207
vt 0.959610 2.188763
vt 0.960163 2.249153
vt 0.960619 2.307835
vt 0.961020 2.364706
vt 0.961402 2.419732
vt 0.961772 2.473162
vt 0.962134 2.525315
vt 0.962489 2.576512
vt 0.962736 3.123785
vt 0.962846 2.627187
vt 0.963238 2.678236
vt 0.963705 2.730666
vt 0.964288 2.785489
vt 0.964410 0.518207
vt 0.965101 2.842991
vt 0.965568 1.311243
vt 0.965579 3.232826
vt 0.966187 3.201032
vt 0.966401 3.162316
vt 0.966559 2.900561
vt 0.969155 2.954866
vt 0.969699 3.253250
vt 0.970253 0.338850
vt 0.972186 0.179215
vt 0.973378 3.002572
vt 0.974427 0.055383
vt 0.978321 1.219210
vt 0.979520 3.041193
vt 0.984828 3.099832
vt 0.990330 3.222970
vt 0.994485 3.089463
vt 0.994635 3.124523
vt 0.996453 1.124792
vt 0.997894 3.197486
vt 1.000608 3.160807
vt 1.000875 3.232485
vt 1.008381 2.730492
vt 1.008404 2.785750
vt 1.008488 2.677835
vt 1.008668 2.843935
vt 1.008681 2.626700
vt 1.008920 2.576006
vt 1.009169 2.524803
vt 1.009423 2.472642
vt 1.009567 2.902363
vt 1.009683 2.419206
vt 1.009951 2.364173
vt 1.010225 2.307295
vt 1.010496 2.248604
vt 1.010750 2.188206
vt 1.010974 2.126203
vt 1.011158 2.062699
vt 1.011311 1.997798
vt 1.011443 1.931601
vt 1.011565 1.864213
vt 1.011565 2.957596
vt 1.011721 1.795622
vt 1.012080 1.725364
vt 1.012843 1.652861
vt 1.014209 1.577534
vt 1.015126 3.006196
vt 1.015236 3.120622
vt 1.016470 1.020267
vt 1.016787 1.498975
vt 1.020521 3.045590
vt 1.022810 1.417442
vt 1.034382 0.895842
vt 1.034651 1.332911
vt 1.049350 0.741599
vt 1.053617 1.243549
vt 1.054626 2.842991
vt 1.054845 2.900561
vt 1.055002 2.785489
vt 1.055608 2.730666
vt 1.056091 2.954866
vt 1.056340 2.678236
vt 1.057161 2.627187
vt 1.058030 2.576512
vt 1.058796 3.002572
vt 1.058918 2.525315
vt 1.059108 3.191581
vt 1.059823 2.473161
vt 1.060750 2.419732
vt 1.061705 2.364706
vt 1.062694 2.307835
vt 1.062827 3.219651
vt 1.063211 3.041193
vt 1.063307 3.162334
vt 1.063734 2.249153
vt 1.064113 0.557950
vt 1.064841 2.188763
vt 1.065761 3.128714
vt 1.066033 2.126770
vt 1.067319 2.063278
vt 1.068688 1.998389
vt 1.070120 1.932206
vt 1.071387 3.141451
vt 1.071594 1.864831
vt 1.073122 1.796340
vt 1.074829 1.726696
vt 1.075240 0.368965
vt 1.076872 1.655834
vt 1.079406 1.583692
vt 1.080083 1.146570
vt 1.082606 0.198336
vt 1.083263 1.510284
vt 1.084786 3.196746
vt 1.086738 3.226026
vt 1.087245 3.165390
vt 1.089188 0.065412
vt 1.090046 3.247700
vt 1.090970 3.137261
vt 1.091666 3.115381
vt 1.091980 1.435950
vt 1.092271 3.098455
vt 1.094826 2.895154
vt 1.095282 2.946675
vt 1.095300 2.840157
vt 1.096307 2.784707
vt 1.097066 2.991699
vt 1.097509 2.731188
vt 1.098816 2.679436
vt 1.100200 2.628651
vt 1.100416 3.028004
vt 1.101631 2.578030
vt 1.103086 2.526852
vt 1.104569 2.474719
vt 1.106088 2.421310
vt 1.107652 2.366305
vt 1.109276 2.309456
vt 1.109604 1.359995
vt 1.110999 2.250798
vt 1.111772 1.037185
vt 1.112864 2.190434
vt 1.114914 2.128471
vt 1.117038 3.199758
vt 1.117180 2.065013
vt 1.117438 3.230393
vt 1.117971 3.166668
vt 1.119203 3.253507
vt 1.119628 2.000162
vt 1.120184 3.136224
vt 1.122213 1.934019
vt 1.123584 3.112401
vt 1.124888 1.866686
vt 1.127634 1.798308
vt 1.127919 3.094641
vt 1.130543 1.729204
vt 1.133734 1.659736
vt 1.137325 1.590265
vt 1.137729 1.275633
vt 1.142205 1.521361
vt 1.145112 0.909491
vt 1.149263 3.250910
vt 1.149384 3.229422
vt 1.149891 3.168787
vt 1.150187 3.140471
vt 1.150624 3.200315
vt 1.152338 1.454419
vt 1.155828 3.118860
vt 1.163622 3.102323
vt 1.170531 3.243617
vt 1.170694 3.089463
vt 1.171341 3.146870
vt 1.172507 1.173187
vt 1.173725 1.390619
vt 1.174014 0.755132
vt 1.176927 3.225837
vt 1.177406 3.168520
vt 1.180279 3.198149
vt 1.181955 3.135013
vt 1.193137 3.121402
vt 1.193670 0.571205
vt 1.196717 3.223465
vt 1.197216 3.161441
vt 1.202034 3.109427
vt 1.202034 3.193115
vt 1.206936 0.379054
vt 1.215425 1.057741
vt 1.217992 0.204716
vt 1.228670 0.068755
vt 1.228973 1.324560
vt 1.245907 3.191581
vt 1.249626 3.219651
vt 1.250105 3.162334
vt 1.252560 3.128714
vt 1.258185 3.141451
vt 1.263411 1.194585
vt 1.265501 0.926260
vt 1.268351 1.391913
vt 1.271584 3.196746
vt 1.273537 3.226026
vt 1.274044 3.165390
vt 1.276845 3.247700
vt 1.277769 3.137261
vt 1.278464 3.115381
vt 1.279070 3.098455
vt 1.282993 1.454889
vt 1.290483 1.521420
vt 1.294601 1.590265
vt 1.297706 1.659736
vt 1.300377 1.729204
vt 1.302747 1.798308
vt 1.303837 3.199758
vt 1.304236 3.230393
vt 1.304770 3.166668
vt 1.304949 1.866686
vt 1.306001 3.253507
vt 1.306983 3.136224
vt 1.307084 1.934019
vt 1.309121 2.000161
vt 1.310024 0.765175
vt 1.310272 1.080040
vt 1.310382 3.112401
vt 1.310999 2.065013
vt 1.312655 2.128471
vt 1.314047 2.190434
vt 1.314718 3.094641
vt 1.315218 2.250798
vt 1.316231 2.309456
vt 1.317150 2.366305
vt 1.318029 2.421309
vt 1.318882 2.474719
vt 1.319715 2.526852
vt 1.320533 2.578029
vt 1.321345 2.628651
vt 1.322178 2.679436
vt 1.323065 2.731188
vt 1.324037 2.784707
vt 1.324541 1.286134
vt 1.325204 2.840157
vt 1.326125 1.364537
vt 1.326996 2.895154
vt 1.329863 0.570009
vt 1.329919 2.946675
vt 1.333529 1.437318
vt 1.334480 2.991699
vt 1.336062 3.250910
vt 1.336182 3.229422
vt 1.336690 3.168787
vt 1.336986 3.140472
vt 1.337422 3.200315
vt 1.338718 1.510455
vt 1.341260 0.372677
vt 1.341839 1.583691
vt 1.342626 3.118860
vt 1.344083 1.655834
vt 1.344317 1.194877
vt 1.345819 1.726696
vt 1.347209 1.796340
vt 1.348418 1.864831
vt 1.349573 1.932206
vt 1.350421 3.102323
vt 1.350670 1.998389
vt 1.351667 2.063278
vt 1.352525 2.126770
vt 1.353216 2.188763
vt 1.353769 2.249152
vt 1.354225 2.307835
vt 1.354270 0.198800
vt 1.354627 2.364706
vt 1.355008 2.419732
vt 1.355379 2.473161
vt 1.355740 2.525315
vt 1.356095 2.576512
vt 1.356452 2.627187
vt 1.356844 2.678236
vt 1.357312 2.730666
vt 1.357330 3.243617
vt 1.357492 3.089463
vt 1.357894 2.785489
vt 1.358139 3.146870
vt 1.358707 2.842991
vt 1.360166 2.900561
vt 1.362761 2.954866
vt 1.363725 3.225837
vt 1.364205 3.168520
vt 1.366984 3.002572
vt 1.367078 3.198149
vt 1.368521 0.065412
vt 1.368753 3.135013
vt 1.371574 0.956198
vt 1.373126 3.041193
vt 1.379936 3.121402
vt 1.381460 1.102415
vt 1.383516 3.223465
vt 1.384014 3.161441
vt 1.388833 3.109427
vt 1.388833 3.193115
vt 1.398136 1.339661
vt 1.399574 1.419442
vt 1.401638 1.259550
vt 1.401765 1.499225
vt 1.401987 2.730492
vt 1.402010 2.785750
vt 1.402094 2.677835
vt 1.402274 2.843935
vt 1.402287 2.626699
vt 1.402526 2.576006
vt 1.402775 2.524802
vt 1.403029 2.472642
vt 1.403173 2.902363
vt 1.403289 2.419205
vt 1.403555 1.577534
vt 1.403557 2.364173
vt 1.403831 2.307294
vt 1.404102 2.248604
vt 1.404356 2.188206
vt 1.404580 2.126203
vt 1.404652 1.652861
vt 1.404764 2.062699
vt 1.404917 1.997798
vt 1.405049 1.931601
vt 1.405154 1.725364
vt 1.405171 2.957596
vt 1.405172 1.864213
vt 1.405261 1.795622
vt 1.408732 3.006196
vt 1.412426 1.180777
vt 1.414128 3.045589
vt 1.422368 1.120290
vt 1.432705 3.126329
vt 1.435283 1.013991
vt 1.435456 3.162688
vt 1.439879 3.090579
vt 1.445091 0.537470
vt 1.448232 2.842991
vt 1.448451 2.900561
vt 1.448608 2.785489
vt 1.449214 2.730666
vt 1.449697 2.954866
vt 1.449833 3.127380
vt 1.449947 2.678235
vt 1.450767 2.627187
vt 1.451637 2.576512
vt 1.452359 0.344250
vt 1.452402 3.002572
vt 1.452525 2.525315
vt 1.452595 3.165924
vt 1.453429 2.473161
vt 1.454356 2.419732
vt 1.455311 2.364706
vt 1.456300 2.307835
vt 1.456761 0.777098
vt 1.456818 3.041193
vt 1.457285 3.089462
vt 1.457340 2.249152
vt 1.458447 2.188763
vt 1.459639 2.126770
vt 1.460926 2.063277
vt 1.462294 1.998389
vt 1.463726 1.932206
vt 1.465201 1.864831
vt 1.465810 1.079811
vt 1.465908 3.198537
vt 1.466663 1.796169
vt 1.467145 0.179890
vt 1.467468 1.316952
vt 1.467500 1.403299
vt 1.467917 1.725326
vt 1.468252 1.489421
vt 1.468727 1.651211
vt 1.468861 1.572732
vt 1.469399 1.232741
vt 1.470208 3.128630
vt 1.472409 1.152940
vt 1.473189 3.168341
vt 1.478020 3.089580
vt 1.484387 0.055383
vt 1.487377 3.201963
vt 1.488433 2.895154
vt 1.488888 2.946675
vt 1.488907 2.840157
vt 1.489913 2.784706
vt 1.490011 3.129844
vt 1.490672 2.991698
vt 1.491115 2.731188
vt 1.492423 2.679436
vt 1.493329 3.170579
vt 1.493806 2.628650
vt 1.493814 0.942812
vt 1.494022 3.028004
vt 1.495237 2.578029
vt 1.496693 2.526852
vt 1.498175 2.474719
vt 1.498282 3.089821
vt 1.499694 2.421309
vt 1.501258 2.366305
vt 1.502883 2.309456
vt 1.504605 2.250797
vt 1.506470 2.190434
vt 1.506609 3.130862
vt 1.508521 2.128471
vt 1.508660 3.205102
vt 1.510025 0.448112
vt 1.510305 3.172618
vt 1.510786 2.065013
vt 1.513060 0.583604
vt 1.513235 2.000161
vt 1.514765 1.040230
vt 1.515380 3.089872
vt 1.515820 1.934019
vt 1.517669 3.131541
vt 1.518495 1.866686
vt 1.520671 0.290767
vt 1.521177 1.797995
vt 1.523333 1.125800
vt 1.523642 1.726699
vt 1.525199 1.210583
vt 1.525626 1.651281
vt 1.526067 1.299700
vt 1.526835 1.391542
vt 1.526869 1.570225
vt 1.526901 3.089623
vt 1.526901 3.208045
vt 1.527203 1.482815
vt 1.537220 0.347100
vt 1.538470 0.149092
vt 1.553576 0.228695
vt 1.558167 0.040030
vt 1.570774 3.157776
vt 1.574928 0.115867
vt 1.581350 3.089463
vt 1.589354 0.091544
vt 1.591622 3.117320
vt 1.591622 3.207475
vt 1.596786 0.026158
vt 1.613419 0.021936
vt 1.657292 0.836662
vt 1.673084 0.507684
vt 1.683469 1.002029
vt 1.698296 0.405961
vt 1.698325 0.287761
vt 1.698393 0.642206
vt 1.703303 1.099026
vt 1.714621 0.236063
vt 1.719158 1.184114
vt 1.721018 0.323388
vt 1.721430 0.174197
vt 1.728890 0.207576
vt 1.729442 0.503662
vt 1.730730 0.149704
vt 1.731039 1.268468
vt 1.738688 0.209881
vt 1.738865 0.271173
vt 1.738873 1.357324
vt 1.739803 0.144391
vt 1.743529 1.449047
vt 1.746119 1.540286
vt 1.747749 1.627690
vt 1.749338 1.708720
vt 1.751033 1.784087
vt 1.751066 0.254511
vt 1.752788 1.855318
vt 1.753452 0.396171
vt 1.754560 1.923937
vt 1.756301 1.991197
vt 1.757953 2.057273
vt 1.758596 0.266934
vt 1.759453 2.122065
vt 1.760415 0.850490
vt 1.760740 2.185476
vt 1.761773 2.247406
vt 1.762596 2.307748
vt 1.763272 2.366393
vt 1.763865 2.423233
vt 1.764428 2.478229
vt 1.764618 0.976003
vt 1.764974 2.531630
vt 1.765508 2.583755
vt 1.766032 2.634925
vt 1.766214 0.078889
vt 1.766586 2.685537
vt 1.767355 2.736304
vt 1.768561 2.788021
vt 1.770261 0.092460
vt 1.770425 2.841478
vt 1.771072 0.324339
vt 1.772436 0.312341
vt 1.772506 0.370769
vt 1.772518 0.129384
vt 1.772845 0.247825
vt 1.773047 0.423170
vt 1.773126 0.184005
vt 1.773572 2.896814
vt 1.773896 0.471322
vt 1.774892 0.517001
vt 1.775244 1.077801
vt 1.775493 0.702667
vt 1.776368 0.561051
vt 1.780235 2.951548
vt 1.780646 0.600599
vt 1.783088 0.291920
vt 1.783823 1.167525
vt 1.789599 1.255038
vt 1.789718 0.631988
vt 1.790657 0.291941
vt 1.793049 3.002543
vt 1.793069 1.347198
vt 1.794844 1.442373
vt 1.795569 1.536809
vt 1.795858 0.559891
vt 1.795884 1.626753
vt 1.796315 1.709375
vt 1.796918 1.785540
vt 1.797631 1.857040
vt 1.798394 1.925662
vt 1.799147 1.992884
vt 1.799850 2.058922
vt 1.800462 2.123680
vt 1.800574 0.651033
vt 1.800944 2.187059
vt 1.801271 2.248961
vt 1.801471 2.309279
vt 1.801585 2.367902
vt 1.801656 2.424721
vt 1.801717 2.479697
vt 1.801777 2.533079
vt 1.801835 2.585186
vt 1.801893 2.636337
vt 1.801969 2.686875
vt 1.802166 2.737238
vt 1.802605 2.787885
vt 1.803405 2.839278
vt 1.805098 2.891363
vt 1.809850 2.942022
vt 1.810044 0.470952
vt 1.810051 0.422331
vt 1.810250 0.516703
vt 1.810487 0.368667
vt 1.810795 0.560821
vt 1.811568 0.307788
vt 1.812429 0.441444
vt 1.813177 0.600795
vt 1.813371 0.239273
vt 1.814649 3.046664
vt 1.815412 0.169709
vt 1.817066 0.107435
vt 1.817240 0.035547
vt 1.817710 0.060789
vt 1.818443 0.633528
vt 1.820239 2.988624
vt 1.823912 0.657490
vt 1.824583 0.358000
vt 1.833070 0.315732
vt 1.838603 0.308016
vt 1.838841 3.028539
vt 1.846240 2.884267
vt 1.846343 2.836101
vt 1.846604 3.081622
vt 1.846868 2.787192
vt 1.847397 2.737827
vt 1.847933 2.687947
vt 1.848474 2.637490
vt 1.848644 2.930016
vt 1.849023 2.586354
vt 1.849582 2.534262
vt 1.850155 2.480896
vt 1.850744 2.425936
vt 1.851352 2.369134
vt 1.851967 2.310529
vt 1.852576 2.250231
vt 1.853168 2.188352
vt 1.853731 2.124998
vt 1.854272 2.060270
vt 1.854803 1.994262
vt 1.855331 1.927072
vt 1.855406 0.601793
vt 1.855481 0.561438
vt 1.855879 1.858467
vt 1.856059 2.971324
vt 1.856145 0.517277
vt 1.856488 0.635551
vt 1.856511 1.786897
vt 1.856957 0.471516
vt 1.857302 1.710486
vt 1.858021 0.422754
vt 1.858326 1.627355
vt 1.859262 0.661200
vt 1.859578 0.368685
vt 1.859637 1.536587
vt 1.861205 1.441119
vt 1.861869 0.307005
vt 1.862974 1.344844
vt 1.864892 1.251661
vt 1.865002 0.237174
vt 1.866974 1.163375
vt 1.867246 3.059904
vt 1.868560 0.165713
vt 1.869507 1.073441
vt 1.870989 3.006172
vt 1.871995 0.100908
vt 1.872687 0.973412
vt 1.874758 0.051044
vt 1.876070 0.855610
vt 1.876760 0.021936
vt 1.879228 0.717677
vt 1.882431 0.577782
vt 1.885952 0.457332
vt 1.886217 3.108514
vt 1.889382 0.370145
vt 1.889742 2.876778
vt 1.889766 2.917621
vt 1.891673 2.832524
vt 1.892228 0.324507
vt 1.893555 2.786094
vt 1.894172 2.953642
vt 1.894354 0.314158
vt 1.895052 3.033209
vt 1.895084 2.738007
vt 1.896093 0.658913
vt 1.896383 2.688603
vt 1.896568 0.635068
vt 1.897575 2.638222
vt 1.898763 2.587096
vt 1.899922 0.602504
vt 1.899972 2.535014
vt 1.901212 2.481658
vt 1.902488 2.426708
vt 1.902564 0.562630
vt 1.903110 3.083925
vt 1.903811 2.369917
vt 1.904498 0.518561
vt 1.905195 2.311323
vt 1.905390 2.983429
vt 1.906376 0.472851
vt 1.906657 2.251038
vt 1.908216 2.189173
vt 1.908517 0.424271
vt 1.909881 2.125836
vt 1.911151 0.370651
vt 1.911639 2.061126
vt 1.913468 1.995137
vt 1.914514 0.309817
vt 1.915349 1.927967
vt 1.917277 1.859398
vt 1.918726 0.241350
vt 1.919320 1.787952
vt 1.921561 1.711843
vt 1.922391 0.653434
vt 1.923467 0.171839
vt 1.924085 1.629279
vt 1.925064 3.006147
vt 1.926325 3.053777
vt 1.926366 2.906929
vt 1.927045 1.539400
vt 1.928241 2.938576
vt 1.928304 0.109627
vt 1.928350 2.870144
vt 1.929724 3.129286
vt 1.930869 1.445054
vt 1.931206 0.634777
vt 1.931830 2.829127
vt 1.932804 0.063057
vt 1.934869 2.784746
vt 1.936056 1.350016
vt 1.936340 2.964176
vt 1.936924 0.037905
vt 1.937261 2.737711
vt 1.939228 2.688697
vt 1.939266 0.603724
vt 1.940995 2.638373
vt 1.942747 2.587249
vt 1.943101 3.102581
vt 1.943105 1.258064
vt 1.944175 0.564359
vt 1.944532 2.535169
vt 1.946361 2.481814
vt 1.947232 0.520397
vt 1.948244 2.426867
vt 1.950006 0.318037
vt 1.950047 0.474794
vt 1.950199 2.370077
vt 1.951698 3.023269
vt 1.952263 2.311486
vt 1.952327 2.983323
vt 1.952694 1.170853
vt 1.953098 0.426718
vt 1.953184 0.360534
vt 1.954480 2.251204
vt 1.956578 0.374396
vt 1.956894 2.189342
vt 1.958891 0.444331
vt 1.958896 2.951668
vt 1.959534 2.126008
vt 1.960679 0.316051
vt 1.962004 3.069890
vt 1.962367 2.061301
vt 1.965345 1.995317
vt 1.965534 0.251622
vt 1.966226 1.081565
vt 1.968421 1.928151
vt 1.969157 0.563307
vt 1.971029 0.187906
vt 1.971569 1.859630
vt 1.972529 2.968610
vt 1.973362 3.145880
vt 1.974853 1.788499
vt 1.975064 2.997600
vt 1.976990 0.133414
vt 1.978359 1.713233
vt 1.982174 1.632310
vt 1.983013 3.036849
vt 1.983244 0.096657
vt 1.983670 0.980320
vt 1.983887 3.117846
vt 1.984554 0.706788
vt 1.986510 1.545024
vt 1.989880 0.083297
vt 1.992095 1.453946
vt 1.992771 2.981133
vt 1.995020 0.855114
vt 1.995849 0.296113
vt 1.997737 0.267320
vt 1.999281 3.083563
vt 1.999780 1.362466
vt 2.002707 3.009090
vt 2.003474 0.212921
vt 2.003703 0.328924
vt 2.010308 0.170848
vt 2.010419 1.273974
vt 2.013756 3.159506
vt 2.016069 0.401346
vt 2.016729 3.048937
vt 2.018058 2.991338
vt 2.018521 0.149884
vt 2.021205 0.259835
vt 2.022423 3.131073
vt 2.025057 1.190143
vt 2.025535 0.215534
vt 2.028468 0.155573
vt 2.031091 0.276932
vt 2.033415 3.019875
vt 2.035250 0.213614
vt 2.035485 3.096317
vt 2.035677 0.509697
vt 2.040814 0.180492
vt 2.043920 1.381356
vt 2.045500 1.105770
vt 2.045535 0.329783
vt 2.046822 3.001327
vt 2.048286 0.242638
vt 2.049086 3.168423
vt 2.050448 3.061196
vt 2.056090 1.298031
vt 2.056793 3.141114
vt 2.065003 3.031732
vt 2.065413 0.294995
vt 2.065764 0.649446
vt 2.066431 0.413217
vt 2.068481 3.107714
vt 2.072040 1.219504
vt 2.073824 1.009722
vt 2.077073 3.012977
vt 2.077797 3.170780
vt 2.081306 3.073735
vt 2.085434 3.146901
vt 2.086989 0.357868
vt 2.091959 1.147643
vt 2.093909 3.045218
vt 2.095171 0.516003
vt 2.096408 3.168132
vt 2.096520 3.116913
vt 2.105125 3.027271
vt 2.106798 3.085784
vt 2.107081 3.150683
vt 2.115253 0.845687
vt 2.116487 3.060104
vt 2.117890 1.082704
vt 2.118864 3.123435
vt 2.126697 3.094199
vt 2.127100 3.044985
vt 2.129517 0.606114
vt 2.129517 3.072790
vt 2.173389 0.506109
vt 2.173389 3.064481
vt 2.178713 3.089804
vt 2.181456 0.784755
vt 2.183594 3.155102
vt 2.187580 0.295242
vt 2.187663 3.120813
vt 2.192472 0.411226
vt 2.193896 3.049406
vt 2.196428 3.172706
vt 2.200455 3.150918
vt 2.200961 0.959357
vt 2.201394 3.077503
vt 2.201755 0.243893
vt 2.206056 0.632229
vt 2.206503 0.181529
vt 2.211043 0.331204
vt 2.212670 3.111342
vt 2.212764 3.175153
vt 2.214940 0.215047
vt 2.215118 0.156461
vt 2.220628 1.078634
vt 2.221678 3.035797
vt 2.224076 0.150706
vt 2.224831 0.216969
vt 2.226327 3.144879
vt 2.226749 0.278955
vt 2.227562 0.506385
vt 2.230818 3.064816
vt 2.231013 0.171558
vt 2.238260 0.261976
vt 2.238867 1.177609
vt 2.239486 3.172605
vt 2.244137 3.099786
vt 2.245919 0.402947
vt 2.246175 0.274211
vt 2.248439 0.083755
vt 2.252694 3.023858
vt 2.253119 0.096952
vt 2.254171 1.269079
vt 2.256893 0.133502
vt 2.259286 3.134686
vt 2.259703 0.187734
vt 2.260540 0.331412
vt 2.261963 0.251183
vt 2.263801 3.052459
vt 2.264087 0.315385
vt 2.265590 1.361847
vt 2.266406 0.373580
vt 2.268923 0.425817
vt 2.271214 0.298817
vt 2.271558 0.473851
vt 2.273734 3.163560
vt 2.273765 1.455522
vt 2.274231 0.519436
vt 2.275475 0.835202
vt 2.277315 0.563391
vt 2.278629 0.298791
vt 2.279552 3.086927
vt 2.279733 1.547417
vt 2.281723 0.962676
vt 2.282912 3.012999
vt 2.282994 0.602808
vt 2.283019 0.696052
vt 2.284535 1.634840
vt 2.289037 1.715805
vt 2.293094 0.634008
vt 2.293425 1.791128
vt 2.293426 1.071396
vt 2.295408 0.561462
vt 2.296881 3.040281
vt 2.297093 3.121357
vt 2.297715 1.862328
vt 2.298207 0.038052
vt 2.299768 0.062995
vt 2.301039 0.109302
vt 2.301914 0.171190
vt 2.301924 1.930922
vt 2.302670 0.240375
vt 2.303581 0.308571
vt 2.304352 1.166189
vt 2.304497 0.652856
vt 2.304856 0.369231
vt 2.306052 1.998160
vt 2.306373 0.446297
vt 2.306445 0.422761
vt 2.308235 0.471305
vt 2.310049 2.064214
vt 2.310055 3.001437
vt 2.310110 0.517008
vt 2.312251 0.561087
vt 2.313363 1.256563
vt 2.313572 3.149843
vt 2.313851 2.128988
vt 2.315126 0.363277
vt 2.316022 0.601044
vt 2.316147 3.073157
vt 2.317393 2.192383
vt 2.320324 1.350350
vt 2.320633 2.254302
vt 2.321855 0.321059
vt 2.322299 0.633829
vt 2.323608 2.314635
vt 2.325627 1.446335
vt 2.326377 2.373273
vt 2.327550 3.026614
vt 2.328288 0.658105
vt 2.329000 2.430107
vt 2.329796 1.541046
vt 2.331527 2.485098
vt 2.332284 2.987094
vt 2.333355 1.631011
vt 2.333981 2.538494
vt 2.336376 2.590614
vt 2.336743 1.713631
vt 2.337249 3.105994
vt 2.338728 2.641779
vt 2.340054 1.789814
vt 2.341084 2.692142
vt 2.343297 1.861345
vt 2.343632 2.741195
vt 2.346480 1.930004
vt 2.346592 2.788267
vt 2.347762 2.967890
vt 2.349605 1.997263
vt 2.350185 2.832684
vt 2.351130 3.056947
vt 2.352637 2.063337
vt 2.353534 3.009409
vt 2.354103 0.305528
vt 2.354201 2.873735
vt 2.354203 0.367027
vt 2.354465 0.235983
vt 2.354685 0.421005
vt 2.355144 0.164866
vt 2.355350 2.942241
vt 2.355419 0.469735
vt 2.355536 2.128129
vt 2.355943 0.100404
vt 2.356271 0.515494
vt 2.356663 0.050823
vt 2.356710 2.910555
vt 2.356726 3.133159
vt 2.357199 0.559670
vt 2.357424 0.021936
vt 2.358261 2.191541
vt 2.358513 0.600119
vt 2.360618 0.634126
vt 2.360782 2.253474
vt 2.363124 2.313821
vt 2.363930 0.660253
vt 2.365323 2.372471
vt 2.367414 2.429316
vt 2.369432 2.484317
vt 2.371391 2.537723
vt 2.372562 2.986619
vt 2.373303 2.589854
vt 2.375180 2.641028
vt 2.376591 3.087241
vt 2.377053 2.691456
vt 2.379023 2.740906
vt 2.380374 0.459482
vt 2.380412 0.372927
vt 2.381212 2.789039
vt 2.381335 0.577296
vt 2.381349 0.327594
vt 2.381702 3.036288
vt 2.383143 2.956771
vt 2.383195 0.711767
vt 2.383742 2.835513
vt 2.385268 0.845659
vt 2.386311 2.879810
vt 2.386878 0.964610
vt 2.386919 2.920699
vt 2.387980 1.068371
vt 2.388740 1.161195
vt 2.389554 1.251226
vt 2.390775 1.345439
vt 2.392370 1.442251
vt 2.394207 1.537938
vt 2.396152 1.628773
vt 2.398096 1.711968
vt 2.399730 3.112298
vt 2.400016 1.788459
vt 2.400637 0.632211
vt 2.400666 0.656610
vt 2.401909 1.860120
vt 2.403003 0.599247
vt 2.403775 1.928822
vt 2.404270 0.559187
vt 2.404615 0.515057
vt 2.404830 0.469310
vt 2.405066 3.009169
vt 2.405179 0.420722
vt 2.405609 1.996107
vt 2.405794 0.367146
vt 2.406807 0.306439
vt 2.407401 2.062207
vt 2.408312 0.238193
vt 2.409139 2.127023
vt 2.410264 0.168952
vt 2.410812 2.190457
vt 2.411795 3.063126
vt 2.412409 2.252409
vt 2.412579 0.106997
vt 2.413937 2.312772
vt 2.415176 0.060612
vt 2.415401 2.371437
vt 2.416811 2.428296
vt 2.418173 2.483311
vt 2.418217 0.035573
vt 2.419306 2.974252
vt 2.419495 2.536730
vt 2.420786 2.588874
vt 2.422054 2.640061
vt 2.423304 2.690567
vt 2.424540 2.740498
vt 2.425764 2.789912
vt 2.426038 2.932885
vt 2.426647 0.650333
vt 2.426976 2.838869
vt 2.427761 2.887084
vt 2.434969 0.631078
vt 2.438819 3.085319
vt 2.439110 0.318638
vt 2.439535 3.031678
vt 2.442045 0.599523
vt 2.444078 0.360614
vt 2.445579 0.559916
vt 2.447040 0.515867
vt 2.448189 0.470203
vt 2.449465 0.422088
vt 2.450980 0.369768
vt 2.452843 0.311487
vt 2.452863 0.443272
vt 2.455177 0.247193
vt 2.457467 2.991691
vt 2.458145 0.183635
vt 2.458451 3.099033
vt 2.461663 1.538323
vt 2.461906 1.628356
vt 2.461922 0.129268
vt 2.462282 1.443513
vt 2.462331 1.711037
vt 2.462790 1.787280
vt 2.463269 1.858867
vt 2.463754 1.927582
vt 2.464237 1.994896
vt 2.464580 1.347370
vt 2.464731 2.061023
vt 2.465255 2.125863
vt 2.465826 2.189320
vt 2.466213 0.557934
vt 2.466456 2.251292
vt 2.466683 0.092541
vt 2.467131 2.311673
vt 2.467187 2.945028
vt 2.467827 2.370354
vt 2.468522 2.427227
vt 2.469198 2.482257
vt 2.469372 1.253341
vt 2.469854 2.535690
vt 2.470227 3.050282
vt 2.470495 2.587847
vt 2.471124 2.639047
vt 2.471270 2.894315
vt 2.471725 2.689633
vt 2.472199 2.740044
vt 2.472295 2.842181
vt 2.472429 2.790740
vt 2.472715 0.079123
vt 2.477089 1.162621
vt 2.483596 0.691910
vt 2.484555 0.294411
vt 2.486638 1.067406
vt 2.487354 0.262586
vt 2.490983 0.208207
vt 2.491257 3.006094
vt 2.492195 3.061768
vt 2.493806 0.326595
vt 2.495741 0.958256
vt 2.496174 0.166082
vt 2.497398 0.830619
vt 2.503486 2.955042
vt 2.503553 0.144934
vt 2.508711 0.397520
vt 2.509135 0.256382
vt 2.509556 2.900259
vt 2.512110 2.844878
vt 2.512460 0.211029
vt 2.513388 2.791378
vt 2.513652 0.150296
vt 2.513792 2.310707
vt 2.513814 2.369402
vt 2.513865 2.250311
vt 2.513882 2.426289
vt 2.513957 2.481330
vt 2.514012 2.739619
vt 2.514028 2.534776
vt 2.514083 2.188321
vt 2.514098 2.586944
vt 2.514168 2.638156
vt 2.514199 2.688809
vt 2.514478 2.124845
vt 2.515021 2.059982
vt 2.515666 1.993831
vt 2.516368 1.926493
vt 2.517093 1.857797
vt 2.517856 1.786493
vt 2.518682 1.711063
vt 2.519598 1.629986
vt 2.519771 0.272904
vt 2.520861 1.542437
vt 2.522134 0.208703
vt 2.523649 1.450362
vt 2.526623 0.174918
vt 2.529374 1.356399
vt 2.530317 0.500133
vt 2.536056 0.324491
vt 2.536195 0.236987
vt 2.539444 1.263187
vt 2.554528 1.171090
vt 2.554590 0.287662
vt 2.558508 0.403666
vt 2.559623 0.624927
vt 2.572320 1.071371
vt 2.576816 0.347919
vt 2.587105 0.497565
vt 2.589473 0.951333
vt 2.600728 0.776097
vt 2.620179 0.580678
vt 2.664052 1.468454
vt 2.664052 2.210230
vt 2.664052 2.988972
vt 2.664371 3.033767
vt 2.665299 1.413043
vt 2.665382 2.945672
vt 2.665507 3.078961
vt 2.666357 1.523544
vt 2.666587 2.068700
vt 2.666587 2.351761
vt 2.667226 3.122999
vt 2.667676 1.359606
vt 2.669199 2.904960
vt 2.670572 1.307957
vt 2.671710 3.162497
vt 2.673828 1.257288
vt 2.674194 1.951849
vt 2.674194 2.468613
vt 2.675089 1.575394
vt 2.675902 2.869344
vt 2.677286 1.206791
vt 2.680818 1.155741
vt 2.680921 3.193774
vt 2.684416 1.103737
vt 2.686061 1.877981
vt 2.686061 2.542480
vt 2.688103 1.050461
vt 2.691899 0.995593
vt 2.693125 1.621088
vt 2.695812 0.938885
vt 2.695910 1.465518
vt 2.696634 1.516394
vt 2.698133 1.839906
vt 2.698133 2.580554
vt 2.698349 1.413464
vt 2.699785 0.880371
vt 2.700616 3.033454
vt 2.700653 2.987882
vt 2.701030 3.078763
vt 2.701599 2.942479
vt 2.701624 1.362169
vt 2.701813 3.122865
vt 2.703297 1.563674
vt 2.703746 0.820154
vt 2.703913 2.897677
vt 2.704395 3.162785
vt 2.705200 1.311646
vt 2.705547 2.596399
vt 2.705548 1.824062
vt 2.707622 0.758336
vt 2.707793 2.855393
vt 2.708994 1.261426
vt 2.709788 3.195390
vt 2.711364 0.695023
vt 2.712397 2.823473
vt 2.712922 1.211040
vt 2.715002 0.630315
vt 2.715284 3.219134
vt 2.716620 2.811247
vt 2.716918 1.160045
vt 2.718592 0.564317
vt 2.718677 1.604937
vt 2.720988 1.108098
vt 2.722186 0.497129
vt 2.722210 1.658468
vt 2.725158 1.054879
vt 2.725816 0.428899
vt 2.726720 0.021936
vt 2.729430 0.359945
vt 2.729453 1.000071
vt 2.732952 0.290629
vt 2.733885 0.943425
vt 2.736257 1.507500
vt 2.736309 0.221311
vt 2.737057 0.085716
vt 2.737485 1.461705
vt 2.738416 0.884977
vt 2.738779 0.152555
vt 2.740376 1.549266
vt 2.741404 1.413698
vt 2.742996 0.824833
vt 2.744509 1.638454
vt 2.745803 1.364985
vt 2.746584 3.123379
vt 2.746706 3.163685
vt 2.747011 3.079230
vt 2.747537 3.033799
vt 2.747575 0.763100
vt 2.747911 3.197324
vt 2.748075 2.987304
vt 2.748630 2.939379
vt 2.749205 2.889657
vt 2.749766 2.839344
vt 2.750030 2.768495
vt 2.750119 2.795935
vt 2.750242 1.315817
vt 2.750709 3.222744
vt 2.752116 0.699882
vt 2.752497 1.585188
vt 2.754728 1.266136
vt 2.756637 0.635279
vt 2.759266 1.215881
vt 2.759568 1.688415
vt 2.761169 0.569393
vt 2.762975 2.210230
vt 2.763864 1.164949
vt 2.764059 2.066092
vt 2.764059 2.354369
vt 2.765744 0.502323
vt 2.767312 1.946845
vt 2.767312 2.473616
vt 2.768549 1.113065
vt 2.770374 0.434256
vt 2.772122 1.870930
vt 2.772122 2.549531
vt 2.773349 1.059912
vt 2.773564 1.813169
vt 2.773564 2.607292
vt 2.774342 1.614046
vt 2.774989 0.365731
vt 2.775429 1.830978
vt 2.775429 2.589483
vt 2.777150 0.030389
vt 2.778231 1.498403
vt 2.778291 1.005172
vt 2.778356 1.665241
vt 2.779505 0.297374
vt 2.779769 1.534660
vt 2.781444 1.457686
vt 2.782242 2.704837
vt 2.783397 0.948596
vt 2.783410 0.053715
vt 2.783833 0.229810
vt 2.786314 2.726395
vt 2.786875 1.413725
vt 2.787434 0.164179
vt 2.787532 3.220262
vt 2.787962 0.103674
vt 2.787985 3.196610
vt 2.788592 1.565242
vt 2.788654 0.890224
vt 2.790583 2.769018
vt 2.791220 3.164140
vt 2.792430 1.367590
vt 2.793667 3.124299
vt 2.794040 0.830165
vt 2.794395 2.823899
vt 2.795365 3.080235
vt 2.796883 3.034693
vt 2.797089 2.882226
vt 2.797764 1.319775
vt 2.797976 2.987288
vt 2.798195 2.936854
vt 2.799532 0.768526
vt 2.801292 1.712568
vt 2.802974 1.270629
vt 2.803887 1.637028
vt 2.805113 0.705417
vt 2.806404 1.589447
vt 2.808154 1.220501
vt 2.810782 0.640935
vt 2.812710 2.654795
vt 2.813389 1.169630
vt 2.813771 3.214586
vt 2.814924 1.522340
vt 2.815563 1.490645
vt 2.816541 0.575176
vt 2.816743 1.687007
vt 2.818722 1.117808
vt 2.819417 2.692202
vt 2.820456 1.454132
vt 2.820970 1.548502
vt 2.822392 0.508239
vt 2.822541 3.195986
vt 2.824185 1.064717
vt 2.827065 2.747387
vt 2.827174 1.413520
vt 2.828323 0.440324
vt 2.829811 1.010041
vt 2.830476 3.164975
vt 2.831598 1.608626
vt 2.833265 1.809538
vt 2.833265 2.610923
vt 2.833721 1.369519
vt 2.834252 2.811754
vt 2.834265 0.372040
vt 2.835188 3.125621
vt 2.835390 1.568855
vt 2.835629 0.953533
vt 2.836629 2.210230
vt 2.837062 2.065223
vt 2.837062 2.355238
vt 2.838006 3.081654
vt 2.838177 1.655917
vt 2.838362 1.945178
vt 2.838362 2.475283
vt 2.839355 1.828001
vt 2.839355 2.592460
vt 2.839579 2.876707
vt 2.839832 1.322822
vt 2.840003 1.868580
vt 2.840003 2.551881
vt 2.840136 0.304105
vt 2.840404 3.036032
vt 2.841652 0.895233
vt 2.842015 2.935388
vt 2.842015 2.987886
vt 2.843478 1.732568
vt 2.844446 1.537820
vt 2.845677 1.274117
vt 2.845852 0.237231
vt 2.847887 0.835254
vt 2.851204 0.172854
vt 2.851425 1.224092
vt 2.854342 0.773707
vt 2.855477 0.115293
vt 2.856192 1.705456
vt 2.856694 1.555789
vt 2.856923 1.584889
vt 2.857223 1.173267
vt 2.857463 0.053344
vt 2.857835 0.071157
vt 2.861021 0.710701
vt 2.861738 1.624644
vt 2.863129 1.121492
vt 2.867900 0.646333
vt 2.869180 1.068451
vt 2.874254 1.672500
vt 2.874953 0.580697
vt 2.875411 1.013825
vt 2.875880 1.569877
vt 2.877812 1.813169
vt 2.877812 2.607292
vt 2.881204 2.210231
vt 2.881636 2.066092
vt 2.881636 2.354369
vt 2.881859 0.957369
vt 2.882149 0.513888
vt 2.882666 1.749351
vt 2.882933 2.473616
vt 2.882934 1.946845
vt 2.883569 1.598533
vt 2.883914 2.589483
vt 2.883915 1.830978
vt 2.884570 1.870930
vt 2.884570 2.549531
vt 2.885888 2.989879
vt 2.886209 3.034655
vt 2.887212 2.946582
vt 2.887345 3.079822
vt 2.888559 0.899126
vt 2.889068 3.123847
vt 2.889457 0.446087
vt 2.891017 2.905849
vt 2.893558 1.721694
vt 2.893579 3.163421
vt 2.894390 1.639365
vt 2.895546 0.839209
vt 2.896815 0.377834
vt 2.897696 2.870168
vt 2.900279 1.582053
vt 2.902854 0.777732
vt 2.902859 3.194931
vt 2.904161 0.309759
vt 2.909333 1.688083
vt 2.910504 0.714807
vt 2.911430 0.242487
vt 2.913326 1.611717
vt 2.913863 3.214141
vt 2.917178 1.761040
vt 2.918455 0.650528
vt 2.918725 0.177223
vt 2.922110 3.033070
vt 2.922139 2.987493
vt 2.922532 3.078378
vt 2.923074 2.942075
vt 2.923328 3.122499
vt 2.925374 2.897246
vt 2.925955 3.162561
vt 2.926652 0.584987
vt 2.926817 0.117469
vt 2.927024 1.734427
vt 2.927032 1.654258
vt 2.928161 1.594290
vt 2.928442 1.993940
vt 2.928442 2.162911
vt 2.928442 2.231956
vt 2.928442 2.464871
vt 2.928494 2.034688
vt 2.928593 2.419895
vt 2.928783 2.508665
vt 2.928793 2.375253
vt 2.928873 2.078766
vt 2.928972 2.122763
vt 2.929090 2.331968
vt 2.929231 2.854904
vt 2.929532 2.291067
vt 2.929841 2.255005
vt 2.930361 1.958504
vt 2.931458 3.195553
vt 2.932011 2.547816
vt 2.933100 1.900861
vt 2.933791 2.822841
vt 2.935040 0.518276
vt 2.935611 1.930078
vt 2.935760 0.068850
vt 2.937166 3.220064
vt 2.937931 2.810318
vt 2.939818 0.046550
vt 2.940191 2.578573
vt 2.941322 1.702059
vt 2.942302 1.911979
vt 2.943568 0.450533
vt 2.943876 1.626039
vt 2.945612 1.765665
vt 2.952197 0.382077
vt 2.955118 1.742465
vt 2.956799 1.669202
vt 2.957394 1.608300
vt 2.958608 1.888603
vt 2.960896 0.313275
vt 2.961757 1.962045
vt 2.961766 1.998579
vt 2.962848 2.040555
vt 2.963145 1.931801
vt 2.963188 1.907644
vt 2.963594 2.512471
vt 2.964136 2.086416
vt 2.964197 2.468719
vt 2.964374 1.764499
vt 2.964895 2.551827
vt 2.965139 2.132617
vt 2.965140 2.423895
vt 2.965458 2.175122
vt 2.966164 2.379795
vt 2.967337 2.337839
vt 2.967933 3.122394
vt 2.968109 3.162876
vt 2.968343 3.078209
vt 2.968544 1.713451
vt 2.968725 2.299443
vt 2.968858 3.032765
vt 2.969186 2.583415
vt 2.969385 2.986257
vt 2.969443 3.196968
vt 2.969630 0.244492
vt 2.969928 2.938318
vt 2.970136 2.267422
vt 2.970336 2.764293
vt 2.970350 2.250184
vt 2.970492 2.888582
vt 2.971038 2.838244
vt 2.971209 2.767094
vt 2.971360 2.794746
vt 2.971622 1.641774
vt 2.972480 3.223257
vt 2.976396 1.747951
vt 2.978703 0.176391
vt 2.981257 1.683234
vt 2.984225 1.624772
vt 2.989762 0.110822
vt 2.990301 1.721722
vt 2.992949 1.658402
vt 2.993199 1.903997
vt 2.995870 1.929859
vt 2.998223 1.961024
vt 3.000426 1.693198
vt 3.000456 1.998026
vt 3.002712 2.040381
vt 3.003440 2.703541
vt 3.004728 1.644171
vt 3.004934 0.049576
vt 3.004934 1.672081
vt 3.005024 2.086782
vt 3.007045 2.133664
vt 3.007268 2.555373
vt 3.007329 2.587703
vt 3.007577 2.725326
vt 3.008334 2.176903
vt 3.008445 2.515784
vt 3.009156 2.610924
vt 3.009291 3.220726
vt 3.009522 3.196270
vt 3.010262 2.472062
vt 3.011878 2.768040
vt 3.012225 2.427334
vt 3.012632 3.163357
vt 3.014297 2.383462
vt 3.015026 3.123341
vt 3.015701 2.822928
vt 3.016558 2.341996
vt 3.016706 3.079242
vt 3.018214 3.033688
vt 3.018398 2.881231
vt 3.019087 2.304484
vt 3.019298 2.986276
vt 3.019509 2.935844
vt 3.021823 2.273869
vt 3.022844 1.903172
vt 3.024133 2.258662
vt 3.027782 1.926956
vt 3.033636 1.956656
vt 3.034253 2.654796
vt 3.035586 3.215257
vt 3.037984 1.992865
vt 3.040981 2.692255
vt 3.041356 2.034670
vt 3.042996 1.904430
vt 3.044238 3.196228
vt 3.044636 2.080381
vt 3.046045 2.609656
vt 3.047399 2.588133
vt 3.047620 2.126434
vt 3.048629 2.747407
vt 3.048806 0.109086
vt 3.048806 1.717490
vt 3.049836 2.168796
vt 3.051737 2.557066
vt 3.052075 3.164876
vt 3.052665 1.921303
vt 3.055406 1.742510
vt 3.055466 2.518013
vt 3.055805 2.811696
vt 3.056744 3.125385
vt 3.058551 2.474411
vt 3.059551 3.081402
vt 3.061120 2.876564
vt 3.061580 2.429713
vt 3.061793 1.948651
vt 3.061942 3.035786
vt 3.063550 2.935187
vt 3.063550 2.987653
vt 3.063587 1.807478
vt 3.064740 2.385742
vt 3.065914 1.773027
vt 3.067554 0.170223
vt 3.067811 1.983492
vt 3.068114 2.343918
vt 3.068523 1.701396
vt 3.071785 2.305660
vt 3.072052 2.023926
vt 3.072405 2.604290
vt 3.075821 2.273797
vt 3.076072 2.067731
vt 3.077296 1.824410
vt 3.077435 1.729077
vt 3.079512 0.235804
vt 3.079794 2.111456
vt 3.080214 1.802446
vt 3.080217 2.256812
vt 3.081838 2.587117
vt 3.082734 2.151344
vt 3.088280 0.304123
vt 3.090410 1.762302
vt 3.090808 2.557395
vt 3.093735 1.826027
vt 3.095581 1.686398
vt 3.096378 0.373154
vt 3.096777 2.518799
vt 3.099992 0.106274
vt 3.100975 2.475279
vt 3.104319 0.442201
vt 3.104941 2.430534
vt 3.105748 1.795105
vt 3.106178 1.714916
vt 3.107422 3.270112
vt 3.107423 2.864266
vt 3.107423 2.916763
vt 3.109046 2.386126
vt 3.109063 2.964910
vt 3.109203 0.129007
vt 3.109902 2.805587
vt 3.111502 3.010531
vt 3.112116 0.510897
vt 3.113368 2.343084
vt 3.114494 3.054504
vt 3.115294 2.740636
vt 3.117986 2.302435
vt 3.119778 0.578877
vt 3.120162 3.093899
vt 3.120294 1.822128
vt 3.121028 0.177971
vt 3.121250 1.749167
vt 3.123053 2.266660
vt 3.125952 1.672903
vt 3.126606 1.891357
vt 3.126606 1.959671
vt 3.126606 2.008208
vt 3.126606 2.164465
vt 3.127306 0.645819
vt 3.129025 2.244056
vt 3.130071 0.237975
vt 3.130394 3.125008
vt 3.134642 0.711587
vt 3.135022 2.014569
vt 3.136719 2.118280
vt 3.137032 2.063146
vt 3.137246 0.303458
vt 3.138148 1.783256
vt 3.138493 1.700905
vt 3.139250 2.158787
vt 3.141719 0.776085
vt 3.142006 3.143732
vt 3.142930 2.865345
vt 3.143350 2.915787
vt 3.143848 2.810709
vt 3.144083 0.370944
vt 3.144655 2.963201
vt 3.146327 2.752371
vt 3.146388 3.008751
vt 3.148463 3.052830
vt 3.148467 0.839219
vt 3.149035 2.063699
vt 3.149634 2.697469
vt 3.150088 1.888603
vt 3.150160 2.114535
vt 3.150873 0.439232
vt 3.152275 3.092730
vt 3.152806 2.654795
vt 3.153621 3.195543
vt 3.154040 1.811361
vt 3.154837 0.900894
vt 3.155582 1.660528
vt 3.155766 2.252544
vt 3.155969 1.734531
vt 3.157595 0.507695
vt 3.158804 3.125345
vt 3.160864 0.960999
vt 3.162426 2.220776
vt 3.164231 0.575704
vt 3.165367 3.149269
vt 3.166599 1.019422
vt 3.170757 0.642718
vt 3.170915 1.687068
vt 3.172096 1.076050
vt 3.175232 1.768029
vt 3.176968 3.198701
vt 3.176968 3.266581
vt 3.177131 0.708554
vt 3.177404 1.130843
vt 3.182104 1.647607
vt 3.182469 0.115403
vt 3.182559 1.184046
vt 3.183308 0.773116
vt 3.184933 2.696696
vt 3.185331 0.133324
vt 3.186567 2.724211
vt 3.187590 1.235978
vt 3.187757 2.767658
vt 3.188705 2.817986
vt 3.189240 0.836309
vt 3.189582 2.867721
vt 3.189731 0.177636
vt 3.190427 2.915658
vt 3.191248 2.962164
vt 3.191820 1.718926
vt 3.192049 3.007607
vt 3.192529 1.286958
vt 3.192924 3.051774
vt 3.193132 1.795645
vt 3.194304 3.092148
vt 3.194729 0.235374
vt 3.194894 0.898035
vt 3.196496 1.964335
vt 3.196711 3.125947
vt 3.197433 1.337137
vt 3.199983 0.299921
vt 3.200288 0.958185
vt 3.200675 3.151670
vt 3.200852 1.671865
vt 3.202461 1.385999
vt 3.203579 1.632156
vt 3.205330 0.366968
vt 3.205454 1.016649
vt 3.206299 2.323369
vt 3.206299 2.375844
vt 3.207801 1.432860
vt 3.207941 2.423975
vt 3.208782 2.264724
vt 3.210385 2.469586
vt 3.210421 1.073315
vt 3.210706 0.435077
vt 3.213375 2.513534
vt 3.213639 1.477038
vt 3.214184 2.199822
vt 3.214557 1.750652
vt 3.215221 1.128143
vt 3.216072 0.503534
vt 3.218065 1.612193
vt 3.219003 2.552823
vt 3.219728 1.517833
vt 3.219882 1.181382
vt 3.220347 2.739524
vt 3.220841 3.195543
vt 3.220841 3.278793
vt 3.221392 0.571621
vt 3.224098 1.554479
vt 3.224344 1.586193
vt 3.224431 1.233349
vt 3.225148 3.249603
vt 3.225932 1.653367
vt 3.225938 1.700966
vt 3.226631 0.638728
vt 3.226637 2.751840
vt 3.227172 3.207281
vt 3.228897 1.284362
vt 3.229129 2.583687
vt 3.231258 3.241878
vt 3.231768 0.704652
vt 3.232225 2.783801
vt 3.233320 1.334631
vt 3.234450 3.273773
vt 3.235386 1.776797
vt 3.236527 2.826102
vt 3.236754 3.124084
vt 3.236786 0.769297
vt 3.237386 3.148103
vt 3.237792 1.383918
vt 3.238770 3.200219
vt 3.238825 3.091329
vt 3.239134 2.870915
vt 3.240027 3.051348
vt 3.240341 2.916329
vt 3.240369 1.957111
vt 3.240425 3.007229
vt 3.240615 2.961911
vt 3.241668 0.832565
vt 3.242378 2.325691
vt 3.242416 1.431878
vt 3.242788 2.376087
vt 3.243310 2.271106
vt 3.243781 1.629643
vt 3.244084 2.423461
vt 3.245807 2.212835
vt 3.245809 2.468975
vt 3.246400 0.894357
vt 3.247296 1.478164
vt 3.247868 2.512999
vt 3.249152 2.158037
vt 3.250838 1.888603
vt 3.250982 0.954565
vt 3.251611 2.552732
vt 3.252104 1.522274
vt 3.252396 2.115538
vt 3.252837 1.599298
vt 3.252900 1.729931
vt 3.254781 1.563080
vt 3.255415 1.013081
vt 3.255425 1.678785
vt 3.257968 2.584955
vt 3.259702 1.069795
vt 3.260554 0.168005
vt 3.260764 1.915859
vt 3.260764 2.005869
vt 3.262029 0.228550
vt 3.262249 0.118076
vt 3.263271 2.775701
vt 3.263493 0.094595
vt 3.263552 3.141765
vt 3.263848 1.124671
vt 3.264056 3.252908
vt 3.264196 2.608137
vt 3.265497 0.294298
vt 3.267874 1.177955
vt 3.269378 0.361994
vt 3.271566 3.122724
vt 3.271804 1.229966
vt 3.272372 2.798110
vt 3.273322 0.430486
vt 3.275661 1.281023
vt 3.277278 1.753784
vt 3.277288 0.499146
vt 3.277385 1.650518
vt 3.278427 3.091338
vt 3.279370 2.833735
vt 3.279467 1.331402
vt 3.281232 0.567347
vt 3.281926 3.051795
vt 3.283230 1.381205
vt 3.283340 2.874451
vt 3.283456 3.007748
vt 3.284533 2.962552
vt 3.284778 2.917755
vt 3.284847 2.158122
vt 3.285123 0.634550
vt 3.286386 2.185418
vt 3.286838 1.704065
vt 3.286954 1.430494
vt 3.287531 2.228747
vt 3.288459 2.279010
vt 3.288965 0.700566
vt 3.289321 2.328691
vt 3.289839 1.614925
vt 3.290152 2.376575
vt 3.290644 1.479327
vt 3.290958 2.423030
vt 3.291746 2.468424
vt 3.292597 2.512521
vt 3.292770 0.765298
vt 3.293870 1.527441
vt 3.293894 2.552696
vt 3.294467 1.573270
vt 3.296100 2.586040
vt 3.296554 0.828644
vt 3.299685 2.610924
vt 3.300322 0.890504
vt 3.304053 0.950774
vt 3.307719 1.009344
vt 3.311293 1.066110
vt 3.312949 1.671252
vt 3.314755 1.121034
vt 3.314950 1.724861
vt 3.318116 1.174365
vt 3.320239 2.200876
vt 3.320625 0.218582
vt 3.321233 0.152104
vt 3.321396 1.226423
vt 3.322796 0.287372
vt 3.324617 1.277525
vt 3.325489 0.356790
vt 3.326427 2.212962
vt 3.327565 0.089175
vt 3.327778 1.328017
vt 3.328228 0.426208
vt 3.328835 1.630409
vt 3.330805 1.378339
vt 3.330982 0.495264
vt 3.331972 2.244817
vt 3.333601 1.428958
vt 3.333723 0.563595
vt 3.335252 1.737563
vt 3.336073 1.480340
vt 3.336138 2.584159
vt 3.336179 1.583313
vt 3.336261 2.287071
vt 3.336419 2.607401
vt 3.336431 0.630882
vt 3.337689 1.532459
vt 3.338405 2.551847
vt 3.338859 2.331842
vt 3.339137 0.696980
vt 3.339690 2.512063
vt 3.340054 2.377211
vt 3.340111 2.468014
vt 3.340315 2.422745
vt 3.341879 0.761788
vt 3.344544 1.688279
vt 3.344698 0.825203
vt 3.345993 0.021936
vt 3.347620 0.887124
vt 3.350605 0.947446
vt 3.353599 1.006065
vt 3.356548 1.062875
vt 3.359409 1.117843
vt 3.362187 1.171216
vt 3.362497 2.600869
vt 3.362674 2.235963
vt 3.363311 1.643083
vt 3.364898 1.223314
vt 3.367066 1.698638
vt 3.367560 1.274456
vt 3.370157 1.325043
vt 3.370699 2.582245
vt 3.371750 2.258305
vt 3.372543 1.375797
vt 3.372939 1.591477
vt 3.374541 1.427521
vt 3.375973 1.481017
vt 3.376227 1.536457
vt 3.377713 2.551206
vt 3.378749 2.293916
vt 3.381278 2.511824
vt 3.382721 2.334618
vt 3.382824 2.467828
vt 3.383907 2.422665
vt 3.384156 2.377898
vn -0.999522 -0.030912 0.000000
vn -0.999519 -0.031026 0.000000
vn -0.999508 -0.031374 0.000000
vn -0.999494 -0.031804 0.000000
vn -0.999431 -0.033738 0.000000
vn -0.999402 -0.034583 0.000000
vn -0.999321 -0.036846 0.000000
vn -0.999165 -0.040851 0.000000
vn -0.999092 -0.042604 0.000000
vn -0.998999 -0.044731 0.000000
vn -0.998869 -0.047547 0.000000
vn -0.998790 -0.049186 0.000000
vn -0.998764 -0.049649 -0.002497
vn -0.998764 -0.049649 0.002497
vn -0.998760 -0.049771 -0.001041
vn -0.998760 -0.049771 0.001041
vn -0.998759 -0.049804 -0.000044
vn -0.998759 -0.049804 0.000044
vn -0.998756 -0.049855 -0.000329
vn -0.998756 -0.049855 0.000328
vn -0.998725 0.014845 0.048242
vn -0.998653 -0.051572 -0.005643
vn -0.998627 -0.052025 0.006054
vn -0.998510 -0.053960 -0.008089
vn -0.998510 -0.053960 0.008089
vn -0.998480 -0.053368 -0.013781
vn -0.998480 -0.053368 0.013781
vn -0.998477 -0.055176 0.000000
vn -0.998403 -0.056223 -0.005485
vn -0.998403 -0.056223 0.005484
vn -0.998331 -0.057582 -0.004354
vn -0.998331 -0.057581 0.004353
vn -0.997901 -0.064597 -0.004494
vn -0.997901 -0.064596 0.004494
vn -0.997716 -0.065602 -0.016101
vn -0.997487 -0.068422 0.018387
vn -0.997181 -0.075028 0.000000
vn -0.996804 -0.071033 -0.036550
vn -0.996804 -0.071033 0.036550
vn -0.996365 -0.062027 -0.058395
vn -0.995308 0.094996 0.018363
vn -0.993850 -0.100725 -0.046016
vn -0.993567 0.010490 -0.112759
vn -0.993439 -0.114091 -0.007868
vn -0.993439 -0.114090 0.007868
vn -0.993319 -0.064831 0.095470
vn -0.993281 -0.104977 0.048702
vn -0.993076 0.075552 -0.089960
vn -0.992668 -0.120874 0.000000
vn -0.988515 0.063800 0.136995
vn -0.986551 -0.163129 0.010266
vn -0.984186 0.171834 0.043033
vn -0.984045 -0.149076 0.097121
vn -0.983598 0.177365 -0.032797
vn -0.983194 -0.170511 -0.065241
vn -0.982805 0.184589 0.004717
vn -0.982679 0.140729 0.120571
vn -0.982455 -0.155451 -0.103040
vn -0.982045 0.150515 -0.113720
vn -0.980444 -0.136341 0.141916
vn -0.976426 -0.215852 0.000000
vn -0.976426 -0.215851 0.000000
vn -0.972734 -0.181819 0.143984
vn -0.971949 -0.173097 -0.159227
vn -0.970187 -0.180376 0.161870
vn -0.969729 -0.058546 -0.237060
vn -0.969725 -0.013540 0.243824
vn -0.968269 -0.171476 -0.181798
vn -0.968269 -0.171476 0.181800
vn -0.966947 -0.254265 0.019060
vn -0.965520 -0.259713 0.017911
vn -0.965520 -0.259712 -0.017911
vn -0.964102 -0.260275 -0.052576
vn -0.958925 -0.218010 -0.181479
vn -0.958776 -0.284127 -0.004443
vn -0.957915 -0.284179 0.040508
vn -0.957242 0.286313 0.041378
vn -0.956704 0.287915 -0.042678
vn -0.956039 0.293181 0.005805
vn -0.955453 0.295101 -0.005036
vn -0.955088 -0.241683 0.171452
vn -0.954266 0.298947 0.002730
vn -0.953904 0.300108 -0.001526
vn -0.953434 0.301600 0.000598
vn -0.952269 -0.303109 -0.036163
vn -0.948066 -0.275642 -0.158722
vn -0.944752 -0.149130 0.291896
vn -0.943683 -0.064906 0.324423
vn -0.942088 -0.181444 -0.282043
vn -0.937062 -0.088286 0.337818
vn -0.937030 -0.100591 -0.334448
vn -0.936996 -0.240671 -0.253213
vn -0.935495 -0.070287 -0.346279
vn -0.935495 -0.070287 0.346279
vn -0.935073 -0.052474 -0.350550
vn -0.935073 -0.052474 0.350550
vn -0.934708 -0.041462 -0.352991
vn -0.934708 -0.041462 0.352991
vn -0.934561 -0.034477 -0.354128
vn -0.934561 -0.034477 0.354128
vn -0.934514 -0.031692 -0.354512
vn -0.934514 -0.031692 0.354512
vn -0.934508 -0.031292 -0.354565
vn -0.934508 -0.031292 0.354565
vn -0.934505 -0.031408 -0.354563
vn -0.934505 -0.031408 0.354563
vn -0.934504 -0.031408 0.354563
vn -0.934492 -0.063710 -0.350236
vn -0.934482 -0.032195 -0.354551
vn -0.934482 -0.032195 0.354552
vn -0.934439 -0.062026 0.350680
vn -0.934422 -0.034153 -0.354526
vn -0.934422 -0.034153 0.354525
vn -0.934318 -0.037300 -0.354483
vn -0.934318 -0.037300 0.354483
vn -0.934318 -0.037299 -0.354483
vn -0.934318 -0.037299 0.354483
vn -0.934170 -0.041354 -0.354424
vn -0.934170 -0.041354 0.354424
vn -0.934010 -0.045282 -0.354365
vn -0.934010 -0.045282 0.354365
vn -0.933953 -0.055392 -0.353078
vn -0.933953 -0.055392 0.353078
vn -0.933885 -0.048131 -0.354320
vn -0.933885 -0.048131 0.354321
vn -0.933842 -0.052810 -0.353767
vn -0.933842 -0.052810 0.353767
vn -0.933808 -0.049791 -0.354294
vn -0.933808 -0.049791 0.354294
vn -0.933803 -0.051227 -0.354102
vn -0.933803 -0.051227 0.354102
vn -0.933782 -0.050512 -0.354258
vn -0.933782 -0.050512 0.354258
vn -0.933762 -0.050276 -0.354347
vn -0.933762 -0.050276 0.354347
vn -0.933657 -0.049385 -0.354748
vn -0.933657 -0.049385 0.354748
vn -0.933458 -0.112967 -0.340433
vn -0.933458 -0.112967 0.340433
vn -0.933398 -0.046997 -0.355752
vn -0.933398 -0.046997 0.355753
vn -0.933065 0.024887 -0.358845
vn -0.932910 -0.081014 -0.350879
vn -0.932910 -0.081014 0.350879
vn -0.932880 -0.089562 -0.348876
vn -0.932879 -0.089563 0.348876
vn -0.932863 -0.040654 -0.357929
vn -0.932863 -0.040654 0.357929
vn -0.932832 -0.043318 -0.357698
vn -0.932832 -0.043318 0.357698
vn -0.932740 -0.030876 0.359226
vn -0.932739 -0.030876 -0.359227
vn -0.931872 -0.197159 -0.304536
vn -0.931760 -0.075708 -0.355095
vn -0.931760 -0.075707 0.355094
vn -0.931657 -0.040338 -0.361093
vn -0.931650 -0.039817 0.361168
vn -0.931047 -0.023094 0.364169
vn -0.931046 -0.023094 -0.364170
vn -0.928855 -0.041959 0.368059
vn -0.928663 -0.065934 -0.365018
vn -0.928663 -0.065934 0.365018
vn -0.928410 -0.091500 -0.360116
vn -0.928409 -0.140071 0.344147
vn -0.928409 -0.140070 -0.344147
vn -0.928409 -0.091501 0.360116
vn -0.928353 -0.046216 -0.368815
vn -0.927362 -0.374166 0.000000
vn -0.926960 -0.011000 -0.374999
vn -0.926960 -0.011000 0.375000
vn -0.924321 0.003625 0.381599
vn -0.923638 -0.053395 0.379529
vn -0.921428 -0.052711 -0.384957
vn -0.921428 -0.052711 0.384956
vn -0.920868 -0.096907 0.377639
vn -0.919951 -0.202831 -0.335484
vn -0.919951 -0.202831 0.335484
vn -0.919041 -0.068663 -0.388136
vn -0.918750 0.002761 -0.394830
vn -0.918750 0.002761 0.394830
vn -0.918163 0.086314 0.386687
vn -0.915927 -0.071970 0.394840
vn -0.914403 0.094605 -0.393595
vn -0.908668 -0.105001 0.404101
vn -0.908444 -0.092935 0.407544
vn -0.908204 -0.049334 0.415610
vn -0.908203 -0.049334 -0.415613
vn -0.906082 -0.066073 -0.417910
vn -0.901809 0.008610 -0.432049
vn -0.901809 0.008610 0.432049
vn -0.901674 -0.284449 -0.325689
vn -0.901674 -0.284448 0.325688
vn -0.901674 -0.237047 0.361653
vn -0.901674 -0.237046 -0.361652
vn -0.896678 -0.110799 -0.428593
vn -0.890076 -0.455540 0.015751
vn -0.873984 -0.353428 -0.333528
vn -0.873984 -0.353428 0.333528
vn -0.872205 0.489140 0.000000
vn -0.870201 0.492539 -0.012474
vn -0.870201 0.492540 0.012469
vn -0.863275 0.503512 0.035094
vn -0.863263 0.503532 -0.035107
vn -0.863235 0.209088 0.459464
vn -0.860241 0.209042 -0.465066
vn -0.859587 -0.006552 -0.510947
vn -0.859587 -0.006552 0.510947
vn -0.852600 -0.165727 -0.495588
vn -0.851629 -0.522903 0.036062
vn -0.851628 -0.522904 -0.036061
vn -0.847700 0.526926 0.061267
vn -0.847670 0.526977 -0.061236
vn -0.828570 0.558615 -0.037698
vn -0.828552 0.558632 0.037844
vn -0.826847 -0.113246 -0.550908
vn -0.823528 -0.230055 -0.518532
vn -0.823504 -0.229987 0.518601
vn -0.811006 -0.585038 0.000000
vn -0.804317 -0.528010 -0.272544
vn -0.804317 -0.528010 0.272543
vn -0.804317 -0.179519 -0.566434
vn -0.804316 -0.485598 -0.342447
vn -0.804316 -0.485598 0.342448
vn -0.788553 -0.006102 -0.614936
vn -0.762826 -0.554178 -0.333141
vn -0.762826 -0.554178 0.333141
vn -0.756060 -0.388246 0.526913
vn -0.730323 -0.475549 -0.490390
vn -0.727572 -0.055719 0.683765
vn -0.718274 -0.088040 -0.690168
vn -0.718274 -0.088040 0.690168
vn -0.717142 -0.197430 0.668378
vn -0.714447 -0.056252 -0.697425
vn -0.714447 -0.056252 0.697425
vn -0.714102 -0.044570 0.698621
vn -0.712431 -0.158587 -0.683588
vn -0.712431 -0.158587 0.683588
vn -0.710485 -0.044519 -0.702303
vn -0.710485 -0.044519 0.702303
vn -0.708211 -0.037844 -0.704986
vn -0.708211 -0.037844 -0.704985
vn -0.708211 -0.037844 0.704986
vn -0.707866 -0.256902 -0.657972
vn -0.707523 -0.106009 0.698694
vn -0.707168 -0.033676 -0.706244
vn -0.707167 -0.033676 -0.706244
vn -0.707167 -0.033676 0.706244
vn -0.706801 -0.032028 -0.706687
vn -0.706801 -0.032028 0.706687
vn -0.706750 -0.031793 -0.706749
vn -0.706750 -0.031793 0.706749
vn -0.706749 -0.031793 -0.706749
vn -0.706749 -0.031793 0.706749
vn -0.706749 -0.031792 -0.706749
vn -0.706749 -0.031792 0.706749
vn -0.706747 -0.031911 -0.706747
vn -0.706747 -0.031911 0.706747
vn -0.706729 -0.032711 -0.706728
vn -0.706729 -0.032711 0.706728
vn -0.706728 -0.032711 -0.706728
vn -0.706681 -0.034701 -0.706681
vn -0.706681 -0.034701 0.706681
vn -0.706681 -0.034700 0.706681
vn -0.706599 -0.037898 -0.706599
vn -0.706599 -0.037898 0.706599
vn -0.706483 -0.042018 0.706482
vn -0.706482 -0.042018 -0.706482
vn -0.706482 -0.042018 0.706482
vn -0.706358 -0.046007 -0.706358
vn -0.706358 -0.046007 0.706358
vn -0.706261 -0.048902 -0.706261
vn -0.706261 -0.048902 0.706261
vn -0.706201 -0.050587 -0.706202
vn -0.706201 -0.050587 -0.706201
vn -0.706201 -0.050587 0.706202
vn -0.706180 -0.051375 -0.706166
vn -0.706180 -0.051375 0.706166
vn -0.706165 -0.052495 -0.706099
vn -0.706165 -0.052495 0.706099
vn -0.706143 -0.050913 -0.706237
vn -0.706143 -0.050913 0.706237
vn -0.706107 -0.125374 -0.696918
vn -0.706063 -0.055119 -0.706001
vn -0.706063 -0.055119 0.706001
vn -0.705913 -0.048896 -0.706609
vn -0.705913 -0.048896 0.706609
vn -0.705883 -0.059480 -0.705827
vn -0.705883 -0.059480 0.705827
vn -0.705818 -0.069529 0.704973
vn -0.705715 -0.071961 -0.704832
vn -0.705343 -0.114101 -0.699623
vn -0.705343 -0.114101 0.699623
vn -0.705343 -0.043809 -0.707511
vn -0.705343 -0.043809 0.707511
vn -0.705320 -0.016681 -0.708693
vn -0.705319 -0.016681 0.708694
vn -0.704256 -0.100444 -0.702804
vn -0.704256 -0.100444 0.702804
vn -0.704168 -0.036115 -0.709114
vn -0.704168 -0.036115 0.709114
vn -0.704077 -0.001195 -0.710122
vn -0.704077 -0.001195 0.710122
vn -0.702902 -0.031431 0.710592
vn -0.702156 -0.166160 0.692364
vn -0.702156 -0.166159 -0.692364
vn -0.702155 -0.069540 -0.708621
vn -0.702155 -0.069540 0.708620
vn -0.702111 -0.027049 0.711554
vn -0.701886 -0.027892 -0.711743
vn -0.700949 -0.072142 -0.709553
vn -0.700948 -0.072143 0.709554
vn -0.699864 -0.081520 -0.709609
vn -0.699864 -0.081519 0.709609
vn -0.699523 0.019494 0.714344
vn -0.699522 0.019494 -0.714345
vn -0.698896 -0.019050 0.714970
vn -0.696083 -0.025539 -0.717507
vn -0.695447 -0.013476 0.718451
vn -0.695394 -0.015337 0.718465
vn -0.692531 -0.009676 0.721323
vn -0.691482 -0.008179 0.722347
vn -0.690834 -0.017234 -0.722808
vn -0.690579 -0.033134 0.722497
vn -0.689313 0.049758 -0.722753
vn -0.689313 0.049758 0.722753
vn -0.688443 0.458391 -0.562072
vn -0.688427 0.458383 0.562097
vn -0.688077 -0.045956 -0.724181
vn -0.688077 -0.045956 0.724181
vn -0.682205 -0.215487 0.698685
vn -0.682204 -0.309363 -0.662489
vn -0.682204 -0.309363 0.662489
vn -0.682203 -0.215488 -0.698687
vn -0.681318 -0.034121 -0.731192
vn -0.677833 -0.279208 -0.680136
vn -0.677833 -0.279208 0.680136
vn -0.671107 0.083777 -0.736612
vn -0.671106 0.083777 0.736612
vn -0.660360 0.012338 0.750848
vn -0.660360 0.012339 -0.750848
vn -0.651562 0.027854 -0.758084
vn -0.649089 -0.054054 -0.758789
vn -0.642700 0.111712 -0.757930
vn -0.642699 0.111712 0.757930
vn -0.639260 -0.768991 0.000000
vn -0.615803 -0.447973 0.648157
vn -0.615802 -0.532711 -0.580523
vn -0.615801 -0.532711 0.580524
vn -0.615800 -0.447974 -0.648158
vn -0.612393 0.790554 0.000001
vn -0.607172 0.794395 -0.016704
vn -0.607171 0.794395 0.016705
vn -0.603339 0.137934 0.785466
vn -0.603270 0.137934 -0.785519
vn -0.602010 0.128701 -0.788048
vn -0.602010 0.128701 0.788048
vn -0.600044 -0.128494 0.789580
vn -0.599374 -0.128957 -0.790013
vn -0.598698 -0.729089 -0.331647
vn -0.598698 -0.729089 0.331647
vn -0.598697 -0.729090 0.331647
vn -0.594115 0.123955 0.794772
vn -0.594114 0.123954 -0.794773
vn -0.592735 -0.077400 -0.801670
vn -0.590102 0.806158 -0.043451
vn -0.590102 0.806159 0.043449
vn -0.587744 -0.441168 -0.678180
vn -0.587744 -0.441168 0.678180
vn -0.587744 -0.441167 -0.678180
vn -0.587744 -0.441167 0.678180
vn -0.586442 -0.808072 0.055728
vn -0.586440 -0.808073 -0.055727
vn -0.573754 0.117668 0.810531
vn -0.572825 0.117779 -0.811172
vn -0.562575 -0.800278 0.207519
vn -0.562574 -0.800279 -0.207519
vn -0.562572 -0.764216 0.315414
vn -0.562570 -0.764217 -0.315416
vn -0.557040 0.828879 -0.051640
vn -0.557040 0.828879 0.051642
vn -0.551973 -0.316403 0.771502
vn -0.551970 -0.316404 -0.771504
vn -0.550319 -0.004864 -0.834940
vn -0.546275 0.016604 0.837441
vn -0.545498 0.133928 -0.827342
vn -0.545497 0.133928 0.827343
vn -0.543338 0.019440 -0.839289
vn -0.538337 -0.064279 -0.840275
vn -0.511053 0.842941 0.168152
vn -0.511052 0.842941 -0.168156
vn -0.503828 -0.035364 -0.863080
vn -0.503818 -0.035422 0.863083
vn -0.501334 -0.864798 0.028095
vn -0.493332 -0.748662 -0.442865
vn -0.493331 -0.748662 0.442865
vn -0.493331 -0.680779 0.541446
vn -0.493327 -0.680779 -0.541449
vn -0.490483 0.160835 0.856480
vn -0.490449 0.160818 -0.856503
vn -0.483496 -0.875346 0.000000
vn -0.453189 -0.581054 -0.676015
vn -0.453189 -0.581054 0.676015
vn -0.449867 -0.829152 -0.331854
vn -0.449867 -0.829152 0.331854
vn -0.447166 0.071404 0.891596
vn -0.446176 0.070502 -0.892164
vn -0.437836 -0.054120 -0.897425
vn -0.423175 -0.069609 0.903370
vn -0.407449 -0.096506 0.908114
vn -0.405712 -0.097496 -0.908786
vn -0.404816 0.618179 0.673779
vn -0.404815 0.618174 -0.673784
vn -0.377743 -0.925911 0.000000
vn -0.377743 -0.925910 0.000000
vn -0.366538 -0.055107 -0.928770
vn -0.366538 -0.055106 0.928770
vn -0.366537 -0.055106 -0.928770
vn -0.366537 -0.055106 0.928770
vn -0.366203 -0.092968 -0.925879
vn -0.366203 -0.092968 0.925879
vn -0.366202 -0.092968 -0.925879
vn -0.366202 -0.092968 0.925879
vn -0.361428 -0.039581 -0.931560
vn -0.361428 -0.039580 -0.931560
vn -0.361428 -0.039580 0.931560
vn -0.361427 -0.039580 0.931560
vn -0.357745 -0.035147 -0.933158
vn -0.357745 -0.035147 -0.933157
vn -0.357745 -0.035147 0.933158
vn -0.355808 -0.033103 -0.933973
vn -0.355808 -0.033103 -0.933972
vn -0.355808 -0.033103 0.933972
vn -0.355808 -0.033103 0.933973
vn -0.354920 -0.031851 -0.934354
vn -0.354920 -0.031851 0.934354
vn -0.354609 -0.031362 -0.934489
vn -0.354609 -0.031362 0.934489
vn -0.354609 -0.031361 -0.934488
vn -0.354609 -0.031361 0.934488
vn -0.354565 -0.031292 -0.934508
vn -0.354565 -0.031292 -0.934507
vn -0.354565 -0.031292 0.934507
vn -0.354565 -0.031292 0.934508
vn -0.354565 -0.031291 0.934508
vn -0.354563 -0.031408 -0.934504
vn -0.354563 -0.031408 0.934504
vn -0.354552 -0.032195 -0.934482
vn -0.354552 -0.032195 0.934482
vn -0.354526 -0.034153 -0.934422
vn -0.354526 -0.034153 0.934422
vn -0.354483 -0.037300 -0.934318
vn -0.354483 -0.037300 0.934318
vn -0.354483 -0.037299 -0.934318
vn -0.354483 -0.037299 0.934318
vn -0.354424 -0.041355 0.934170
vn -0.354424 -0.041354 -0.934170
vn -0.354424 -0.041354 0.934170
vn -0.354365 -0.045282 -0.934010
vn -0.354365 -0.045282 0.934010
vn -0.354320 -0.048132 0.933885
vn -0.354320 -0.048131 -0.933885
vn -0.354320 -0.048131 0.933885
vn -0.354294 -0.049791 -0.933808
vn -0.354294 -0.049791 0.933808
vn -0.354293 -0.049791 0.933808
vn -0.354281 -0.050588 -0.933770
vn -0.354281 -0.050588 0.933770
vn -0.354260 -0.049984 -0.933810
vn -0.354260 -0.049984 0.933810
vn -0.354238 -0.051839 -0.933717
vn -0.354238 -0.051839 0.933717
vn -0.354097 -0.047144 -0.934020
vn -0.354097 -0.047144 0.934020
vn -0.354077 -0.054823 -0.933608
vn -0.354077 -0.054823 0.933608
vn -0.353864 -0.127982 -0.926499
vn -0.353863 -0.127982 0.926499
vn -0.353849 0.000783 -0.935302
vn -0.353849 0.000783 0.935302
vn -0.353764 -0.059846 -0.933418
vn -0.353764 -0.059846 0.933418
vn -0.353655 -0.040119 -0.934515
vn -0.353655 -0.040119 0.934515
vn -0.353280 -0.431521 0.830050
vn -0.352968 -0.179662 -0.918224
vn -0.352968 -0.051909 0.934194
vn -0.352967 -0.179662 0.918224
vn -0.352966 -0.051909 -0.934195
vn -0.352783 -0.070245 0.933065
vn -0.352739 -0.109391 -0.929305
vn -0.352739 -0.109391 0.929306
vn -0.352735 -0.029615 -0.935255
vn -0.352735 -0.029615 0.935255
vn -0.352671 0.021076 -0.935510
vn -0.352670 0.021076 0.935510
vn -0.352402 -0.072413 -0.933043
vn -0.351210 -0.016903 0.936144
vn -0.350933 -0.017537 -0.936236
vn -0.349193 -0.002813 0.937046
vn -0.348802 -0.874793 -0.336265
vn -0.348802 -0.874793 0.336265
vn -0.348782 0.052672 0.935723
vn -0.348781 0.052672 -0.935723
vn -0.348766 -0.103864 0.931437
vn -0.348553 -0.076618 -0.934152
vn -0.348552 -0.076618 0.934153
vn -0.348200 -0.160383 -0.923599
vn -0.348200 -0.160383 -0.923598
vn -0.348200 -0.160383 0.923598
vn -0.348200 -0.160383 0.923599
vn -0.347649 0.053225 0.936113
vn -0.347648 0.013082 0.937534
vn -0.347223 0.032204 0.937230
vn -0.346822 0.060933 0.935950
vn -0.346304 -0.007628 -0.938091
vn -0.345268 -0.121994 -0.930541
vn -0.344488 -0.198709 0.917520
vn -0.344487 -0.322785 -0.881555
vn -0.344487 -0.322785 0.881554
vn -0.344484 -0.198710 -0.917521
vn -0.340723 -0.190490 0.920664
vn -0.340236 0.096976 0.935326
vn -0.340235 0.096976 -0.935327
vn -0.338203 0.044412 0.940025
vn -0.337006 -0.014837 -0.941386
vn -0.337006 -0.014837 0.941386
vn -0.334913 -0.001973 -0.942247
vn -0.331676 -0.657323 -0.676696
vn -0.331676 -0.657323 0.676696
vn -0.325948 0.144131 -0.934336
vn -0.325947 0.144131 0.934337
vn -0.325697 -0.248721 -0.912173
vn -0.317415 0.529583 -0.786632
vn -0.317412 0.529585 0.786632
vn -0.316976 -0.948433 0.000000
vn -0.314916 -0.520643 -0.793573
vn -0.312770 0.015168 0.949708
vn -0.311971 0.000610 -0.950092
vn -0.309841 0.088044 -0.946703
vn -0.309840 0.088043 0.946704
vn -0.308227 -0.562143 -0.767458
vn -0.308226 -0.562143 0.767458
vn -0.308225 -0.451466 0.837362
vn -0.308224 -0.451467 -0.837362
vn -0.306474 0.181778 -0.934361
vn -0.306473 0.181777 0.934361
vn -0.295944 -0.252764 -0.921155
vn -0.295944 -0.252764 0.921155
vn -0.290500 -0.893293 -0.342983
vn -0.290500 -0.893293 0.342983
vn -0.290499 -0.893293 -0.342982
vn -0.284598 0.206518 -0.936138
vn -0.284597 0.206517 0.936138
vn -0.282916 0.014329 0.959037
vn -0.278847 0.011506 -0.960267
vn -0.276145 0.005209 -0.961102
vn -0.269859 0.278530 -0.921736
vn -0.269858 0.278531 0.921736
vn -0.267179 -0.961364 0.066300
vn -0.267178 -0.961364 -0.066300
vn -0.265145 0.223973 -0.937835
vn -0.265144 0.223974 0.937835
vn -0.262089 -0.820955 0.507289
vn -0.262088 -0.820955 -0.507289
vn -0.262087 -0.743545 0.615184
vn -0.262087 -0.743543 -0.615187
vn -0.256777 -0.947194 -0.192064
vn -0.256777 -0.947194 0.192066
vn -0.256777 -0.911861 0.320273
vn -0.256775 -0.911860 -0.320278
vn -0.255638 -0.015331 0.966651
vn -0.249484 -0.686528 0.682962
vn -0.249483 -0.686528 -0.682962
vn -0.249483 -0.686528 0.682962
vn -0.248867 -0.968538 0.000000
vn -0.246314 0.086576 -0.965315
vn -0.245044 0.292234 -0.924420
vn -0.245043 0.292234 0.924420
vn -0.242925 0.898183 -0.366409
vn -0.242900 0.898176 0.366443
vn -0.241776 -0.066550 0.968047
vn -0.240505 0.028503 -0.970229
vn -0.236297 -0.062361 -0.969678
vn -0.236207 -0.349556 -0.906651
vn -0.235821 -0.349488 0.906778
vn -0.235249 0.030760 -0.971448
vn -0.228261 0.069699 -0.971102
vn -0.223001 -0.910699 -0.347703
vn -0.223001 -0.910699 0.347703
vn -0.215251 -0.329734 -0.919208
vn -0.215251 -0.329734 0.919208
vn -0.215251 -0.329733 -0.919208
vn -0.210812 0.182080 0.960419
vn -0.210183 0.181313 -0.960702
vn -0.201200 -0.693439 -0.691854
vn -0.201200 -0.693439 -0.691853
vn -0.201200 -0.693439 0.691853
vn -0.201200 -0.693439 0.691854
vn -0.143868 -0.365840 -0.919491
vn -0.143868 -0.365840 0.919491
vn -0.137918 -0.704797 -0.695874
vn -0.137918 -0.704797 0.695874
vn -0.137284 -0.014609 -0.990424
vn -0.136927 -0.436765 0.889094
vn -0.136920 -0.436770 -0.889092
vn -0.135822 -0.020847 0.990514
vn -0.129982 0.087978 0.987605
vn -0.127141 0.085110 -0.988226
vn -0.099419 -0.158181 -0.982392
vn -0.096900 -0.373020 -0.922750
vn -0.096900 -0.373020 -0.922749
vn -0.096900 -0.373020 0.922749
vn -0.093308 -0.995637 0.000000
vn -0.093259 -0.157379 0.983125
vn -0.069757 -0.936513 -0.343623
vn -0.069757 -0.936513 0.343623
vn -0.067539 -0.369374 -0.926823
vn -0.067539 -0.369374 0.926823
vn -0.067539 -0.369373 0.926823
vn -0.025945 0.938746 0.343633
vn -0.025941 0.938746 -0.343632
vn -0.023907 0.026935 0.999351
vn -0.020336 0.024464 -0.999494
vn -0.013640 -0.378153 -0.925642
vn -0.013639 -0.378153 -0.925642
vn -0.013639 -0.378153 0.925642
vn -0.013639 -0.378153 0.925643
vn -0.007192 -0.038328 -0.999239
vn -0.005520 -0.038756 0.999233
vn -0.000004 -0.767725 -0.640780
vn -0.000002 -0.997630 0.068802
vn -0.000002 -0.979745 -0.200247
vn -0.000002 -0.464310 -0.885673
vn -0.000002 0.246514 -0.969139
vn -0.000002 0.999066 -0.043212
vn -0.000002 0.999490 -0.031945
vn -0.000002 1.000000 0.000001
vn -0.000001 -0.942980 -0.332849
vn -0.000001 -0.848422 0.529320
vn -0.000001 -0.581499 0.813547
vn -0.000001 -0.409243 0.912425
vn -0.000001 -0.326143 0.945320
vn -0.000001 -0.001170 0.999999
vn -0.000001 0.228508 -0.973542
vn -0.000001 0.300920 -0.953649
vn -0.000001 0.353796 -0.935323
vn -0.000001 0.667944 -0.744212
vn -0.000001 0.999844 -0.017641
vn -0.000001 0.999844 0.017641
vn 0.000000 -0.221531 -0.975153
vn 0.000000 -0.193283 -0.981143
vn 0.000000 -0.193283 0.981143
vn 0.000000 -0.182441 -0.983217
vn 0.000000 -0.182441 0.983217
vn 0.000000 -0.172340 0.985038
vn 0.000000 -0.131379 -0.991332
vn 0.000000 -0.131379 0.991332
vn 0.000000 -0.113482 -0.993540
vn 0.000000 -0.110989 -0.993822
vn 0.000000 -0.110989 0.993822
vn 0.000000 -0.098080 0.995179
vn 0.000000 -0.072960 -0.997335
vn 0.000000 -0.072960 0.997335
vn 0.000000 -0.070977 -0.997478
vn 0.000000 -0.069173 0.997605
vn 0.000000 -0.059354 -0.998237
vn 0.000000 -0.059354 0.998237
vn 0.000000 -0.054251 -0.998527
vn 0.000000 -0.054251 0.998527
vn 0.000000 -0.051236 -0.998687
vn 0.000000 -0.051236 0.998687
vn 0.000000 -0.049978 -0.998750
vn 0.000000 -0.049978 0.998750
vn 0.000000 -0.049334 -0.998782
vn 0.000000 -0.049334 0.998782
vn 0.000000 -0.049186 -0.998790
vn 0.000000 -0.049186 0.998790
vn 0.000000 -0.047547 -0.998869
vn 0.000000 -0.047547 0.998869
vn 0.000000 -0.047546 -0.998869
vn 0.000000 -0.047546 0.998869
vn 0.000000 -0.046230 -0.998931
vn 0.000000 -0.046230 0.998931
vn 0.000000 -0.045739 -0.998953
vn 0.000000 -0.045739 0.998953
vn 0.000000 -0.044731 -0.998999
vn 0.000000 -0.044731 0.998999
vn 0.000000 -0.040851 -0.999165
vn 0.000000 -0.040851 0.999165
vn 0.000000 -0.038593 -0.999255
vn 0.000000 -0.038593 0.999255
vn 0.000000 -0.036846 -0.999321
vn 0.000000 -0.036846 0.999321
vn 0.000000 -0.036845 -0.999321
vn 0.000000 -0.036845 0.999321
vn 0.000000 -0.033738 -0.999431
vn 0.000000 -0.033738 0.999431
vn 0.000000 -0.031804 -0.999494
vn 0.000000 -0.031804 0.999494
vn 0.000000 -0.031027 -0.999519
vn 0.000000 -0.031027 0.999519
vn 0.000000 -0.031026 -0.999519
vn 0.000000 -0.031026 0.999519
vn 0.000000 -0.030912 -0.999522
vn 0.000000 -0.030912 0.999522
vn 0.000000 -0.027223 -0.999629
vn 0.000000 -0.027223 0.999629
vn 0.000000 -0.013899 -0.999903
vn 0.000000 -0.013431 0.999910
vn 0.000000 -0.001160 -0.999999
vn 0.000000 0.002399 0.999997
vn 0.000000 0.006338 -0.999980
vn 0.000000 0.006338 0.999980
vn 0.000000 0.010028 -0.999950
vn 0.000000 0.020931 -0.999781
vn 0.000000 0.021274 0.999774
vn 0.000000 0.023232 0.999730
vn 0.000000 0.025287 0.999680
vn 0.000000 0.028284 -0.999600
vn 0.000000 0.028284 0.999600
vn 0.000000 0.029163 -0.999575
vn 0.000000 0.034863 -0.999392
vn 0.000000 0.045030 0.998986
vn 0.000000 0.049394 0.998779
vn 0.000000 0.052893 -0.998600
vn 0.000000 0.055537 0.998457
vn 0.000000 0.056070 -0.998427
vn 0.000000 0.060085 -0.998193
vn 0.000000 0.063657 -0.997972
vn 0.000000 0.063657 0.997972
vn 0.000000 0.072680 0.997355
vn 0.000000 0.075975 0.997110
vn 0.000000 0.087584 0.996157
vn 0.000000 0.092020 -0.995757
vn 0.000000 0.095177 -0.995460
vn 0.000000 0.110708 -0.993853
vn 0.000000 0.112527 -0.993649
vn 0.000000 0.112527 0.993649
vn 0.000000 0.113106 0.993583
vn 0.000000 0.118459 -0.992959
vn 0.000000 0.118459 0.992959
vn 0.000000 0.163446 -0.986552
vn 0.000000 0.163446 0.986552
vn 0.000000 0.203107 -0.979157
vn 0.000000 0.203107 0.979157
vn 0.000000 0.214511 -0.976721
vn 0.000000 0.215092 0.976594
vn 0.000000 0.570356 0.821398
vn 0.000000 0.570357 -0.821397
vn 0.000000 0.667944 0.744212
vn 0.000000 0.966799 -0.255539
vn 0.000000 0.966799 0.255539
vn 0.000000 0.969199 -0.246279
vn 0.000000 0.969199 0.246279
vn 0.000001 -0.999624 0.027421
vn 0.000001 -0.942980 0.332849
vn 0.000001 -0.848422 -0.529320
vn 0.000001 -0.581499 -0.813547
vn 0.000001 -0.477491 -0.878636
vn 0.000001 -0.326143 -0.945320
vn 0.000001 -0.001170 -0.999999
vn 0.000001 0.228508 0.973542
vn 0.000001 0.246514 0.969139
vn 0.000001 0.300920 0.953649
vn 0.000001 0.353796 0.935323
vn 0.000001 0.999066 0.043211
vn 0.000002 -0.997630 -0.068802
vn 0.000002 -0.979745 0.200247
vn 0.000002 -0.464310 0.885673
vn 0.000002 0.999490 0.031945
vn 0.000004 -0.767725 0.640780
vn 0.000010 -0.030930 -0.999522
vn 0.000010 -0.030930 0.999522
vn 0.000105 -0.031060 -0.999518
vn 0.000105 -0.031060 0.999518
vn 0.000480 -0.031405 -0.999507
vn 0.000480 -0.031405 0.999507
vn 0.000480 -0.031404 -0.999507
vn 0.000480 -0.031404 0.999507
vn 0.001453 -0.032008 -0.999487
vn 0.001453 -0.032008 0.999487
vn 0.002998 -0.033054 -0.999449
vn 0.002998 -0.033054 0.999449
vn 0.002999 -0.033054 -0.999449
vn 0.004011 -0.035113 -0.999375
vn 0.004011 -0.035112 -0.999375
vn 0.004011 -0.035112 0.999375
vn 0.005521 -0.038756 0.999233
vn 0.005661 -0.039060 -0.999221
vn 0.005661 -0.039060 0.999221
vn 0.005662 -0.039060 -0.999221
vn 0.007192 -0.038328 -0.999239
vn 0.008447 -0.045898 -0.998910
vn 0.008447 -0.045898 0.998910
vn 0.009199 -0.731346 -0.681945
vn 0.009199 -0.731346 0.681945
vn 0.016533 -0.055713 0.998310
vn 0.016533 -0.055712 -0.998310
vn 0.016533 -0.055712 0.998310
vn 0.016534 -0.055712 -0.998310
vn 0.020336 0.024464 -0.999494
vn 0.023907 0.026935 0.999351
vn 0.025941 0.938746 0.343632
vn 0.025945 0.938746 -0.343633
vn 0.033532 -0.056595 -0.997834
vn 0.033532 -0.056595 0.997834
vn 0.033533 -0.056595 0.997834
vn 0.045794 -0.046821 -0.997853
vn 0.045794 -0.046821 0.997853
vn 0.045794 -0.046820 -0.997853
vn 0.045794 -0.046820 0.997853
vn 0.051953 -0.035374 -0.998023
vn 0.051953 -0.035374 0.998023
vn 0.051954 -0.035375 -0.998023
vn 0.051954 -0.035374 0.998023
vn 0.061090 -0.029024 -0.997710
vn 0.061091 -0.029024 -0.997710
vn 0.061091 -0.029024 0.997710
vn 0.061091 -0.029023 0.997710
vn 0.093258 -0.157379 0.983125
vn 0.099416 -0.158180 -0.982393
vn 0.107443 -0.041330 -0.993352
vn 0.107443 -0.041330 0.993352
vn 0.107444 -0.041330 -0.993352
vn 0.107444 -0.041330 0.993352
vn 0.125553 -0.411991 -0.902497
vn 0.125553 -0.411991 0.902496
vn 0.125553 -0.411991 0.902497
vn 0.125554 -0.411991 -0.902496
vn 0.127141 0.085110 -0.988226
vn 0.129982 0.087978 0.987606
vn 0.135822 -0.020847 0.990514
vn 0.136921 -0.436770 0.889092
vn 0.136931 -0.436764 -0.889093
vn 0.137284 -0.014609 -0.990424
vn 0.175782 0.319864 0.931014
vn 0.175782 0.319865 -0.931014
vn 0.175783 0.319864 -0.931014
vn 0.175783 0.319864 0.931014
vn 0.182255 0.316193 -0.931024
vn 0.182255 0.316193 0.931024
vn 0.203825 -0.979007 0.000000
vn 0.204212 -0.928375 -0.310510
vn 0.204212 -0.928375 0.310510
vn 0.204213 -0.928375 -0.310510
vn 0.204213 -0.928375 0.310510
vn 0.210182 0.181313 -0.960702
vn 0.210812 0.182081 0.960419
vn 0.218631 0.288813 -0.932088
vn 0.218631 0.288813 0.932088
vn 0.222150 0.299299 -0.927938
vn 0.222150 0.299299 0.927938
vn 0.222150 0.299300 -0.927938
vn 0.228261 0.069700 -0.971102
vn 0.235249 0.030760 -0.971448
vn 0.235825 -0.349487 0.906778
vn 0.236204 -0.349555 -0.906653
vn 0.236296 -0.062361 -0.969678
vn 0.240505 0.028503 -0.970229
vn 0.241775 -0.066550 0.968047
vn 0.241876 -0.084811 -0.966593
vn 0.241876 -0.084811 0.966594
vn 0.242900 0.898176 -0.366443
vn 0.242925 0.898183 0.366409
vn 0.245043 0.292234 -0.924420
vn 0.245044 0.292234 0.924420
vn 0.246314 0.086576 -0.965315
vn 0.251985 -0.742476 0.620672
vn 0.251985 -0.742475 -0.620672
vn 0.251985 -0.742475 0.620672
vn 0.251986 -0.742475 -0.620672
vn 0.255638 -0.015331 0.966651
vn 0.256775 -0.911860 0.320278
vn 0.256777 -0.947194 -0.192066
vn 0.256777 -0.947194 0.192064
vn 0.256777 -0.911861 -0.320273
vn 0.262087 -0.743545 -0.615184
vn 0.262087 -0.743543 0.615187
vn 0.262088 -0.820955 0.507289
vn 0.262089 -0.820955 -0.507289
vn 0.265145 0.223973 0.937835
vn 0.265145 0.223974 -0.937835
vn 0.267178 -0.961364 0.066300
vn 0.267179 -0.961364 -0.066300
vn 0.269858 0.278530 0.921736
vn 0.269859 0.278531 -0.921736
vn 0.270563 0.665124 -0.695992
vn 0.270563 0.665124 0.695992
vn 0.270563 0.665125 -0.695992
vn 0.274833 0.226702 -0.934384
vn 0.274833 0.226702 0.934384
vn 0.274833 0.226703 -0.934384
vn 0.276145 0.005209 -0.961102
vn 0.278847 0.011506 -0.960267
vn 0.282792 0.664798 -0.691428
vn 0.282792 0.664798 -0.691427
vn 0.282792 0.664798 0.691428
vn 0.282917 0.014329 0.959037
vn 0.284597 0.206517 -0.936138
vn 0.284598 0.206518 0.936138
vn 0.306473 0.181777 -0.934361
vn 0.306474 0.181778 0.934361
vn 0.308224 -0.451467 0.837362
vn 0.308225 -0.451466 -0.837362
vn 0.308226 -0.562143 -0.767458
vn 0.308227 -0.562143 0.767458
vn 0.309839 0.088043 -0.946704
vn 0.309841 0.088044 0.946703
vn 0.311971 0.000610 -0.950092
vn 0.312770 0.015168 0.949708
vn 0.314917 -0.520643 -0.793573
vn 0.317412 0.529586 -0.786631
vn 0.317414 0.529582 0.786633
vn 0.317858 0.883500 0.344083
vn 0.317858 0.883501 -0.344083
vn 0.317858 0.883501 0.344083
vn 0.317859 0.883500 -0.344083
vn 0.325475 0.636960 -0.698819
vn 0.325475 0.636960 0.698819
vn 0.325697 -0.248721 -0.912173
vn 0.325947 0.144131 -0.934337
vn 0.325947 0.144131 0.934336
vn 0.326265 0.882806 0.337941
vn 0.326265 0.882807 -0.337941
vn 0.326265 0.882807 0.337941
vn 0.327757 0.944762 0.000000
vn 0.332251 0.135096 -0.933466
vn 0.332251 0.135096 0.933466
vn 0.332252 0.135095 -0.933466
vn 0.332252 0.135096 0.933466
vn 0.333086 0.942896 0.000000
vn 0.334913 -0.001973 -0.942247
vn 0.337006 -0.014837 -0.941386
vn 0.337006 -0.014837 0.941386
vn 0.338202 0.044412 0.940025
vn 0.340235 0.096976 0.935327
vn 0.340236 0.096976 -0.935326
vn 0.340723 -0.190490 0.920664
vn 0.344484 -0.198710 0.917521
vn 0.344487 -0.322785 -0.881554
vn 0.344487 -0.322785 0.881555
vn 0.344488 -0.198709 -0.917520
vn 0.345268 -0.121994 -0.930541
vn 0.346305 -0.007627 -0.938091
vn 0.346822 0.060933 0.935950
vn 0.347223 0.032204 0.937230
vn 0.347649 0.013082 0.937534
vn 0.347650 0.053225 0.936112
vn 0.348552 -0.076618 -0.934153
vn 0.348553 -0.076618 0.934152
vn 0.348766 -0.103864 0.931437
vn 0.348781 0.052672 0.935723
vn 0.348782 0.052672 -0.935723
vn 0.349194 -0.002813 0.937046
vn 0.350933 -0.017537 -0.936236
vn 0.351210 -0.016903 0.936144
vn 0.352403 -0.072413 -0.933043
vn 0.352670 0.021076 -0.935510
vn 0.352671 0.021076 0.935510
vn 0.352735 -0.029615 -0.935255
vn 0.352735 -0.029615 0.935255
vn 0.352739 -0.109391 -0.929306
vn 0.352739 -0.109391 0.929305
vn 0.352783 -0.070245 0.933065
vn 0.352966 -0.051909 0.934195
vn 0.352967 -0.179662 -0.918224
vn 0.352967 -0.179662 0.918224
vn 0.352968 -0.051909 -0.934194
vn 0.353279 -0.431520 0.830051
vn 0.353655 -0.040119 -0.934515
vn 0.353655 -0.040119 0.934515
vn 0.353764 -0.059846 -0.933418
vn 0.353764 -0.059846 0.933418
vn 0.353849 0.000783 -0.935302
vn 0.353850 0.000783 0.935302
vn 0.353863 -0.127982 -0.926499
vn 0.353863 -0.127982 0.926499
vn 0.354077 -0.054823 -0.933608
vn 0.354077 -0.054823 0.933608
vn 0.354097 -0.047144 -0.934020
vn 0.354097 -0.047144 0.934020
vn 0.354238 -0.051839 -0.933717
vn 0.354238 -0.051839 0.933717
vn 0.354260 -0.049984 -0.933810
vn 0.354260 -0.049984 0.933810
vn 0.354281 -0.050588 -0.933770
vn 0.354281 -0.050588 0.933770
vn 0.354293 -0.049791 -0.933808
vn 0.354294 -0.049791 -0.933808
vn 0.354294 -0.049791 0.933808
vn 0.354320 -0.048132 -0.933885
vn 0.354320 -0.048131 -0.933885
vn 0.354320 -0.048131 0.933885
vn 0.354365 -0.045282 -0.934010
vn 0.354365 -0.045282 0.934010
vn 0.354424 -0.041355 -0.934170
vn 0.354424 -0.041354 -0.934170
vn 0.354424 -0.041354 0.934170
vn 0.354483 -0.037300 -0.934318
vn 0.354483 -0.037300 0.934318
vn 0.354483 -0.037299 -0.934318
vn 0.354483 -0.037299 0.934318
vn 0.354526 -0.034153 -0.934422
vn 0.354526 -0.034153 0.934422
vn 0.354552 -0.032195 -0.934482
vn 0.354552 -0.032195 0.934482
vn 0.354563 -0.031408 -0.934504
vn 0.354563 -0.031408 0.934504
vn 0.354565 -0.031292 -0.934508
vn 0.354565 -0.031292 -0.934507
vn 0.354565 -0.031292 0.934507
vn 0.354565 -0.031292 0.934508
vn 0.354565 -0.031291 -0.934508
vn 0.354627 -0.031401 -0.934480
vn 0.354627 -0.031401 0.934480
vn 0.355109 -0.032187 -0.934271
vn 0.355109 -0.032187 0.934271
vn 0.355109 -0.032186 -0.934271
vn 0.355110 -0.032187 0.934270
vn 0.355222 0.243578 0.902489
vn 0.355223 0.243578 -0.902489
vn 0.355223 0.243578 0.902489
vn 0.356712 -0.034301 -0.933585
vn 0.356712 -0.034301 0.933585
vn 0.358097 0.626650 0.692153
vn 0.358097 0.626651 -0.692153
vn 0.358097 0.626651 0.692153
vn 0.360632 -0.038114 -0.931929
vn 0.360632 -0.038114 0.931929
vn 0.360633 -0.038114 -0.931929
vn 0.360633 -0.038114 0.931929
vn 0.367873 -0.042438 -0.928907
vn 0.367873 -0.042438 0.928907
vn 0.367873 -0.042437 -0.928907
vn 0.370983 -0.453675 -0.810278
vn 0.370983 -0.453675 0.810278
vn 0.370983 -0.453674 -0.810278
vn 0.370984 -0.453674 0.810278
vn 0.372559 0.047082 -0.926813
vn 0.372559 0.047082 0.926813
vn 0.376665 -0.038030 -0.925569
vn 0.376665 -0.038030 0.925569
vn 0.382750 -0.011588 -0.923779
vn 0.382750 -0.011588 0.923779
vn 0.382868 0.855178 0.349402
vn 0.382869 0.855178 -0.349402
vn 0.382869 0.855178 0.349402
vn 0.396799 0.917906 0.000000
vn 0.404815 0.618174 0.673785
vn 0.404815 0.618176 -0.673783
vn 0.405711 -0.097496 -0.908787
vn 0.407450 -0.096506 0.908114
vn 0.422124 0.841619 0.336880
vn 0.422124 0.841620 -0.336880
vn 0.422124 0.841620 0.336880
vn 0.423175 -0.069609 0.903370
vn 0.433427 0.901189 0.000000
vn 0.437836 -0.054120 -0.897424
vn 0.446175 0.070502 -0.892164
vn 0.447166 0.071405 0.891597
vn 0.461957 0.566695 -0.682241
vn 0.461957 0.566695 0.682241
vn 0.488484 -0.164904 -0.856849
vn 0.488484 -0.164904 0.856849
vn 0.488484 -0.164903 0.856849
vn 0.490452 0.160820 -0.856501
vn 0.490480 0.160835 0.856482
vn 0.493327 -0.680779 0.541449
vn 0.493331 -0.748662 -0.442865
vn 0.493331 -0.680779 -0.541446
vn 0.493332 -0.748662 0.442865
vn 0.494328 0.514635 -0.700565
vn 0.494328 0.514635 0.700565
vn 0.501335 -0.864797 0.028096
vn 0.503813 -0.035424 0.863086
vn 0.503834 -0.035360 -0.863077
vn 0.510670 -0.698986 -0.500635
vn 0.510670 -0.698986 0.500635
vn 0.510670 -0.698985 -0.500635
vn 0.510670 -0.698985 0.500635
vn 0.511052 0.842941 0.168156
vn 0.511053 0.842941 -0.168154
vn 0.526100 0.777672 0.344157
vn 0.526100 0.777673 -0.344157
vn 0.538337 -0.064279 -0.840274
vn 0.543337 0.019440 -0.839290
vn 0.543779 0.839228 0.000000
vn 0.545497 0.133929 0.827343
vn 0.545498 0.133928 -0.827342
vn 0.546276 0.016604 0.837441
vn 0.550319 -0.004864 -0.834940
vn 0.551970 -0.316404 -0.771503
vn 0.551971 -0.316403 0.771503
vn 0.554038 -0.788756 -0.266280
vn 0.554038 -0.788756 0.266280
vn 0.557040 0.828879 -0.051642
vn 0.557040 0.828879 0.051642
vn 0.562570 -0.764217 0.315416
vn 0.562572 -0.764216 -0.315414
vn 0.562574 -0.800279 0.207519
vn 0.562575 -0.800278 -0.207519
vn 0.571265 -0.820766 0.000000
vn 0.572806 0.117771 -0.811186
vn 0.573536 0.134043 -0.808139
vn 0.573536 0.134043 0.808139
vn 0.573537 0.134043 -0.808139
vn 0.573537 0.134044 0.808139
vn 0.573751 0.117665 0.810534
vn 0.586440 -0.808073 0.055727
vn 0.586442 -0.808072 -0.055728
vn 0.590102 0.806158 -0.043450
vn 0.590102 0.806158 0.043450
vn 0.592735 -0.077400 -0.801670
vn 0.594114 0.123954 0.794773
vn 0.594115 0.123955 -0.794772
vn 0.599376 -0.128957 -0.790012
vn 0.600045 -0.128494 0.789579
vn 0.602010 0.128701 -0.788048
vn 0.602010 0.128701 0.788048
vn 0.603269 0.137933 0.785519
vn 0.603339 0.137934 -0.785466
vn 0.607170 0.794396 0.016704
vn 0.607171 0.794396 -0.016705
vn 0.612391 0.790555 0.000001
vn 0.615800 -0.447974 0.648158
vn 0.615801 -0.532711 -0.580524
vn 0.615802 -0.532711 0.580523
vn 0.615803 -0.447973 -0.648157
vn 0.619225 0.705562 -0.344590
vn 0.619225 0.705562 0.344590
vn 0.640730 0.314217 0.700523
vn 0.640731 0.314217 -0.700523
vn 0.642699 0.111712 -0.757930
vn 0.642699 0.111712 0.757930
vn 0.649089 -0.054055 -0.758789
vn 0.649813 0.760094 0.000000
vn 0.651562 0.027854 -0.758084
vn 0.651864 -0.498368 -0.571579
vn 0.651865 -0.498368 0.571578
vn 0.651865 -0.498367 0.571579
vn 0.656309 0.432485 -0.618236
vn 0.656309 0.432485 0.618235
vn 0.656309 0.432485 0.618236
vn 0.660360 0.012338 -0.750848
vn 0.660360 0.012339 0.750848
vn 0.671106 0.083777 -0.736612
vn 0.671107 0.083777 0.736612
vn 0.681319 -0.034121 -0.731191
vn 0.682203 -0.215488 0.698687
vn 0.682204 -0.309363 -0.662489
vn 0.682204 -0.309363 0.662489
vn 0.682205 -0.215487 -0.698686
vn 0.688077 -0.045956 -0.724181
vn 0.688077 -0.045956 0.724181
vn 0.688423 0.458377 0.562107
vn 0.688445 0.458389 -0.562070
vn 0.689313 0.049758 -0.722753
vn 0.689313 0.049758 0.722753
vn 0.690579 -0.033134 0.722497
vn 0.690833 -0.017234 -0.722809
vn 0.691482 -0.008179 0.722347
vn 0.692531 -0.009677 0.721323
vn 0.695394 -0.015337 0.718465
vn 0.695447 -0.013476 0.718451
vn 0.696084 -0.025538 -0.717506
vn 0.698896 -0.019050 0.714969
vn 0.699522 0.019494 0.714345
vn 0.699523 0.019494 -0.714344
vn 0.699864 -0.081520 0.709609
vn 0.699864 -0.081519 -0.709609
vn 0.700947 -0.072142 0.709555
vn 0.700952 -0.072141 -0.709550
vn 0.701886 -0.027892 -0.711743
vn 0.702111 -0.027048 0.711554
vn 0.702155 -0.069540 -0.708620
vn 0.702155 -0.069540 0.708621
vn 0.702156 -0.166160 -0.692364
vn 0.702156 -0.166159 0.692364
vn 0.702902 -0.031431 0.710592
vn 0.704077 -0.001195 -0.710122
vn 0.704077 -0.001195 0.710122
vn 0.704168 -0.036115 -0.709114
vn 0.704168 -0.036115 0.709114
vn 0.704256 -0.100444 -0.702804
vn 0.704256 -0.100444 0.702804
vn 0.705319 -0.016681 -0.708694
vn 0.705320 -0.016681 0.708693
vn 0.705343 -0.114101 -0.699623
vn 0.705343 -0.114101 0.699623
vn 0.705343 -0.043809 -0.707511
vn 0.705343 -0.043809 0.707511
vn 0.705715 -0.071961 -0.704832
vn 0.705818 -0.069529 0.704973
vn 0.705883 -0.059480 -0.705827
vn 0.705883 -0.059480 0.705827
vn 0.705913 -0.048896 -0.706609
vn 0.705913 -0.048896 0.706609
vn 0.706063 -0.055119 -0.706001
vn 0.706063 -0.055119 0.706001
vn 0.706106 -0.125374 -0.696918
vn 0.706143 -0.050913 -0.706237
vn 0.706143 -0.050913 0.706237
vn 0.706165 -0.052495 -0.706099
vn 0.706165 -0.052495 0.706099
vn 0.706180 -0.051375 -0.706166
vn 0.706180 -0.051375 0.706166
vn 0.706201 -0.050587 -0.706202
vn 0.706201 -0.050587 0.706201
vn 0.706201 -0.050587 0.706202
vn 0.706261 -0.048902 -0.706261
vn 0.706261 -0.048902 0.706261
vn 0.706358 -0.046007 -0.706358
vn 0.706358 -0.046007 0.706358
vn 0.706482 -0.042018 -0.706482
vn 0.706482 -0.042018 0.706482
vn 0.706483 -0.042018 -0.706482
vn 0.706599 -0.037898 -0.706599
vn 0.706599 -0.037898 0.706599
vn 0.706681 -0.034701 -0.706681
vn 0.706681 -0.034701 0.706681
vn 0.706681 -0.034700 -0.706681
vn 0.706728 -0.032711 0.706728
vn 0.706729 -0.032711 -0.706728
vn 0.706729 -0.032711 0.706728
vn 0.706747 -0.031911 -0.706747
vn 0.706747 -0.031911 0.706747
vn 0.706749 -0.031793 -0.706749
vn 0.706749 -0.031793 0.706749
vn 0.706749 -0.031792 -0.706749
vn 0.706749 -0.031792 0.706749
vn 0.706750 -0.031793 -0.706749
vn 0.706750 -0.031793 0.706749
vn 0.706810 -0.032102 -0.706675
vn 0.706810 -0.032102 0.706674
vn 0.706810 -0.032102 0.706675
vn 0.707272 -0.034334 -0.706107
vn 0.707272 -0.034334 0.706107
vn 0.707272 -0.034333 0.706107
vn 0.707523 -0.106009 0.698694
vn 0.707866 -0.256902 -0.657972
vn 0.708767 -0.040370 -0.704287
vn 0.708767 -0.040370 0.704286
vn 0.708767 -0.040370 0.704287
vn 0.712417 -0.051342 -0.699876
vn 0.712417 -0.051342 0.699875
vn 0.712417 -0.051342 0.699876
vn 0.714102 -0.044569 0.698621
vn 0.717142 -0.197430 0.668378
vn 0.719349 -0.065140 0.691587
vn 0.719349 -0.065139 -0.691588
vn 0.719349 -0.065139 0.691588
vn 0.719350 -0.065139 -0.691587
vn 0.722783 0.109757 -0.682304
vn 0.722783 0.109757 0.682304
vn 0.727572 -0.055719 0.683765
vn 0.729076 -0.062600 -0.681563
vn 0.729076 -0.062600 0.681563
vn 0.729077 -0.062600 -0.681563
vn 0.729077 -0.062600 0.681563
vn 0.730323 -0.475549 -0.490390
vn 0.731496 0.607516 -0.309576
vn 0.731496 0.607516 0.309576
vn 0.737471 -0.014045 -0.675233
vn 0.737471 -0.014045 -0.675232
vn 0.737471 -0.014045 0.675232
vn 0.737471 -0.014045 0.675233
vn 0.756060 -0.388247 0.526914
vn 0.761748 0.647873 0.000000
vn 0.761772 -0.254327 -0.595837
vn 0.761772 -0.254327 0.595837
vn 0.788553 -0.006102 -0.614936
vn 0.797538 -0.542970 -0.262903
vn 0.797538 -0.542970 0.262902
vn 0.797538 -0.542970 0.262903
vn 0.797538 -0.542969 -0.262902
vn 0.804316 -0.485598 -0.342447
vn 0.804316 -0.485598 0.342447
vn 0.804316 -0.179519 -0.566435
vn 0.804317 -0.528010 -0.272543
vn 0.804317 -0.528010 0.272544
vn 0.821251 0.006302 0.570532
vn 0.821251 0.006303 -0.570532
vn 0.821251 0.006303 0.570532
vn 0.821252 0.006302 -0.570532
vn 0.823504 -0.229987 -0.518601
vn 0.823528 -0.230055 0.518532
vn 0.825678 -0.564142 0.000000
vn 0.825678 -0.564141 0.000000
vn 0.826847 -0.113246 -0.550908
vn 0.828551 0.558633 0.037850
vn 0.828570 0.558614 -0.037704
vn 0.829783 0.249378 -0.499270
vn 0.829783 0.249378 0.499271
vn 0.829783 0.249379 0.499270
vn 0.836572 0.425285 0.345368
vn 0.836573 0.425285 -0.345368
vn 0.847671 0.526975 -0.061238
vn 0.847699 0.526928 0.061268
vn 0.851628 -0.522904 0.036061
vn 0.851629 -0.522903 -0.036061
vn 0.852601 -0.165727 -0.495587
vn 0.859587 -0.006552 -0.510947
vn 0.859587 -0.006552 0.510947
vn 0.860241 0.209043 -0.465067
vn 0.863235 0.209088 0.459464
vn 0.863264 0.503530 -0.035107
vn 0.863275 0.503513 0.035094
vn 0.870201 0.492539 -0.012473
vn 0.870201 0.492540 0.012468
vn 0.872205 0.489141 0.000000
vn 0.890076 -0.455540 0.015752
vn 0.890550 0.454886 0.000000
vn 0.896678 -0.110799 -0.428593
vn 0.901674 -0.284449 0.325689
vn 0.901674 -0.284448 -0.325688
vn 0.901674 -0.237047 -0.361654
vn 0.901674 -0.237046 0.361653
vn 0.901809 0.008610 -0.432049
vn 0.901809 0.008610 0.432049
vn 0.906082 -0.066073 -0.417911
vn 0.908203 -0.049334 0.415613
vn 0.908204 -0.049334 -0.415610
vn 0.908444 -0.092935 0.407545
vn 0.908668 -0.105001 0.404101
vn 0.912353 -0.304118 -0.274089
vn 0.912353 -0.304118 0.274090
vn 0.912353 -0.304117 -0.274089
vn 0.912353 -0.304117 0.274089
vn 0.914403 0.094605 -0.393595
vn 0.915927 -0.071970 0.394840
vn 0.917789 0.294867 -0.265925
vn 0.917789 0.294867 0.265925
vn 0.917789 0.294868 -0.265925
vn 0.917789 0.294868 0.265926
vn 0.918162 0.086314 0.386689
vn 0.918750 0.002761 -0.394830
vn 0.918750 0.002761 0.394830
vn 0.919041 -0.068663 -0.388136
vn 0.920868 -0.096907 0.377639
vn 0.921428 -0.052711 -0.384956
vn 0.921428 -0.052711 0.384957
vn 0.923638 -0.053395 0.379529
vn 0.924321 0.003626 0.381598
vn 0.926960 -0.011000 -0.375000
vn 0.926960 -0.011000 0.374999
vn 0.928353 -0.046216 -0.368815
vn 0.928409 -0.140071 -0.344147
vn 0.928409 -0.140071 0.344147
vn 0.928409 -0.091500 -0.360117
vn 0.928409 -0.091500 0.360116
vn 0.928663 -0.065934 -0.365018
vn 0.928663 -0.065934 0.365018
vn 0.928855 -0.041959 0.368059
vn 0.931046 -0.023094 0.364170
vn 0.931047 -0.023094 -0.364169
vn 0.931650 -0.039817 0.361168
vn 0.931657 -0.040338 -0.361093
vn 0.931760 -0.075708 0.355095
vn 0.931760 -0.075707 -0.355094
vn 0.931872 -0.197160 -0.304537
vn 0.932739 -0.030876 0.359227
vn 0.932740 -0.030876 -0.359226
vn 0.932832 -0.043318 -0.357698
vn 0.932832 -0.043318 0.357698
vn 0.932863 -0.040654 -0.357929
vn 0.932863 -0.040654 0.357929
vn 0.932879 -0.089563 -0.348876
vn 0.932880 -0.089562 0.348876
vn 0.932910 -0.081014 -0.350879
vn 0.932910 -0.081014 0.350879
vn 0.933065 0.024887 -0.358845
vn 0.933398 -0.046997 -0.355753
vn 0.933398 -0.046997 0.355752
vn 0.933657 -0.049385 -0.354748
vn 0.933657 -0.049385 0.354748
vn 0.933762 -0.050276 -0.354347
vn 0.933762 -0.050276 0.354347
vn 0.933782 -0.050512 -0.354258
vn 0.933782 -0.050512 0.354258
vn 0.933803 -0.051227 -0.354102
vn 0.933803 -0.051227 0.354102
vn 0.933808 -0.049791 -0.354294
vn 0.933808 -0.049791 0.354294
vn 0.933842 -0.052810 -0.353767
vn 0.933842 -0.052810 0.353767
vn 0.933885 -0.048131 -0.354321
vn 0.933885 -0.048131 0.354320
vn 0.933953 -0.055392 -0.353078
vn 0.933953 -0.055392 0.353078
vn 0.934010 -0.045282 -0.354365
vn 0.934010 -0.045282 0.354365
vn 0.934170 -0.041354 -0.354424
vn 0.934170 -0.041354 0.354424
vn 0.934318 -0.037300 -0.354483
vn 0.934318 -0.037300 0.354483
vn 0.934318 -0.037299 -0.354483
vn 0.934318 -0.037299 0.354483
vn 0.934422 -0.034153 -0.354525
vn 0.934422 -0.034153 0.354526
vn 0.934439 -0.062027 0.350680
vn 0.934482 -0.032195 -0.354552
vn 0.934482 -0.032195 0.354551
vn 0.934492 -0.063710 -0.350237
vn 0.934504 -0.031408 -0.354563
vn 0.934505 -0.031408 -0.354563
vn 0.934505 -0.031408 0.354563
vn 0.934508 -0.031292 -0.354565
vn 0.934508 -0.031292 0.354565
vn 0.934514 -0.031787 -0.354504
vn 0.934514 -0.031787 0.354505
vn 0.934564 -0.035360 -0.354033
vn 0.934564 -0.035360 0.354033
vn 0.934742 -0.045052 -0.352460
vn 0.934742 -0.045052 0.352460
vn 0.935088 0.130800 -0.329395
vn 0.935088 0.130800 0.329395
vn 0.935088 0.130801 -0.329395
vn 0.935088 0.130801 0.329395
vn 0.935179 -0.062749 -0.348573
vn 0.935179 -0.062749 0.348573
vn 0.936092 -0.086045 -0.341068
vn 0.936092 -0.086045 0.341068
vn 0.936996 -0.240671 -0.253212
vn 0.937030 -0.100592 -0.334449
vn 0.937062 -0.088285 0.337818
vn 0.939232 -0.089665 -0.331365
vn 0.939232 -0.089665 0.331365
vn 0.942088 -0.181445 -0.282043
vn 0.943683 -0.064906 0.324423
vn 0.944752 -0.149130 0.291897
vn 0.945320 -0.032902 -0.324482
vn 0.945320 -0.032902 -0.324481
vn 0.945320 -0.032902 0.324481
vn 0.948066 -0.275642 -0.158723
vn 0.948683 -0.316228 0.000000
vn 0.948683 -0.316227 0.000000
vn 0.950722 0.310044 0.000000
vn 0.950722 0.310044 0.000001
vn 0.952269 -0.303109 -0.036163
vn 0.953434 0.301600 0.000599
vn 0.953904 0.300108 -0.001526
vn 0.954266 0.298947 0.002730
vn 0.955088 -0.241683 0.171452
vn 0.955453 0.295101 -0.005035
vn 0.956039 0.293180 0.005805
vn 0.956704 0.287915 -0.042678
vn 0.957242 0.286313 0.041377
vn 0.957915 -0.284179 0.040508
vn 0.958776 -0.284127 -0.004443
vn 0.958925 -0.218010 -0.181479
vn 0.963812 -0.044147 -0.262902
vn 0.963812 -0.044147 0.262902
vn 0.963812 -0.044147 0.262903
vn 0.963812 -0.044146 -0.262903
vn 0.964102 -0.260275 -0.052576
vn 0.965520 -0.259713 -0.017911
vn 0.965520 -0.259712 0.017911
vn 0.966947 -0.254265 0.019060
vn 0.968269 -0.171476 -0.181800
vn 0.968269 -0.171476 0.181798
vn 0.969725 -0.013540 0.243824
vn 0.969729 -0.058546 -0.237060
vn 0.970187 -0.180376 0.161869
vn 0.971949 -0.173097 -0.159227
vn 0.972734 -0.181819 0.143984
vn 0.980444 -0.136341 0.141916
vn 0.982045 0.150515 -0.113720
vn 0.982455 -0.155451 -0.103040
vn 0.982679 0.140729 0.120570
vn 0.982805 0.184588 0.004717
vn 0.983194 -0.170511 -0.065241
vn 0.983598 0.177365 -0.032797
vn 0.984045 -0.149076 0.097120
vn 0.984186 0.171834 0.043034
vn 0.986551 -0.163129 0.010267
vn 0.988515 0.063800 0.136996
vn 0.991329 0.131400 0.000000
vn 0.993075 0.075552 -0.089961
vn 0.993281 -0.104977 0.048702
vn 0.993319 -0.064831 0.095470
vn 0.993439 -0.114091 0.007868
vn 0.993439 -0.114090 -0.007868
vn 0.993567 0.010490 -0.112759
vn 0.993850 -0.100725 -0.046016
vn 0.994936 -0.100515 0.000000
vn 0.995308 0.094996 0.018363
vn 0.995590 -0.093808 0.000000
vn 0.996365 -0.062027 -0.058395
vn 0.996804 -0.071033 -0.036550
vn 0.996804 -0.071033 0.036550
vn 0.997487 -0.068422 0.018387
vn 0.997716 -0.065602 -0.016101
vn 0.997766 -0.066812 0.000000
vn 0.997901 -0.064596 -0.004494
vn 0.997901 -0.064596 0.004494
vn 0.998331 -0.057582 0.004354
vn 0.998331 -0.057581 -0.004353
vn 0.998403 -0.056223 -0.005484
vn 0.998403 -0.056223 0.005485
vn 0.998480 -0.053368 -0.013781
vn 0.998480 -0.053368 0.013781
vn 0.998510 -0.053960 -0.008089
vn 0.998510 -0.053960 0.008089
vn 0.998627 -0.052025 0.006054
vn 0.998653 -0.051572 -0.005643
vn 0.998725 0.014845 0.048242
vn 0.998756 -0.049855 -0.000328
vn 0.998756 -0.049855 0.000329
vn 0.998759 -0.049804 -0.000044
vn 0.998759 -0.049804 0.000044
vn 0.998760 -0.049771 -0.001041
vn 0.998760 -0.049771 0.001041
vn 0.998764 -0.049649 -0.002497
vn 0.998764 -0.049649 0.002497
vn 0.998790 -0.049186 0.000000
vn 0.998869 -0.047547 0.000000
vn 0.998914 -0.046591 0.000000
vn 0.998999 -0.044731 0.000000
vn 0.999027 -0.044094 0.000000
vn 0.999027 -0.044093 0.000000
vn 0.999077 -0.042951 0.000000
vn 0.999077 -0.042950 0.000000
vn 0.999165 -0.040851 0.000000
vn 0.999321 -0.036846 0.000000
vn 0.999368 -0.035543 0.000000
vn 0.999431 -0.033738 0.000000
vn 0.999494 -0.031804 0.000000
vn 0.999505 -0.031475 0.000000
vn 0.999519 -0.031026 0.000000
vn 0.999522 -0.030912 0.000000
usemtl ZombieCloth
f 1/778/21 2/823/43 3/800/40
f 1/778/21 3/800/40 4/764/46
f 1/778/21 4/764/46 7/680/67
f 1/778/21 5/784/41 2/823/43
f 1/778/21 7/680/67 5/784/41
f 2/823/43 5/784/41 6/845/48
f 2/823/43 6/845/48 19/955/224
f 2/823/43 8/893/66 3/800/40
f 2/823/43 19/955/224 8/893/66
f 3/800/40 8/893/66 12/824/55
f 3/800/40 9/790/51 4/764/46
f 3/800/40 12/824/55 9/790/51
f 4/764/46 9/790/51 11/744/60
f 4/764/46 11/744/60 13/678/88
f 4/764/46 13/678/88 7/680/67
f 5/784/41 7/680/67 10/701/50
f 5/784/41 10/701/50 18/789/56
f 5/784/41 18/789/56 6/845/48
f 6/845/48 14/937/142 19/955/224
f 6/845/48 18/789/56 20/855/54
f 6/845/48 20/855/54 14/937/142
f 7/680/67 13/678/88 42/602/235
f 7/680/67 33/598/229 10/701/50
f 7/680/67 42/602/235 33/598/229
f 8/893/66 16/934/188 12/824/55
f 8/893/66 19/955/224 40/992/341
f 8/893/66 40/992/341 16/934/188
f 9/790/51 12/824/55 26/799/75
f 9/790/51 22/776/70 11/744/60
f 9/790/51 26/799/75 22/776/70
f 10/701/50 17/625/171 21/712/52
f 10/701/50 21/712/52 18/789/56
f 10/701/50 33/598/229 17/625/171
f 11/744/60 22/776/70 25/715/65
f 11/744/60 23/674/175 13/678/88
f 11/744/60 25/715/65 23/674/175
f 12/824/55 15/896/64 28/859/73
f 12/824/55 16/934/188 15/896/64
f 12/824/55 28/859/73 26/799/75
f 13/678/88 23/674/175 42/602/235
f 14/937/142 20/855/54 27/947/59
f 14/937/142 27/947/59 32/1006/322
f 14/937/142 32/1006/322 49/1009/407
f 14/937/142 49/1009/407 19/955/224
f 15/896/64 16/934/188 30/965/215
f 15/896/64 24/932/153 31/930/92
f 15/896/64 30/965/215 24/932/153
f 15/896/64 31/930/92 28/859/73
f 16/934/188 40/992/341 65/1011/383
f 16/934/188 65/1011/383 30/965/215
f 17/625/171 29/634/57 21/712/52
f 17/625/171 34/568/323 29/634/57
f 17/1716/171 33/1715/229 59/1710/408
f 17/1716/171 59/1710/408 34/1713/323
f 18/789/56 21/712/52 45/791/84
f 18/789/56 45/791/84 20/855/54
f 19/1040/224 49/1045/407 336/1100/603
f 19/1040/224 248/1072/586 40/1042/341
f 19/1040/224 336/1100/603 248/1072/586
f 20/855/54 45/791/84 46/871/83
f 20/855/54 46/871/83 27/947/59
f 21/712/52 29/634/57 47/716/82
f 21/712/52 47/716/82 45/791/84
f 22/776/70 26/799/75 39/762/85
f 22/776/70 39/762/85 25/715/65
f 23/674/175 25/715/65 35/644/184
f 23/674/175 35/644/184 60/597/303
f 23/674/175 60/597/303 42/602/235
f 24/932/153 30/965/215 43/977/221
f 24/932/153 43/977/221 31/930/92
f 25/715/65 38/681/63 35/644/184
f 25/715/65 39/762/85 38/681/63
f 26/799/75 28/859/73 44/841/76
f 26/799/75 44/841/76 69/793/196
f 26/799/75 69/793/196 39/762/85
f 27/947/59 36/1016/183 32/1006/322
f 27/947/59 46/871/83 56/968/80
f 27/947/59 56/968/80 36/1016/183
f 28/859/73 31/930/92 41/903/74
f 28/859/73 41/903/74 44/841/76
f 29/634/57 34/568/323 37/564/181
f 29/634/57 37/564/181 57/635/79
f 29/634/57 57/635/79 47/716/82
f 30/965/215 65/1011/383 97/1018/388
f 30/965/215 97/1018/388 43/977/221
f 31/930/92 43/977/221 58/975/208
f 31/930/92 58/975/208 41/903/74
f 32/1006/322 36/1016/183 48/1028/583
f 32/1041/322 48/1043/583 96/1052/628
f 32/1041/322 96/1052/628 49/1045/407
f 33/1715/229 42/1714/235 297/1668/571
f 33/1715/229 297/1668/571 361/1658/606
f 33/1715/229 361/1658/606 59/1710/408
f 34/1713/323 54/1709/581 37/1712/181
f 34/1713/323 59/1710/408 98/1703/629
f 34/1713/323 98/1703/629 54/1709/581
f 35/644/184 38/681/63 52/638/185
f 35/644/184 52/638/185 87/594/319
f 35/644/184 87/594/319 60/597/303
f 36/1016/183 50/1030/387 48/1028/583
f 36/1016/183 56/968/80 66/1029/78
f 36/1016/183 66/1029/78 50/1030/387
f 37/564/181 51/551/384 67/558/77
f 37/564/181 67/558/77 57/635/79
f 37/1712/181 54/1709/581 51/1708/384
f 38/681/63 39/762/85 53/679/53
f 38/681/63 53/679/53 68/627/182
f 38/681/63 68/627/182 52/638/185
f 39/762/85 61/742/86 53/679/53
f 39/762/85 69/793/196 61/742/86
f 40/1042/341 248/1072/586 306/1079/576
f 40/1042/341 306/1079/576 385/1099/587
f 40/1042/341 385/1099/587 65/1046/383
f 41/903/74 55/901/58 44/841/76
f 41/903/74 58/975/208 71/969/195
f 41/903/74 71/969/195 55/901/58
f 42/1714/235 60/1711/303 325/1666/537
f 42/1714/235 325/1666/537 297/1668/571
f 43/977/221 97/1018/388 131/1020/364
f 43/977/221 131/1020/364 58/975/208
f 44/841/76 55/901/58 62/843/81
f 44/841/76 62/843/81 69/793/196
f 45/791/84 47/716/82 158/792/199
f 45/791/84 158/792/199 46/871/83
f 46/871/83 158/792/199 166/891/201
f 46/871/83 166/891/201 56/968/80
f 47/716/82 57/635/79 167/721/200
f 47/716/82 167/721/200 158/792/199
f 48/1043/583 50/1044/387 75/1049/1051
f 48/1043/583 75/1049/1051 159/1066/894
f 48/1043/583 159/1066/894 96/1052/628
f 49/1045/407 96/1052/628 438/1113/801
f 49/1045/407 438/1113/801 336/1100/603
f 50/1030/387 66/1029/78 82/1033/205
f 50/1044/387 70/1047/821 75/1049/1051
f 50/1044/387 82/1050/205 70/1047/821
f 51/551/384 83/550/204 67/558/77
f 51/1708/384 54/1709/581 76/1704/1052
f 51/1708/384 72/1705/820 83/1701/204
f 51/1708/384 76/1704/1052 72/1705/820
f 52/638/185 68/627/182 157/569/320
f 52/638/185 123/575/321 87/594/319
f 52/638/185 157/569/320 123/575/321
f 53/679/53 61/742/86 63/677/47
f 53/679/53 63/677/47 81/608/172
f 53/679/53 81/608/172 68/627/182
f 54/1709/581 98/1703/629 160/1671/898
f 54/1709/581 160/1671/898 76/1704/1052
f 55/901/58 64/902/42 62/843/81
f 55/901/58 71/969/195 84/970/178
f 55/901/58 84/970/178 64/902/42
f 56/968/80 166/891/201 180/980/202
f 56/968/80 180/980/202 66/1029/78
f 57/635/79 67/558/77 181/637/203
f 57/635/79 181/637/203 167/721/200
f 58/975/208 131/1020/364 165/1022/342
f 58/975/208 165/1022/342 71/969/195
f 59/1710/408 361/1658/606 448/1638/802
f 59/1710/408 448/1638/802 98/1703/629
f 60/1711/303 87/1707/319 382/1660/524
f 60/1711/303 382/1660/524 325/1666/537
f 61/742/86 69/793/196 130/777/228
f 61/742/86 77/725/89 63/677/47
f 61/742/86 130/777/228 77/725/89
f 62/843/81 64/902/42 80/847/87
f 62/843/81 80/847/87 134/801/227
f 62/843/81 134/801/227 69/793/196
f 63/677/47 73/675/36 90/604/160
f 63/677/47 77/725/89 73/675/36
f 63/677/47 90/604/160 81/608/172
f 64/902/42 74/904/35 80/847/87
f 64/902/42 84/970/178 91/972/167
f 64/902/42 91/972/167 74/904/35
f 65/1046/383 385/1099/587 453/1105/582
f 65/1046/383 453/1105/582 97/1048/388
f 66/1029/78 180/980/202 210/1031/211
f 66/1029/78 210/1031/211 82/1033/205
f 67/558/77 83/550/204 211/557/212
f 67/558/77 211/557/212 181/637/203
f 68/627/182 81/608/172 196/563/318
f 68/627/182 196/563/318 157/569/320
f 69/2182/196 462/2236/393 130/2254/228
f 69/2465/196 134/2438/227 462/2374/393
f 70/1047/821 82/1050/205 105/1053/374
f 70/1047/821 95/1051/857 114/1056/1116
f 70/1047/821 105/1053/374 95/1051/857
f 70/1047/821 114/1056/1116 75/1049/1051
f 71/969/195 165/1022/342 197/1023/334
f 71/969/195 197/1023/334 84/970/178
f 72/1705/820 94/1699/856 106/1677/373
f 72/1705/820 106/1677/373 83/1701/204
f 72/2369/820 76/2370/1052 113/2340/1117
f 72/2369/820 113/2340/1117 94/2356/856
f 73/675/36 77/725/89 88/717/91
f 73/675/36 79/671/23 104/600/157
f 73/675/36 88/717/91 79/671/23
f 73/675/36 104/600/157 90/604/160
f 74/904/35 78/915/22 89/854/90
f 74/904/35 89/854/90 80/847/87
f 74/904/35 91/972/167 103/974/156
f 74/904/35 103/974/156 78/915/22
f 75/1049/1051 114/1056/1116 259/1089/1059
f 75/1049/1051 259/1089/1059 159/1066/894
f 76/1704/1052 160/1671/898 260/1665/1060
f 76/1704/1052 260/1665/1060 113/1697/1117
f 77/725/89 130/777/228 184/770/243
f 77/725/89 184/770/243 88/717/91
f 78/915/22 85/921/13 101/856/111
f 78/915/22 101/856/111 89/854/90
f 78/915/22 103/974/156 111/973/149
f 78/915/22 111/973/149 85/921/13
f 79/671/23 86/670/14 112/599/150
f 79/671/23 88/717/91 102/714/108
f 79/671/23 102/714/108 86/670/14
f 79/671/23 112/599/150 104/600/157
f 80/847/87 89/854/90 185/809/232
f 80/847/87 185/809/232 134/801/227
f 81/608/172 90/604/160 228/561/316
f 81/608/172 228/561/316 196/563/318
f 82/1033/205 210/1031/211 246/1038/213
f 82/1033/205 246/1038/213 105/1035/374
f 83/550/204 106/547/373 247/548/214
f 83/550/204 247/548/214 211/557/212
f 84/970/178 197/1023/334 229/1027/317
f 84/970/178 229/1027/317 91/972/167
f 85/921/13 92/925/15 109/858/123
f 85/921/13 109/858/123 101/856/111
f 85/921/13 111/973/149 121/971/140
f 85/921/13 121/971/140 92/925/15
f 86/670/14 93/669/16 122/601/141
f 86/670/14 102/714/108 110/713/122
f 86/670/14 110/713/122 93/669/16
f 86/670/14 122/601/141 112/599/150
f 87/1707/319 123/1706/321 447/1657/514
f 87/1707/319 447/1657/514 382/1660/524
f 88/717/91 184/770/243 224/763/282
f 88/717/91 224/763/282 102/714/108
f 89/854/90 101/856/111 225/810/244
f 89/854/90 225/810/244 185/809/232
f 90/604/160 104/600/157 252/559/308
f 90/604/160 252/559/308 228/561/316
f 91/972/167 229/1027/317 251/1024/309
f 91/972/167 251/1024/309 103/974/156
f 92/925/15 99/928/19 119/860/127
f 92/925/15 119/860/127 109/858/123
f 92/925/15 121/971/140 128/967/136
f 92/925/15 128/967/136 99/928/19
f 93/669/16 100/668/20 129/603/137
f 93/669/16 110/713/122 120/711/126
f 93/669/16 120/711/126 100/668/20
f 93/669/16 129/603/137 122/601/141
f 94/1699/856 113/1697/1117 144/1672/604
f 94/1699/856 118/1675/381 156/1667/311
f 94/1699/856 133/1670/392 106/1677/373
f 94/1699/856 144/1672/604 118/1675/381
f 94/1699/856 156/1667/311 133/1670/392
f 95/1051/857 105/1053/374 132/1058/391
f 95/1051/857 117/1055/382 143/1064/605
f 95/1051/857 143/1064/605 114/1056/1116
f 95/2065/857 132/2086/391 155/2094/310
f 95/2065/857 155/2094/310 117/2069/382
f 96/1052/628 159/1066/894 487/1144/830
f 96/1052/628 487/1144/830 438/1113/801
f 97/1048/388 453/1105/582 474/1106/556
f 97/1048/388 474/1106/556 131/1054/364
f 98/1703/629 448/1638/802 488/1620/831
f 98/1703/629 488/1620/831 160/1671/898
f 99/928/19 107/927/17 138/862/133
f 99/928/19 126/861/131 119/860/127
f 99/928/19 128/967/136 137/964/134
f 99/928/19 137/964/134 107/927/17
f 99/928/19 138/862/133 126/861/131
f 100/668/20 108/666/18 140/605/135
f 100/668/20 120/711/126 127/710/130
f 100/668/20 127/710/130 139/709/132
f 100/668/20 139/709/132 108/666/18
f 100/668/20 140/605/135 129/603/137
f 101/856/111 109/858/123 250/811/289
f 101/856/111 250/811/289 225/810/244
f 102/714/108 224/763/282 249/761/290
f 102/714/108 249/761/290 110/713/122
f 103/974/156 251/1024/309 273/1021/299
f 103/974/156 273/1021/299 111/973/149
f 104/600/157 112/599/150 274/560/300
f 104/600/157 274/560/300 252/559/308
f 105/1035/374 246/1038/213 293/1039/326
f 105/1053/374 293/1083/326 132/1058/391
f 106/547/373 294/542/327 247/548/214
f 106/1677/373 133/1670/392 294/1656/327
f 107/927/17 115/924/12 148/863/129
f 107/927/17 137/964/134 147/963/128
f 107/927/17 147/963/128 115/924/12
f 107/927/17 148/863/129 138/862/133
f 108/666/18 116/665/12 150/606/129
f 108/666/18 139/709/132 149/707/128
f 108/666/18 149/707/128 116/665/12
f 108/666/18 150/606/129 140/605/135
f 109/858/123 119/860/127 271/812/288
f 109/858/123 271/812/288 250/811/289
f 110/713/122 249/761/290 272/760/287
f 110/713/122 272/760/287 120/711/126
f 111/973/149 273/1021/299 291/1019/293
f 111/973/149 291/1019/293 121/971/140
f 112/599/150 122/601/141 292/562/294
f 112/599/150 292/562/294 274/560/300
f 113/2335/1117 260/2377/1060 333/2324/1120
f 113/2335/1117 333/2324/1120 144/2310/604
f 114/1056/1116 143/1064/605 332/1104/1121
f 114/1056/1116 332/1104/1121 259/1089/1059
f 115/924/12 124/923/11 162/865/125
f 115/924/12 147/963/128 161/962/124
f 115/924/12 161/962/124 124/923/11
f 115/924/12 162/865/125 148/863/129
f 116/665/12 125/664/11 164/607/125
f 116/665/12 149/707/128 163/706/124
f 116/665/12 163/706/124 125/664/11
f 116/665/12 164/607/125 150/606/129
f 117/2069/382 141/2070/68 143/2024/605
f 117/2069/382 155/2094/310 182/2101/206
f 117/2069/382 182/2101/206 141/2070/68
f 118/2261/381 142/2263/69 183/2230/207
f 118/2261/381 144/2309/604 142/2263/69
f 118/2261/381 183/2230/207 156/2235/311
f 119/860/127 126/861/131 289/813/284
f 119/860/127 289/813/284 271/812/288
f 120/711/126 272/760/287 290/759/283
f 120/711/126 290/759/283 127/710/130
f 121/971/140 291/1019/293 309/1017/285
f 121/971/140 309/1017/285 128/967/136
f 122/601/141 129/603/137 310/565/286
f 122/601/141 310/565/286 292/562/294
f 123/1706/321 157/1702/320 489/1634/513
f 123/1706/321 473/1646/511 447/1657/514
f 123/1706/321 489/1634/513 473/1646/511
f 124/923/11 135/922/10 175/866/121
f 124/923/11 161/962/124 174/961/120
f 124/923/11 174/961/120 135/922/10
f 124/923/11 175/866/121 162/865/125
f 125/664/11 136/663/10 177/609/121
f 125/664/11 163/706/124 176/705/120
f 125/664/11 176/705/120 136/663/10
f 125/664/11 177/609/121 164/607/125
f 126/861/131 138/862/133 322/818/277
f 126/861/131 307/814/279 289/813/284
f 126/861/131 322/818/277 307/814/279
f 127/710/130 290/759/283 308/757/278
f 127/710/130 308/757/278 323/756/276
f 127/710/130 323/756/276 139/709/132
f 128/967/136 309/1017/285 321/1015/280
f 128/967/136 321/1015/280 137/964/134
f 129/603/137 140/605/135 324/566/281
f 129/603/137 324/566/281 310/565/286
f 130/1784/228 479/1848/536 184/1791/243
f 130/2254/228 462/2236/393 479/2253/536
f 131/1054/364 474/1106/556 490/1110/538
f 131/1054/364 490/1110/538 165/1057/342
f 132/1058/391 293/1083/326 326/1087/399
f 132/2086/391 326/2119/399 345/2122/385
f 132/2086/391 345/2122/385 155/2094/310
f 133/1670/392 156/1667/311 346/1627/386
f 133/1670/392 327/1640/398 294/1656/327
f 133/1670/392 346/1627/386 327/1640/398
f 134/2438/227 185/2432/232 480/2372/484
f 134/2438/227 480/2372/484 462/2374/393
f 135/922/10 145/920/8 191/867/119
f 135/922/10 174/961/120 190/960/118
f 135/922/10 190/960/118 145/920/8
f 135/922/10 191/867/119 175/866/121
f 136/663/10 146/662/8 193/610/119
f 136/663/10 176/705/120 192/704/118
f 136/663/10 192/704/118 146/662/8
f 136/663/10 193/610/119 177/609/121
f 137/964/134 321/1015/280 337/1013/273
f 137/964/134 337/1013/273 147/963/128
f 138/862/133 148/863/129 338/821/275
f 138/862/133 338/821/275 322/818/277
f 139/709/132 323/756/276 339/754/274
f 139/709/132 339/754/274 149/707/128
f 140/605/135 150/606/129 340/567/275
f 140/605/135 340/567/275 324/566/281
f 141/2070/68 151/2068/38 178/2019/216
f 141/2070/68 178/2019/216 143/2024/605
f 141/2070/68 182/2101/206 202/2106/189
f 141/2070/68 202/2106/189 151/2068/38
f 142/2263/69 144/2309/604 179/2320/217
f 142/2263/69 152/2265/39 203/2225/190
f 142/2263/69 179/2320/217 152/2265/39
f 142/2263/69 203/2225/190 183/2230/207
f 143/1064/605 178/1070/216 332/1104/1121
f 144/2310/604 333/2324/1120 179/2321/217
f 145/920/8 153/919/7 205/868/117
f 145/920/8 190/960/118 204/959/116
f 145/920/8 204/959/116 153/919/7
f 145/920/8 205/868/117 191/867/119
f 146/662/8 154/661/7 207/612/115
f 146/662/8 192/704/118 206/702/114
f 146/662/8 206/702/114 154/661/7
f 146/662/8 207/612/115 193/610/119
f 147/963/128 337/1013/273 347/1010/271
f 147/963/128 347/1010/271 161/962/124
f 148/863/129 162/865/125 348/822/272
f 148/863/129 348/822/272 338/821/275
f 149/707/128 339/754/274 349/752/271
f 149/707/128 349/752/271 163/706/124
f 150/606/129 164/607/125 350/570/272
f 150/606/129 350/570/272 340/567/275
f 151/2068/38 170/2067/26 200/2012/186
f 151/2068/38 200/2012/186 178/2019/216
f 151/2068/38 202/2106/189 222/2110/179
f 151/2068/38 222/2110/179 170/2067/26
f 152/2265/39 171/2266/27 223/2222/180
f 152/2265/39 179/2320/217 201/2326/187
f 152/2265/39 201/2326/187 171/2266/27
f 152/2265/39 223/2222/180 203/2225/190
f 153/919/7 168/918/5 215/869/113
f 153/919/7 204/959/116 214/958/112
f 153/919/7 214/958/112 168/918/5
f 153/919/7 215/869/113 205/868/117
f 154/661/7 169/660/5 217/613/113
f 154/661/7 206/702/114 216/700/112
f 154/661/7 216/700/112 169/660/5
f 154/661/7 217/613/113 207/612/115
f 155/2094/310 345/2122/385 362/2130/355
f 155/2094/310 362/2130/355 182/2101/206
f 156/1667/311 183/1662/207 363/1623/356
f 156/1667/311 363/1623/356 346/1627/386
f 157/1702/320 196/1700/318 505/1628/512
f 157/1702/320 505/1628/512 489/1634/513
f 158/1718/199 167/1725/200 507/1821/350
f 158/1718/199 507/1821/350 166/1726/201
f 159/1066/894 259/1089/1059 518/1155/847
f 159/1066/894 518/1155/847 487/1144/830
f 160/1671/898 488/1620/831 519/1613/848
f 160/1671/898 519/1613/848 260/1665/1060
f 161/962/124 347/1010/271 357/1008/269
f 161/962/124 357/1008/269 174/961/120
f 162/865/125 175/866/121 358/826/270
f 162/865/125 358/826/270 348/822/272
f 163/706/124 349/752/271 359/748/269
f 163/706/124 359/748/269 176/705/120
f 164/607/125 177/609/121 360/571/270
f 164/607/125 360/571/270 350/570/272
f 165/1057/342 490/1110/538 506/1111/527
f 165/1057/342 506/1111/527 197/1059/334
f 166/1726/201 507/1821/350 508/1824/352
f 166/1726/201 508/1824/352 180/1734/202
f 167/1725/200 181/1733/203 509/1823/351
f 167/1725/200 509/1823/351 507/1821/350
f 168/918/5 172/917/4 231/870/110
f 168/918/5 214/958/112 230/954/109
f 168/918/5 230/954/109 172/917/4
f 168/918/5 231/870/110 215/869/113
f 169/660/5 173/659/4 233/614/110
f 169/660/5 216/700/112 232/696/109
f 169/660/5 232/696/109 173/659/4
f 169/660/5 233/614/110 217/613/113
f 170/2067/26 188/2063/24 220/1994/174
f 170/2067/26 220/1994/174 200/2012/186
f 170/2067/26 222/2110/179 244/2113/169
f 170/2067/26 244/2113/169 188/2063/24
f 171/2266/27 189/2268/25 245/2220/170
f 171/2266/27 201/2326/187 221/2330/173
f 171/2266/27 221/2330/173 189/2268/25
f 171/2266/27 245/2220/170 223/2222/180
f 172/917/4 186/916/2 239/872/106
f 172/917/4 230/954/109 238/953/105
f 172/917/4 238/953/105 186/916/2
f 172/917/4 239/872/106 231/870/110
f 173/659/4 187/658/2 241/615/107
f 173/659/4 232/696/109 240/695/105
f 173/659/4 240/695/105 187/658/2
f 173/659/4 241/615/107 233/614/110
f 174/961/120 357/1008/269 368/1004/267
f 174/961/120 368/1004/267 190/960/118
f 175/866/121 191/867/119 369/827/268
f 175/866/121 369/827/268 358/826/270
f 176/705/120 359/748/269 370/746/267
f 176/705/120 370/746/267 192/704/118
f 177/609/121 193/610/119 371/572/266
f 177/609/121 371/572/266 360/571/270
f 178/1070/216 355/1108/580 332/1104/1121
f 178/2245/216 200/2240/186 355/2207/580
f 179/2320/217 356/2373/579 201/2326/187
f 179/2321/217 333/2324/1120 356/2316/579
f 180/1734/202 508/1824/352 510/1827/366
f 180/1734/202 510/1827/366 210/1742/211
f 181/1733/203 211/1741/212 511/1826/365
f 181/1733/203 511/1826/365 509/1823/351
f 182/2101/206 362/2130/355 380/2139/343
f 182/2101/206 380/2139/343 202/2106/189
f 183/1662/207 203/1661/190 381/1621/344
f 183/1662/207 381/1621/344 363/1623/356
f 184/1791/243 479/1848/536 495/1854/532
f 184/1791/243 495/1854/532 224/1794/282
f 185/2432/232 225/2431/244 496/2368/521
f 185/2432/232 496/2368/521 480/2372/484
f 186/916/2 194/914/1 256/873/104
f 186/916/2 238/953/105 255/952/103
f 186/916/2 255/952/103 194/914/1
f 186/916/2 256/873/104 239/872/106
f 187/658/2 195/657/1 258/616/104
f 187/658/2 240/695/105 257/694/103
f 187/658/2 257/694/103 195/657/1
f 187/658/2 258/616/104 241/615/107
f 188/2063/24 198/2060/29 242/1992/162
f 188/2063/24 242/1992/162 220/1994/174
f 188/2063/24 244/2113/169 265/2112/159
f 188/2063/24 265/2112/159 198/2060/29
f 189/2268/25 199/2270/30 266/2221/158
f 189/2268/25 221/2330/173 243/2337/161
f 189/2268/25 243/2337/161 199/2270/30
f 189/2268/25 266/2221/158 245/2220/170
f 190/960/118 368/1004/267 376/1002/264
f 190/960/118 376/1002/264 204/959/116
f 191/867/119 205/868/117 377/828/265
f 191/867/119 377/828/265 369/827/268
f 192/704/118 370/746/267 378/745/264
f 192/704/118 378/745/264 206/702/114
f 193/610/119 207/612/115 379/573/265
f 193/610/119 379/573/265 371/572/266
f 194/914/1 208/912/1 268/874/104
f 194/914/1 255/952/103 267/951/103
f 194/914/1 267/951/103 208/912/1
f 194/914/1 268/874/104 256/873/104
f 195/657/1 209/655/1 270/617/104
f 195/657/1 257/694/103 269/693/103
f 195/657/1 269/693/103 209/655/1
f 195/657/1 270/617/104 258/616/104
f 196/1700/318 228/1698/316 514/1625/499
f 196/1700/318 514/1625/499 505/1628/512
f 197/1059/334 506/1111/527 515/1112/515
f 197/1059/334 515/1112/515 229/1060/317
f 198/2060/29 218/2058/31 263/1990/155
f 198/2060/29 263/1990/155 242/1992/162
f 198/2060/29 265/2112/159 283/2109/152
f 198/2060/29 283/2109/152 218/2058/31
f 199/2270/30 219/2271/32 284/2224/151
f 199/2270/30 243/2337/161 264/2339/154
f 199/2270/30 264/2339/154 219/2271/32
f 199/2270/30 284/2224/151 266/2221/158
f 200/2012/186 220/1994/174 374/1976/362
f 200/2240/186 374/2200/362 355/2207/580
f 201/2326/187 356/2373/579 375/2384/363
f 201/2326/187 375/2384/363 221/2330/173
f 202/2106/189 380/2139/343 392/2143/337
f 202/2106/189 392/2143/337 222/2110/179
f 203/2225/190 223/2222/180 393/2188/338
f 203/2225/190 393/2188/338 381/2193/344
f 204/959/116 376/1002/264 386/1001/261
f 204/959/116 386/1001/261 214/958/112
f 205/868/117 215/869/113 387/830/262
f 205/868/117 387/830/262 377/828/265
f 206/702/114 378/745/264 388/743/261
f 206/702/114 388/743/261 216/700/112
f 207/612/115 217/613/113 389/574/263
f 207/612/115 389/574/263 379/573/265
f 208/912/1 212/911/1 278/875/104
f 208/912/1 267/951/103 277/949/103
f 208/912/1 277/949/103 212/911/1
f 208/912/1 278/875/104 268/874/104
f 209/655/1 213/654/1 280/618/104
f 209/655/1 269/693/103 279/691/103
f 209/655/1 279/691/103 213/654/1
f 209/655/1 280/618/104 270/617/104
f 210/1742/211 510/1827/366 516/1831/380
f 210/1742/211 516/1831/380 246/1750/213
f 211/1741/212 247/1749/214 517/1830/379
f 211/1741/212 517/1830/379 511/1826/365
f 212/911/1 226/910/3 285/876/102
f 212/911/1 277/949/103 287/946/101
f 212/911/1 285/876/102 278/875/104
f 212/911/1 287/946/101 226/910/3
f 213/654/1 227/653/3 286/619/102
f 213/654/1 279/691/103 288/689/101
f 213/654/1 286/619/102 280/618/104
f 213/654/1 288/689/101 227/653/3
f 214/958/112 386/1001/261 394/1000/260
f 214/958/112 394/1000/260 230/954/109
f 215/869/113 231/870/110 395/831/259
f 215/869/113 395/831/259 387/830/262
f 216/700/112 388/743/261 396/741/258
f 216/700/112 396/741/258 232/696/109
f 217/613/113 233/614/110 397/577/259
f 217/613/113 397/577/259 389/574/263
f 218/2058/31 236/2055/33 281/1989/144
f 218/2058/31 281/1989/144 263/1990/155
f 218/2058/31 283/2109/152 304/2108/147
f 218/2058/31 304/2108/147 236/2055/33
f 219/2271/32 237/2273/34 305/2226/148
f 219/2271/32 264/2339/154 282/2342/143
f 219/2271/32 282/2342/143 237/2273/34
f 219/2271/32 305/2226/148 284/2224/151
f 220/1994/174 242/1992/162 390/1970/339
f 220/1994/174 390/1970/339 374/1976/362
f 221/2330/173 375/2384/363 391/2391/340
f 221/2330/173 391/2391/340 243/2337/161
f 222/2110/179 392/2143/337 404/2147/324
f 222/2110/179 404/2147/324 244/2113/169
f 223/2222/180 245/2220/170 405/2183/325
f 223/2222/180 405/2183/325 393/2188/338
f 224/1794/282 495/1854/532 512/1852/516
f 224/1794/282 512/1852/516 249/1790/290
f 225/2431/244 250/2434/289 513/2371/504
f 225/2431/244 513/2371/504 496/2368/521
f 226/910/3 234/909/6 299/877/100
f 226/910/3 287/946/101 298/945/99
f 226/910/3 298/945/99 234/909/6
f 226/910/3 299/877/100 285/876/102
f 227/653/3 235/652/6 301/621/100
f 227/653/3 288/689/101 300/688/99
f 227/653/3 300/688/99 235/652/6
f 227/653/3 301/621/100 286/619/102
f 228/1698/316 252/1696/308 523/1626/497
f 228/1698/316 523/1626/497 514/1625/499
f 229/1060/317 515/1112/515 522/1114/498
f 229/1060/317 522/1114/498 251/1061/309
f 230/954/109 394/1000/260 398/999/256
f 230/954/109 398/999/256 238/953/105
f 231/870/110 239/872/106 399/832/257
f 231/870/110 399/832/257 395/831/259
f 232/696/109 396/741/258 400/740/256
f 232/696/109 400/740/256 240/695/105
f 233/614/110 241/615/107 401/578/257
f 233/614/110 401/578/257 397/577/259
f 234/909/6 253/907/9 314/878/98
f 234/909/6 298/945/99 313/944/97
f 234/909/6 313/944/97 253/907/9
f 234/909/6 314/878/98 299/877/100
f 235/652/6 254/650/9 316/622/98
f 235/652/6 300/688/99 315/687/97
f 235/652/6 315/687/97 254/650/9
f 235/652/6 316/622/98 301/621/100
f 236/2055/33 261/2053/44 317/1993/164
f 236/2055/33 302/1991/146 281/1989/144
f 236/2055/33 304/2108/147 320/2105/163
f 236/2055/33 317/1993/164 302/1991/146
f 236/2055/33 320/2105/163 261/2053/44
f 237/2273/34 262/2275/45 319/2227/166
f 237/2273/34 282/2342/143 303/2341/145
f 237/2273/34 303/2341/145 318/2338/165
f 237/2273/34 318/2338/165 262/2275/45
f 237/2273/34 319/2227/166 305/2226/148
f 238/953/105 398/999/256 406/998/254
f 238/953/105 406/998/254 255/952/103
f 239/872/106 256/873/104 407/833/255
f 239/872/106 407/833/255 399/832/257
f 240/695/105 400/740/256 408/739/252
f 240/695/105 408/739/252 257/694/103
f 241/615/107 258/616/104 409/580/255
f 241/615/107 409/580/255 401/578/257
f 242/1992/162 263/1990/155 402/1965/329
f 242/1992/162 402/1965/329 390/1970/339
f 243/2337/161 391/2391/340 403/2396/328
f 243/2337/161 403/2396/328 264/2339/154
f 244/2113/169 404/2147/324 412/2148/315
f 244/2113/169 412/2148/315 265/2112/159
f 245/2220/170 266/2221/158 413/2184/314
f 245/2220/170 413/2184/314 405/2183/325
f 246/1750/213 516/1831/380 528/1838/390
f 246/1750/213 528/1838/390 293/1764/326
f 247/1749/214 294/1765/327 529/1837/389
f 247/1749/214 529/1837/389 517/1830/379
f 248/1072/586 336/1100/603 815/1208/721
f 248/1072/586 813/1206/727 306/1079/576
f 248/1072/586 815/1208/721 813/1206/727
f 249/1790/290 512/1852/516 521/1849/496
f 249/1790/290 521/1849/496 272/1787/287
f 250/2434/289 271/2436/288 520/2379/489
f 250/2434/289 520/2379/489 513/2371/504
f 251/1061/309 522/1114/498 526/1115/492
f 251/1061/309 526/1115/492 273/1062/299
f 252/1696/308 274/1695/300 527/1629/493
f 252/1696/308 527/1629/493 523/1626/497
f 253/907/9 275/905/28 329/879/96
f 253/907/9 313/944/97 328/941/95
f 253/907/9 328/941/95 275/905/28
f 253/907/9 329/879/96 314/878/98
f 254/650/9 276/648/28 331/623/96
f 254/650/9 315/687/97 330/685/95
f 254/650/9 330/685/95 276/648/28
f 254/650/9 331/623/96 316/622/98
f 255/952/103 406/998/254 422/996/252
f 255/952/103 422/996/252 267/951/103
f 256/873/104 268/874/104 423/834/255
f 256/873/104 423/834/255 407/833/255
f 257/694/103 408/739/252 424/738/254
f 257/694/103 424/738/254 269/693/103
f 258/616/104 270/617/104 425/581/253
f 258/616/104 425/581/253 409/580/255
f 259/1089/1059 332/1104/1121 548/1156/912
f 259/1089/1059 548/1156/912 518/1155/847
f 260/1665/1060 519/1613/848 549/1610/913
f 260/1665/1060 549/1610/913 333/1659/1120
f 261/2053/44 311/2054/72 351/1995/192
f 261/2053/44 320/2105/163 353/2103/194
f 261/2053/44 351/1995/192 317/1993/164
f 261/2053/44 353/2103/194 311/2054/72
f 262/2275/45 312/2277/71 354/2234/193
f 262/2275/45 318/2338/165 352/2336/191
f 262/2275/45 352/2336/191 312/2277/71
f 262/2275/45 354/2234/193 319/2227/166
f 263/1990/155 281/1989/144 410/1963/313
f 263/1990/155 410/1963/313 402/1965/329
f 264/2339/154 403/2396/328 411/2399/312
f 264/2339/154 411/2399/312 282/2342/143
f 265/2112/159 412/2148/315 283/2109/152
f 266/2221/158 284/2224/151 413/2184/314
f 267/951/103 422/996/252 426/995/250
f 267/951/103 426/995/250 277/949/103
f 268/874/104 278/875/104 427/835/255
f 268/874/104 427/835/255 423/834/255
f 269/693/103 424/738/254 428/737/254
f 269/693/103 428/737/254 279/691/103
f 270/617/104 280/618/104 429/583/251
f 270/617/104 429/583/251 425/581/253
f 271/2436/288 289/2440/284 524/2381/481
f 271/2436/288 524/2381/481 520/2379/489
f 272/1787/287 521/1849/496 525/1843/480
f 272/1787/287 525/1843/480 290/1785/283
f 273/1062/299 526/1115/492 532/1116/482
f 273/1062/299 532/1116/482 291/1063/293
f 274/1695/300 292/1694/294 533/1630/483
f 274/1695/300 533/1630/483 527/1629/493
f 275/905/28 295/906/37 342/882/94
f 275/905/28 328/941/95 341/940/93
f 275/905/28 341/940/93 295/906/37
f 275/905/28 342/882/94 329/879/96
f 276/648/28 296/649/37 344/624/94
f 276/648/28 330/685/95 343/684/93
f 276/648/28 343/684/93 296/649/37
f 276/648/28 344/624/94 331/623/96
f 277/949/103 426/995/250 434/994/248
f 277/949/103 434/994/248 287/946/101
f 278/875/104 285/876/102 435/836/249
f 278/875/104 435/836/249 427/835/255
f 279/691/103 428/737/254 436/736/248
f 279/691/103 436/736/248 288/689/101
f 280/618/104 286/619/102 437/584/249
f 280/618/104 437/584/249 429/583/251
f 281/1989/144 302/1991/146 430/1964/298
f 281/1989/144 430/1964/298 410/1963/313
f 282/2342/143 411/2399/312 431/2398/297
f 282/2342/143 431/2398/297 303/2341/145
f 283/2109/152 412/2148/315 432/2146/301
f 283/2109/152 432/2146/301 445/2142/295
f 283/2109/152 445/2142/295 304/2108/147
f 284/2224/151 305/2226/148 446/2189/296
f 284/2224/151 433/2186/302 413/2184/314
f 284/2224/151 446/2189/296 433/2186/302
f 285/876/102 299/877/100 440/837/247
f 285/876/102 440/837/247 435/836/249
f 286/619/102 301/621/100 442/586/247
f 286/619/102 442/586/247 437/584/249
f 287/946/101 434/994/248 439/991/245
f 287/946/101 439/991/245 298/945/99
f 288/689/101 436/736/248 441/734/246
f 288/689/101 441/734/246 300/688/99
f 289/2440/284 307/2443/279 531/2385/475
f 289/2440/284 531/2385/475 524/2381/481
f 290/1785/283 525/1843/480 530/1836/474
f 290/1785/283 530/1836/474 308/1783/278
f 291/1063/293 532/1116/482 309/1065/285
f 292/1694/294 310/1693/286 533/1630/483
f 293/1083/326 538/1150/412 550/1151/557
f 293/1083/326 550/1151/557 326/1087/399
f 293/1764/326 528/1838/390 538/1834/412
f 294/1656/327 327/1640/398 551/1592/558
f 294/1656/327 551/1592/558 539/1596/411
f 294/1765/327 539/1833/411 529/1837/389
f 295/906/37 334/908/49 365/884/139
f 295/906/37 341/940/93 364/938/138
f 295/906/37 364/938/138 334/908/49
f 295/906/37 365/884/139 342/882/94
f 296/649/37 335/651/49 367/626/139
f 296/649/37 343/684/93 366/682/138
f 296/649/37 366/682/138 335/651/49
f 296/649/37 367/626/139 344/624/94
f 297/1668/571 325/1666/537 814/1556/718
f 297/1668/571 814/1556/718 816/1554/717
f 297/1668/571 816/1554/717 361/1658/606
f 298/945/99 439/991/245 449/989/241
f 298/945/99 449/989/241 313/944/97
f 299/877/100 314/878/98 450/838/242
f 299/877/100 450/838/242 440/837/247
f 300/688/99 441/734/246 451/733/240
f 300/688/99 451/733/240 315/687/97
f 301/621/100 316/622/98 452/587/242
f 301/621/100 452/587/242 442/586/247
f 302/1991/146 317/1993/164 454/1968/304
f 302/1991/146 443/1966/292 430/1964/298
f 302/1991/146 454/1968/304 443/1966/292
f 303/2341/145 431/2398/297 444/2397/291
f 303/2341/145 444/2397/291 455/2394/305
f 303/2341/145 455/2394/305 318/2338/165
f 304/2108/147 445/2142/295 456/2140/306
f 304/2108/147 456/2140/306 320/2105/163
f 305/2226/148 319/2227/166 457/2192/307
f 305/2226/148 457/2192/307 446/2189/296
f 306/1079/576 811/1204/735 385/1099/587
f 306/1079/576 813/1206/727 811/1204/735
f 307/2443/279 322/2446/277 540/2388/471
f 307/2443/279 540/2388/471 531/2385/475
f 308/1783/278 530/1836/474 541/1829/470
f 308/1783/278 541/1829/470 323/1780/276
f 309/1065/285 532/1116/482 542/1117/472
f 309/1065/285 542/1117/472 321/1067/280
f 310/1693/286 324/1692/281 543/1631/473
f 310/1693/286 543/1631/473 533/1630/483
f 311/2054/72 353/2103/194 416/2099/222
f 311/2054/72 383/2061/210 414/2016/220
f 311/2054/72 414/2016/220 351/1995/192
f 311/2054/72 416/2099/222 383/2061/210
f 312/2277/71 352/2336/191 415/2331/219
f 312/2277/71 384/2281/209 417/2243/223
f 312/2277/71 415/2331/219 384/2281/209
f 312/2277/71 417/2243/223 354/2234/193
f 313/944/97 449/989/241 458/988/238
f 313/944/97 458/988/238 328/941/95
f 314/878/98 329/879/96 459/839/239
f 314/878/98 459/839/239 450/838/242
f 315/687/97 451/733/240 460/732/238
f 315/687/97 460/732/238 330/685/95
f 316/622/98 331/623/96 461/589/239
f 316/622/98 461/589/239 452/587/242
f 317/1993/164 351/1995/192 469/1972/332
f 317/1993/164 469/1972/332 454/1968/304
f 318/2338/165 455/2394/305 470/2390/331
f 318/2338/165 470/2390/331 352/2336/191
f 319/2227/166 354/2234/193 472/2196/330
f 319/2227/166 472/2196/330 457/2192/307
f 320/2105/163 456/2140/306 471/2135/333
f 320/2105/163 471/2135/333 353/2103/194
f 321/1067/280 542/1117/472 544/1118/468
f 321/1067/280 544/1118/468 337/1068/273
f 322/2446/277 338/2453/275 545/2393/467
f 322/2446/277 545/2393/467 540/2388/471
f 323/1780/276 541/1829/470 546/1825/466
f 323/1780/276 546/1825/466 339/1777/274
f 324/1692/281 340/1691/275 547/1632/469
f 324/1692/281 547/1632/469 543/1631/473
f 325/1666/537 382/1660/524 812/1558/724
f 325/1666/537 812/1558/724 814/1556/718
f 326/1087/399 550/1151/557 566/1149/561
f 326/1087/399 566/1149/561 345/1092/385
f 327/1640/398 346/1627/386 567/1590/562
f 327/1640/398 567/1590/562 551/1592/558
f 328/941/95 458/988/238 465/985/233
f 328/941/95 465/985/233 341/940/93
f 329/879/96 342/882/94 466/840/234
f 329/879/96 466/840/234 459/839/239
f 330/685/95 460/732/238 467/730/233
f 330/685/95 467/730/233 343/684/93
f 331/623/96 344/624/94 468/590/234
f 331/623/96 468/590/234 461/589/239
f 332/1104/1121 355/1108/580 548/1156/912
f 333/2324/1120 549/2328/913 356/2316/579
f 334/908/49 364/938/138 418/939/176
f 334/908/49 372/913/61 419/885/177
f 334/908/49 418/939/176 372/913/61
f 334/908/49 419/885/177 365/884/139
f 335/651/49 366/682/138 420/683/176
f 335/651/49 373/656/62 421/631/177
f 335/651/49 420/683/176 373/656/62
f 335/651/49 421/631/177 367/626/139
f 336/1100/603 438/1113/801 835/1209/725
f 336/1100/603 835/1209/725 815/1208/721
f 337/1068/273 544/1118/468 552/1119/463
f 337/1068/273 552/1119/463 347/1069/271
f 338/2453/275 348/2457/272 553/2401/464
f 338/2453/275 553/2401/464 545/2393/467
f 339/1777/274 546/1825/466 554/1820/463
f 339/1777/274 554/1820/463 349/1773/271
f 340/1691/275 350/1690/272 555/1633/465
f 340/1691/275 555/1633/465 547/1632/469
f 341/940/93 465/985/233 475/984/230
f 341/940/93 475/984/230 364/938/138
f 342/882/94 365/884/139 476/842/231
f 342/882/94 476/842/231 466/840/234
f 343/684/93 467/730/233 477/729/230
f 343/684/93 477/729/230 366/682/138
f 344/624/94 367/626/139 478/592/231
f 344/624/94 478/592/231 468/590/234
f 345/1092/385 566/1149/561 574/1148/552
f 345/1092/385 574/1148/552 362/1095/355
f 346/1627/386 363/1623/356 575/1586/553
f 346/1627/386 575/1586/553 567/1590/562
f 347/1069/271 552/1119/463 562/1120/461
f 347/1069/271 562/1120/461 357/1071/269
f 348/2457/272 358/2462/270 563/2407/460
f 348/2457/272 563/2407/460 553/2401/464
f 349/1773/271 554/1820/463 564/1817/461
f 349/1773/271 564/1817/461 359/1770/269
f 350/1690/272 360/1689/270 565/1635/462
f 350/1690/272 565/1635/462 555/1633/465
f 351/1995/192 414/2016/220 491/1979/348
f 351/1995/192 491/1979/348 469/1972/332
f 352/2336/191 470/2390/331 492/2382/347
f 352/2336/191 492/2382/347 415/2331/219
f 353/2103/194 471/2135/333 493/2125/349
f 353/2103/194 493/2125/349 416/2099/222
f 354/2234/193 417/2243/223 494/2209/346
f 354/2234/193 494/2209/346 472/2196/330
f 355/1108/580 568/1157/803 548/1156/912
f 355/2207/580 374/2200/362 568/2166/803
f 356/2/579 569/27/804 375/9/363
f 356/2316/579 549/2328/913 569/2311/804
f 357/1071/269 562/1120/461 570/1121/458
f 357/1071/269 570/1121/458 368/1073/267
f 358/2462/270 369/2464/268 571/2415/459
f 358/2462/270 571/2415/459 563/2407/460
f 359/1770/269 564/1817/461 572/1814/458
f 359/1770/269 572/1814/458 370/1766/267
f 360/1689/270 371/1685/266 573/1636/459
f 360/1689/270 573/1636/459 565/1635/462
f 361/1658/606 816/1554/717 836/1550/726
f 361/1658/606 836/1550/726 448/1638/802
f 362/1095/355 574/1148/552 586/1146/545
f 362/1095/355 586/1146/545 380/1093/343
f 363/1623/356 381/1621/344 587/1584/546
f 363/1623/356 587/1584/546 575/1586/553
f 364/938/138 475/984/230 501/982/236
f 364/938/138 501/982/236 418/939/176
f 365/884/139 419/885/177 502/844/237
f 365/884/139 502/844/237 476/842/231
f 366/682/138 477/729/230 503/727/236
f 366/682/138 503/727/236 420/683/176
f 367/626/139 421/631/177 504/593/237
f 367/626/139 504/593/237 478/592/231
f 368/1073/267 570/1121/458 576/1123/456
f 368/1073/267 576/1123/456 376/1074/264
f 369/2464/268 377/2466/265 577/2420/457
f 369/2464/268 577/2420/457 571/2415/459
f 370/1766/267 572/1814/458 578/1804/456
f 370/1766/267 578/1804/456 378/1760/264
f 371/1685/266 379/1680/265 579/1637/455
f 371/1685/266 579/1637/455 573/1636/459
f 372/913/61 418/939/176 481/942/197
f 372/913/61 463/926/168 482/886/198
f 372/913/61 481/942/197 463/926/168
f 372/913/61 482/886/198 419/885/177
f 373/656/62 420/683/176 483/686/197
f 373/656/62 464/667/168 484/632/198
f 373/656/62 483/686/197 464/667/168
f 373/656/62 484/632/198 421/631/177
f 374/2200/362 390/2194/339 580/2159/578
f 374/2200/362 580/2159/578 568/2166/803
f 375/9/363 569/27/804 581/26/577
f 375/9/363 581/26/577 391/8/340
f 376/1074/264 576/1123/456 582/1124/453
f 376/1074/264 582/1124/453 386/1075/261
f 377/2466/265 387/2467/262 583/2422/452
f 377/2466/265 583/2422/452 577/2420/457
f 378/1760/264 578/1804/456 584/1797/451
f 378/1760/264 584/1797/451 388/1752/261
f 379/1680/265 389/1678/263 585/1639/454
f 379/1680/265 585/1639/454 579/1637/455
f 380/1093/343 586/1146/545 594/1143/530
f 380/1093/343 594/1143/530 392/1090/337
f 381/1621/344 393/1619/338 595/1582/531
f 381/1621/344 595/1582/531 587/1584/546
f 382/1660/524 447/1657/514 810/1560/732
f 382/1660/524 810/1560/732 812/1558/724
f 383/2061/210 416/2099/222 485/2072/372
f 383/2061/210 485/2072/372 414/2016/220
f 384/2281/209 415/2331/219 486/2285/371
f 384/2281/209 486/2285/371 417/2243/223
f 385/1099/587 809/1201/734 453/1105/582
f 385/1099/587 811/1204/735 809/1201/734
f 386/1075/261 582/1124/453 588/1125/449
f 386/1075/261 588/1125/449 394/1076/260
f 387/2467/262 395/2468/259 589/2423/450
f 387/2467/262 589/2423/450 583/2422/452
f 388/1752/261 584/1797/451 590/1793/449
f 388/1752/261 590/1793/449 396/1746/258
f 389/1678/263 397/1679/259 591/1641/450
f 389/1678/263 591/1641/450 585/1639/454
f 390/2194/339 402/2191/329 592/2156/540
f 390/2194/339 592/2156/540 580/2159/578
f 391/8/340 581/26/577 593/24/539
f 391/8/340 593/24/539 403/6/328
f 392/1090/337 594/1143/530 610/1141/523
f 392/1090/337 610/1141/523 404/1091/324
f 393/1619/338 405/1618/325 611/1581/522
f 393/1619/338 611/1581/522 595/1582/531
f 394/1076/260 588/1125/449 596/1126/447
f 394/1076/260 596/1126/447 398/1077/256
f 395/2468/259 399/2469/257 597/2424/448
f 395/2468/259 597/2424/448 589/2423/450
f 396/1746/258 590/1793/449 598/1788/447
f 396/1746/258 598/1788/447 400/1744/256
f 397/1679/259 401/1681/257 599/1643/448
f 397/1679/259 599/1643/448 591/1641/450
f 398/1077/256 596/1126/447 604/1127/445
f 398/1077/256 604/1127/445 406/1078/254
f 399/2469/257 407/2470/255 605/2425/446
f 399/2469/257 605/2425/446 597/2424/448
f 400/1744/256 598/1788/447 606/1786/445
f 400/1744/256 606/1786/445 408/1743/252
f 401/1681/257 409/1682/255 607/1644/446
f 401/1681/257 607/1644/446 599/1643/448
f 402/2191/329 410/2185/313 608/2154/526
f 402/2191/329 608/2154/526 592/2156/540
f 403/6/328 593/24/539 609/23/525
f 403/6/328 609/23/525 411/5/312
f 404/1091/324 610/1141/523 412/1094/315
f 405/1618/325 413/1617/314 611/1581/522
f 406/1078/254 604/1127/445 612/1128/440
f 406/1078/254 612/1128/440 422/1080/252
f 407/2470/255 423/2471/255 613/2427/443
f 407/2470/255 613/2427/443 605/2425/446
f 408/1743/252 606/1786/445 614/1782/440
f 408/1743/252 614/1782/440 424/1740/254
f 409/1682/255 425/1684/253 615/1645/444
f 409/1682/255 615/1645/444 607/1644/446
f 410/2185/313 430/2179/298 616/2150/506
f 410/2185/313 616/2150/506 608/2154/526
f 411/5/312 609/23/525 617/21/505
f 411/5/312 617/21/505 431/4/297
f 412/1094/315 610/1141/523 618/1139/503
f 412/1094/315 618/1139/503 432/1097/301
f 413/1617/314 433/1616/302 619/1579/502
f 413/1617/314 619/1579/502 611/1581/522
f 414/2016/220 485/2072/372 497/2023/375
f 414/2016/220 497/2023/375 534/1985/395
f 414/2016/220 534/1985/395 491/1979/348
f 415/2331/219 492/2382/347 535/2375/394
f 415/2331/219 498/2333/376 486/2285/371
f 415/2331/219 535/2375/394 498/2333/376
f 416/2099/222 493/2125/349 536/2120/397
f 416/2099/222 499/2098/378 485/2072/372
f 416/2099/222 536/2120/397 499/2098/378
f 417/2243/223 486/2285/371 500/2247/377
f 417/2243/223 500/2247/377 537/2219/396
f 417/2243/223 537/2219/396 494/2209/346
f 418/939/176 501/982/236 558/983/335
f 418/939/176 558/983/335 481/942/197
f 419/885/177 482/886/198 559/846/336
f 419/885/177 559/846/336 502/844/237
f 420/683/176 503/727/236 560/728/335
f 420/683/176 560/728/335 483/686/197
f 421/631/177 484/632/198 561/595/336
f 421/631/177 561/595/336 504/593/237
f 422/1080/252 612/1128/440 620/1129/440
f 422/1080/252 620/1129/440 426/1081/250
f 423/2471/255 427/2475/255 621/2429/443
f 423/2471/255 621/2429/443 613/2427/443
f 424/1740/254 614/1782/440 622/1779/440
f 424/1740/254 622/1779/440 428/1738/254
f 425/1684/253 429/1686/251 623/1647/442
f 425/1684/253 623/1647/442 615/1645/444
f 426/1081/250 620/1129/440 624/1130/441
f 426/1081/250 624/1130/441 434/1082/248
f 427/2475/255 435/2477/249 625/2433/443
f 427/2475/255 625/2433/443 621/2429/443
f 428/1738/254 622/1779/440 626/1776/440
f 428/1738/254 626/1776/440 436/1737/248
f 429/1686/251 437/1687/249 627/1649/442
f 429/1686/251 627/1649/442 623/1647/442
f 430/2179/298 443/2177/292 628/2144/491
f 430/2179/298 628/2144/491 616/2150/506
f 431/4/297 617/21/505 629/19/490
f 431/4/297 629/19/490 444/3/291
f 432/1097/301 618/1139/503 630/1138/494
f 432/1097/301 630/1138/494 445/1098/295
f 433/1616/302 446/1615/296 631/1577/495
f 433/1616/302 631/1577/495 619/1579/502
f 434/1082/248 624/1130/441 632/1131/438
f 434/1082/248 632/1131/438 439/1084/245
f 435/2477/249 440/2478/247 634/2435/437
f 435/2477/249 634/2435/437 625/2433/443
f 436/1737/248 626/1776/440 633/1772/436
f 436/1737/248 633/1772/436 441/1732/246
f 437/1687/249 442/1688/247 635/1650/439
f 437/1687/249 635/1650/439 627/1649/442
f 438/1113/801 487/1144/830 849/1210/736
f 438/1113/801 849/1210/736 835/1209/725
f 439/1084/245 632/1131/438 636/1132/434
f 439/1084/245 636/1132/434 644/1133/431
f 439/1084/245 644/1133/431 449/1085/241
f 440/2478/247 450/2481/242 645/2442/433
f 440/2478/247 637/2439/435 634/2435/437
f 440/2478/247 645/2442/433 637/2439/435
f 441/1732/246 633/1772/436 638/1768/434
f 441/1732/246 638/1768/434 646/1763/430
f 441/1732/246 646/1763/430 451/1730/240
f 442/1688/247 452/1683/242 647/1653/432
f 442/1688/247 639/1652/435 635/1650/439
f 442/1688/247 647/1653/432 639/1652/435
f 443/2177/292 454/2175/304 640/2141/477
f 443/2177/292 640/2141/477 628/2144/491
f 444/3/291 629/19/490 641/18/476
f 444/3/291 641/18/476 455/7/305
f 445/1098/295 630/1138/494 642/1140/478
f 445/1098/295 642/1140/478 456/1101/306
f 446/1615/296 457/1614/307 643/1576/479
f 446/1615/296 643/1576/479 631/1577/495
f 447/1657/514 473/1646/511 808/1561/733
f 447/1657/514 808/1561/733 810/1560/732
f 448/1638/802 836/1550/726 850/1547/739
f 448/1638/802 850/1547/739 488/1620/831
f 449/1085/241 644/1133/431 652/1134/427
f 449/1085/241 652/1134/427 458/1086/238
f 450/2481/242 459/2483/239 653/2445/429
f 450/2481/242 653/2445/429 645/2442/433
f 451/1730/240 646/1763/430 654/1757/428
f 451/1730/240 654/1757/428 460/1728/238
f 452/1683/242 461/1676/239 655/1655/429
f 452/1683/242 655/1655/429 647/1653/432
f 453/1105/582 805/1196/722 474/1106/556
f 453/1105/582 807/1198/728 805/1196/722
f 453/1105/582 809/1201/734 807/1198/728
f 454/2175/304 469/2171/332 648/2138/487
f 454/2175/304 648/2138/487 640/2141/477
f 455/7/305 641/18/476 649/17/485
f 455/7/305 649/17/485 470/11/331
f 456/1101/306 642/1140/478 650/1142/488
f 456/1101/306 650/1142/488 471/1103/333
f 457/1614/307 472/1612/330 651/1575/486
f 457/1614/307 651/1575/486 643/1576/479
f 458/1086/238 652/1134/427 656/1135/423
f 458/1086/238 656/1135/423 465/1088/233
f 459/2483/239 466/2484/234 657/2448/426
f 459/2483/239 657/2448/426 653/2445/429
f 460/1728/238 654/1757/428 658/1751/424
f 460/1728/238 658/1751/424 467/1721/233
f 461/1676/239 468/1674/234 659/1654/425
f 461/1676/239 659/1654/425 655/1655/429
f 462/1839/393 800/1937/755 479/1848/536
f 462/2374/393 480/2372/484 800/2258/755
f 463/926/168 481/942/197 600/948/225
f 463/926/168 556/929/218 601/889/226
f 463/926/168 600/948/225 556/929/218
f 463/926/168 601/889/226 482/886/198
f 464/667/168 483/686/197 602/690/225
f 464/667/168 557/672/218 603/636/226
f 464/667/168 602/690/225 557/672/218
f 464/667/168 603/636/226 484/632/198
f 465/1088/233 656/1135/423 664/1136/415
f 465/1088/233 664/1136/415 475/1096/230
f 466/2484/234 476/2485/231 665/2454/418
f 466/2484/234 665/2454/418 657/2448/426
f 467/1721/233 658/1751/424 666/1747/417
f 467/1721/233 666/1747/417 477/1717/230
f 468/1674/234 478/1673/231 667/1651/416
f 468/1674/234 667/1651/416 659/1654/425
f 469/2171/332 491/2167/348 660/2134/519
f 469/2171/332 660/2134/519 648/2138/487
f 470/11/331 649/17/485 661/20/518
f 470/11/331 661/20/518 492/12/347
f 471/1103/333 650/1142/488 662/1145/520
f 471/1103/333 662/1145/520 493/1107/349
f 472/1612/330 494/1608/346 663/1573/517
f 472/1612/330 663/1573/517 651/1575/486
f 473/1646/511 489/1634/513 804/1563/723
f 473/1646/511 804/1563/723 806/1562/731
f 473/1646/511 806/1562/731 808/1561/733
f 474/1106/556 803/1195/715 490/1110/538
f 474/1106/556 805/1196/722 803/1195/715
f 475/1096/230 664/1136/415 678/1137/419
f 475/1096/230 678/1137/419 501/1102/236
f 476/2485/231 502/2482/237 679/2450/422
f 476/2485/231 679/2450/422 665/2454/418
f 477/1717/230 666/1747/417 680/1748/421
f 477/1717/230 680/1748/421 503/1724/236
f 478/1673/231 504/1669/237 681/1642/420
f 478/1673/231 681/1642/420 667/1651/416
f 479/1848/536 799/1938/759 495/1854/532
f 479/1848/536 800/1937/755 799/1938/759
f 480/2372/484 496/2368/521 798/2262/641
f 480/2372/484 798/2262/641 800/2258/755
f 481/942/197 558/983/335 686/987/369
f 481/942/197 686/987/369 600/948/225
f 482/886/198 601/889/226 687/848/368
f 482/886/198 687/848/368 559/846/336
f 483/686/197 560/728/335 688/731/367
f 483/686/197 688/731/367 602/690/225
f 484/632/198 603/636/226 689/596/370
f 484/632/198 689/596/370 561/595/336
f 485/543/372 499/544/378 668/552/560
f 485/543/372 668/552/560 497/545/375
f 486/307/371 498/309/376 669/339/559
f 486/307/371 669/339/559 500/312/377
f 487/1144/830 518/1155/847 857/1212/746
f 487/1144/830 857/1212/746 849/1210/736
f 488/1620/831 850/1547/739 858/1548/747
f 488/1620/831 858/1548/747 519/1613/848
f 489/1634/513 505/1628/512 802/1564/716
f 489/1634/513 802/1564/716 804/1563/723
f 490/1110/538 801/1193/714 506/1111/527
f 490/1110/538 803/1195/715 801/1193/714
f 491/2167/348 534/2158/395 670/2128/542
f 491/2167/348 670/2128/542 660/2134/519
f 492/12/347 661/20/518 671/25/541
f 492/306/347 671/336/541 535/316/394
f 493/1107/349 662/1145/520 672/1152/544
f 493/1107/349 672/1152/544 536/1122/397
f 494/1608/346 537/1605/396 673/1570/543
f 494/1608/346 673/1570/543 663/1573/517
f 495/1854/532 797/1932/650 512/1852/516
f 495/1854/532 799/1938/759 797/1932/650
f 496/2368/521 513/2371/504 796/2269/655
f 496/2368/521 796/2269/655 798/2262/641
f 497/545/375 668/552/560 674/555/568
f 497/545/375 674/555/568 534/549/395
f 498/309/376 535/316/394 675/340/567
f 498/309/376 675/340/567 669/339/559
f 499/544/378 536/546/397 676/553/570
f 499/544/378 676/553/570 668/552/560
f 500/312/377 669/339/559 677/344/569
f 500/312/377 677/344/569 537/324/396
f 501/1102/236 678/1137/419 690/1153/508
f 501/1102/236 690/1153/508 558/1109/335
f 502/2482/237 559/2474/336 691/2441/510
f 502/2482/237 691/2441/510 679/2450/422
f 503/1724/236 680/1748/421 692/1759/507
f 503/1724/236 692/1759/507 560/1735/335
f 504/1669/237 561/1663/336 693/1622/509
f 504/1669/237 693/1622/509 681/1642/420
f 505/1628/512 514/1625/499 795/1565/711
f 505/1628/512 795/1565/711 802/1564/716
f 506/1111/527 794/1192/710 515/1112/515
f 506/1111/527 801/1193/714 794/1192/710
f 507/1821/350 509/1823/351 881/1906/637
f 507/1821/350 881/1906/637 508/1824/352
f 508/1824/352 881/1906/637 882/1908/649
f 508/1824/352 882/1908/649 510/1827/366
f 509/1823/351 511/1826/365 883/1907/648
f 509/1823/351 883/1907/648 881/1906/637
f 510/1827/366 882/1908/649 884/1912/766
f 510/1827/366 884/1912/766 516/1831/380
f 511/1826/365 517/1830/379 885/1911/635
f 511/1826/365 885/1911/635 883/1907/648
f 512/1852/516 793/1929/658 521/1849/496
f 512/1852/516 797/1932/650 793/1929/658
f 513/2371/504 520/2379/489 792/2278/661
f 513/2371/504 792/2278/661 796/2269/655
f 514/1625/499 523/1626/497 791/1566/709
f 514/1625/499 791/1566/709 795/1565/711
f 515/1112/515 790/1189/708 522/1114/498
f 515/1112/515 794/1192/710 790/1189/708
f 516/1831/380 884/1912/766 888/1918/770
f 516/1831/380 888/1918/770 528/1838/390
f 517/1830/379 529/1837/389 889/1917/636
f 517/1830/379 889/1917/636 885/1911/635
f 518/1155/847 548/1156/912 865/1216/749
f 518/1155/847 865/1216/749 857/1212/746
f 519/1613/848 858/1548/747 866/1551/748
f 519/1613/848 866/1551/748 549/1610/913
f 520/2379/489 524/2381/481 788/2283/665
f 520/2379/489 788/2283/665 792/2278/661
f 521/1849/496 789/1927/664 525/1843/480
f 521/1849/496 793/1929/658 789/1927/664
f 522/1114/498 786/1187/706 526/1115/492
f 522/1114/498 790/1189/708 786/1187/706
f 523/1626/497 527/1629/493 787/1567/707
f 523/1626/497 787/1567/707 791/1566/709
f 524/2381/481 531/2385/475 784/2289/667
f 524/2381/481 784/2289/667 788/2283/665
f 525/1843/480 785/1919/666 530/1836/474
f 525/1843/480 789/1927/664 785/1919/666
f 526/1115/492 782/1185/690 532/1116/482
f 526/1115/492 786/1187/706 782/1185/690
f 527/1629/493 533/1630/483 783/1569/691
f 527/1629/493 783/1569/691 787/1567/707
f 528/1838/390 879/1899/647 538/1834/412
f 528/1838/390 886/1914/753 879/1899/647
f 528/1838/390 888/1918/770 886/1914/753
f 529/1837/389 539/1833/411 880/1898/750
f 529/1837/389 880/1898/750 887/1913/754
f 529/1837/389 887/1913/754 889/1917/636
f 530/1836/474 781/1902/668 541/1829/470
f 530/1836/474 785/1919/666 781/1902/668
f 531/2385/475 540/2388/471 780/2298/669
f 531/2385/475 780/2298/669 784/2289/667
f 532/1116/482 782/1185/690 542/1117/472
f 533/1630/483 543/1631/473 783/1569/691
f 534/549/395 674/555/568 682/556/563
f 534/2158/395 682/2127/563 670/2128/542
f 535/316/394 671/336/541 683/342/564
f 535/316/394 683/342/564 675/340/567
f 536/546/397 685/554/566 676/553/570
f 536/1122/397 672/1152/544 685/1154/566
f 537/324/396 677/344/569 684/349/565
f 537/1605/396 684/1571/565 673/1570/543
f 538/1150/412 877/1205/645 550/1151/557
f 538/1150/412 879/1207/647 877/1205/645
f 539/1596/411 551/1592/558 878/1526/764
f 539/1596/411 878/1526/764 880/1530/750
f 540/2388/471 545/2393/467 776/2304/671
f 540/2388/471 776/2304/671 780/2298/669
f 541/1829/470 777/1894/670 546/1825/466
f 541/1829/470 781/1902/668 777/1894/670
f 542/1117/472 778/1181/682 544/1118/468
f 542/1117/472 782/1185/690 778/1181/682
f 543/1631/473 547/1632/469 779/1572/683
f 543/1631/473 779/1572/683 783/1569/691
f 544/1118/468 772/1178/674 552/1119/463
f 544/1118/468 778/1181/682 772/1178/674
f 545/2393/467 553/2401/464 773/2312/673
f 545/2393/467 773/2312/673 776/2304/671
f 546/1825/466 774/1889/672 554/1820/463
f 546/1825/466 777/1894/670 774/1889/672
f 547/1632/469 555/1633/465 775/1574/675
f 547/1632/469 775/1574/675 779/1572/683
f 548/1156/912 568/1157/803 865/1216/749
f 549/2205/913 866/2212/748 569/2217/804
f 550/1151/557 875/1203/634 566/1149/561
f 550/1151/557 877/1205/645 875/1203/634
f 551/1592/558 567/1590/562 876/1524/763
f 551/1592/558 876/1524/763 878/1526/764
f 552/1119/463 768/1177/676 562/1120/461
f 552/1119/463 772/1178/674 768/1177/676
f 553/2401/464 563/2407/460 769/2319/677
f 553/2401/464 769/2319/677 773/2312/673
f 554/1820/463 770/1883/676 564/1817/461
f 554/1820/463 774/1889/672 770/1883/676
f 555/1633/465 565/1635/462 771/1580/677
f 555/1633/465 771/1580/677 775/1574/675
f 556/929/218 600/948/225 694/931/345
f 556/929/218 694/931/345 601/889/226
f 557/672/218 602/690/225 695/676/345
f 557/672/218 695/676/345 603/636/226
f 558/1109/335 690/1153/508 700/1158/547
f 558/1109/335 700/1158/547 686/1147/369
f 559/2474/336 687/2463/368 701/2426/548
f 559/2474/336 701/2426/548 691/2441/510
f 560/1735/335 692/1759/507 702/1778/547
f 560/1735/335 702/1778/547 688/1745/367
f 561/1663/336 689/1648/370 703/1611/548
f 561/1663/336 703/1611/548 693/1622/509
f 562/1120/461 764/1176/680 570/1121/458
f 562/1120/461 768/1177/676 764/1176/680
f 563/2407/460 571/2415/459 765/2325/679
f 563/2407/460 765/2325/679 769/2319/677
f 564/1817/461 766/1877/678 572/1814/458
f 564/1817/461 770/1883/676 766/1877/678
f 565/1635/462 573/1636/459 767/1583/681
f 565/1635/462 767/1583/681 771/1580/677
f 566/1149/561 873/1200/644 574/1148/552
f 566/1149/561 875/1203/634 873/1200/644
f 567/1590/562 575/1586/553 874/1520/762
f 567/1590/562 874/1520/762 876/1524/763
f 568/1157/803 867/1219/752 865/1216/749
f 568/2166/803 580/2159/578 867/2116/752
f 569/27/804 868/62/751 581/26/577
f 569/2217/804 866/2212/748 868/2232/751
f 570/1121/458 760/1175/686 576/1123/456
f 570/1121/458 764/1176/680 760/1175/686
f 571/2415/459 577/2420/457 761/2332/687
f 571/2415/459 761/2332/687 765/2325/679
f 572/1814/458 762/1874/686 578/1804/456
f 572/1814/458 766/1877/678 762/1874/686
f 573/1636/459 579/1637/455 763/1585/687
f 573/1636/459 763/1585/687 767/1583/681
f 574/1148/552 871/1197/744 586/1146/545
f 574/1148/552 873/1200/644 871/1197/744
f 575/1586/553 587/1584/546 872/1518/745
f 575/1586/553 872/1518/745 874/1520/762
f 576/1123/456 756/1174/688 582/1124/453
f 576/1123/456 760/1175/686 756/1174/688
f 577/2420/457 583/2422/452 757/2343/689
f 577/2420/457 757/2343/689 761/2332/687
f 578/1804/456 758/1870/688 584/1797/451
f 578/1804/456 762/1874/686 758/1870/688
f 579/1637/455 585/1639/454 759/1587/689
f 579/1637/455 759/1587/689 763/1585/687
f 580/2159/578 592/2156/540 863/2114/765
f 580/2159/578 863/2114/765 867/2116/752
f 581/26/577 864/58/646 593/24/539
f 581/26/577 868/62/751 864/58/646
f 582/1124/453 752/1173/694 588/1125/449
f 582/1124/453 756/1174/688 752/1173/694
f 583/2422/452 589/2423/450 753/2352/693
f 583/2422/452 753/2352/693 757/2343/689
f 584/1797/451 754/1862/692 590/1793/449
f 584/1797/451 758/1870/688 754/1862/692
f 585/1639/454 591/1641/450 755/1589/695
f 585/1639/454 755/1589/695 759/1587/689
f 586/1146/545 869/1194/742 594/1143/530
f 586/1146/545 871/1197/744 869/1194/742
f 587/1584/546 595/1582/531 870/1515/743
f 587/1584/546 870/1515/743 872/1518/745
f 588/1125/449 748/1172/696 596/1126/447
f 588/1125/449 752/1173/694 748/1172/696
f 589/2423/450 597/2424/448 749/2357/697
f 589/2423/450 749/2357/697 753/2352/693
f 590/1793/449 750/1857/696 598/1788/447
f 590/1793/449 754/1862/692 750/1857/696
f 591/1641/450 599/1643/448 751/1591/697
f 591/1641/450 751/1591/697 755/1589/695
f 592/2156/540 608/2154/526 861/2111/741
f 592/2156/540 861/2111/741 863/2114/765
f 593/24/539 862/55/740 609/23/525
f 593/24/539 864/58/646 862/55/740
f 594/1143/530 869/1194/742 610/1141/523
f 595/1582/531 611/1581/522 870/1515/743
f 596/1126/447 744/1171/698 604/1127/445
f 596/1126/447 748/1172/696 744/1171/698
f 597/2424/448 605/2425/446 745/2364/699
f 597/2424/448 745/2364/699 749/2357/697
f 598/1788/447 746/1847/698 606/1786/445
f 598/1788/447 750/1857/696 746/1847/698
f 599/1643/448 607/1644/446 747/1593/699
f 599/1643/448 747/1593/699 751/1591/697
f 600/948/225 686/987/369 696/956/359
f 600/948/225 696/956/359 694/931/345
f 601/889/226 694/931/345 697/894/360
f 601/2476/226 697/2447/360 687/2463/368
f 602/690/225 688/731/367 698/698/359
f 602/690/225 698/698/359 695/676/345
f 603/636/226 695/676/345 699/639/361
f 603/1664/226 699/1624/361 689/1648/370
f 604/1127/445 740/1170/702 612/1128/440
f 604/1127/445 744/1171/698 740/1170/702
f 605/2425/446 613/2427/443 741/2367/701
f 605/2425/446 741/2367/701 745/2364/699
f 606/1786/445 742/1841/700 614/1782/440
f 606/1786/445 746/1847/698 742/1841/700
f 607/1644/446 615/1645/444 743/1594/703
f 607/1644/446 743/1594/703 747/1593/699
f 608/2154/526 616/2150/506 855/2107/643
f 608/2154/526 855/2107/643 861/2111/741
f 609/23/525 856/53/761 617/21/505
f 609/23/525 862/55/740 856/53/761
f 610/1141/523 859/1191/737 618/1139/503
f 610/1141/523 869/1194/742 859/1191/737
f 611/1581/522 619/1579/502 860/1517/738
f 611/1581/522 860/1517/738 870/1515/743
f 612/1128/440 736/1169/704 620/1129/440
f 612/1128/440 740/1170/702 736/1169/704
f 613/2427/443 621/2429/443 737/2376/705
f 613/2427/443 737/2376/705 741/2367/701
f 614/1782/440 738/1832/704 622/1779/440
f 614/1782/440 742/1841/700 738/1832/704
f 615/1645/444 623/1647/442 739/1595/705
f 615/1645/444 739/1595/705 743/1594/703
f 616/2150/506 628/2144/491 851/2104/663
f 616/2150/506 851/2104/663 855/2107/643
f 617/21/505 852/49/662 629/19/490
f 617/21/505 856/53/761 852/49/662
f 618/1139/503 853/1188/729 630/1138/494
f 618/1139/503 859/1191/737 853/1188/729
f 619/1579/502 631/1577/495 854/1519/730
f 619/1579/502 854/1519/730 860/1517/738
f 620/1129/440 732/1168/704 624/1130/441
f 620/1129/440 736/1169/704 732/1168/704
f 621/2429/443 625/2433/443 733/2380/705
f 621/2429/443 733/2380/705 737/2376/705
f 622/1779/440 734/1828/704 626/1776/440
f 622/1779/440 738/1832/704 734/1828/704
f 623/1647/442 627/1649/442 735/1598/705
f 623/1647/442 735/1598/705 739/1595/705
f 624/1130/441 728/1167/704 632/1131/438
f 624/1130/441 732/1168/704 728/1167/704
f 625/2433/443 634/2435/437 729/2383/705
f 625/2433/443 729/2383/705 733/2380/705
f 626/1776/440 730/1822/704 633/1772/436
f 626/1776/440 734/1828/704 730/1822/704
f 627/1649/442 635/1650/439 731/1599/705
f 627/1649/442 731/1599/705 735/1598/705
f 628/2144/491 640/2141/477 845/2102/660
f 628/2144/491 845/2102/660 851/2104/663
f 629/19/490 846/47/659 641/18/476
f 629/19/490 852/49/662 846/47/659
f 630/1138/494 847/1186/719 642/1140/478
f 630/1138/494 853/1188/729 847/1186/719
f 631/1577/495 643/1576/479 848/1522/720
f 631/1577/495 848/1522/720 854/1519/730
f 632/1131/438 724/1165/772 636/1132/434
f 632/1131/438 728/1167/704 724/1165/772
f 633/1772/436 726/1818/772 638/1768/434
f 633/1772/436 730/1822/704 726/1818/772
f 634/2435/437 637/2439/435 725/2386/773
f 634/2435/437 725/2386/773 729/2383/705
f 635/1650/439 639/1652/435 727/1600/773
f 635/1650/439 727/1600/773 731/1599/705
f 636/1132/434 716/1163/776 644/1133/431
f 636/1132/434 720/1164/774 716/1163/776
f 636/1132/434 724/1165/772 720/1164/774
f 637/2439/435 645/2442/433 717/2395/779
f 637/2439/435 717/2395/779 721/2392/775
f 637/2439/435 721/2392/775 725/2386/773
f 638/1768/434 718/1812/778 646/1763/430
f 638/1768/434 722/1816/774 718/1812/778
f 638/1768/434 726/1818/772 722/1816/774
f 639/1652/435 647/1653/432 719/1602/777
f 639/1652/435 719/1602/777 723/1601/775
f 639/1652/435 723/1601/775 727/1600/773
f 640/2141/477 648/2138/487 841/2100/657
f 640/2141/477 841/2100/657 845/2102/660
f 641/18/476 842/46/656 649/17/485
f 641/18/476 846/47/659 842/46/656
f 642/1140/478 843/1183/712 650/1142/488
f 642/1140/478 847/1186/719 843/1183/712
f 643/1576/479 651/1575/486 844/1525/713
f 643/1576/479 844/1525/713 848/1522/720
f 644/1133/431 712/1162/780 652/1134/427
f 644/1133/431 716/1163/776 712/1162/780
f 645/2442/433 653/2445/429 713/2404/781
f 645/2442/433 713/2404/781 717/2395/779
f 646/1763/430 714/1799/780 654/1757/428
f 646/1763/430 718/1812/778 714/1799/780
f 647/1653/432 655/1655/429 715/1603/781
f 647/1653/432 715/1603/781 719/1602/777
f 648/2138/487 660/2134/519 837/2096/654
f 648/2138/487 837/2096/654 841/2100/657
f 649/17/485 838/44/653 661/20/518
f 649/17/485 842/46/656 838/44/653
f 650/1142/488 839/1180/684 662/1145/520
f 650/1142/488 843/1183/712 839/1180/684
f 651/1575/486 663/1573/517 840/1529/685
f 651/1575/486 840/1529/685 844/1525/713
f 652/1134/427 708/1160/784 656/1135/423
f 652/1134/427 712/1162/780 708/1160/784
f 653/2445/429 657/2448/426 709/2411/783
f 653/2445/429 709/2411/783 713/2404/781
f 654/1757/428 710/1796/782 658/1751/424
f 654/1757/428 714/1799/780 710/1796/782
f 655/1655/429 659/1654/425 711/1606/783
f 655/1655/429 711/1606/783 715/1603/781
f 656/1135/423 708/1160/784 890/1159/785
f 656/1135/423 890/1159/785 664/1136/415
f 657/2448/426 665/2454/418 891/2416/787
f 657/2448/426 891/2416/787 709/2411/783
f 658/1751/424 710/1796/782 892/1792/786
f 658/1751/424 892/1792/786 666/1747/417
f 659/1654/425 667/1651/416 893/1607/787
f 659/1654/425 893/1607/787 711/1606/783
f 660/2134/519 670/2128/542 831/2092/642
f 660/2134/519 831/2092/642 837/2096/654
f 661/20/518 832/41/760 671/25/541
f 661/20/518 838/44/653 832/41/760
f 662/1145/520 833/1179/651 672/1152/544
f 662/1145/520 839/1180/684 833/1179/651
f 663/1573/517 673/1570/543 834/1532/652
f 663/1573/517 834/1532/652 840/1529/685
f 664/1136/415 890/1159/785 894/1166/791
f 664/1136/415 894/1166/791 678/1137/419
f 665/2454/418 679/2450/422 895/2418/790
f 665/2454/418 895/2418/790 891/2416/787
f 666/1747/417 892/1792/786 896/1789/789
f 666/1747/417 896/1789/789 680/1748/421
f 667/1651/416 681/1642/420 897/1604/790
f 667/1651/416 897/1604/790 893/1607/787
f 668/552/560 676/553/570 817/582/767
f 668/552/560 817/582/767 674/555/568
f 669/339/559 675/340/567 818/377/631
f 669/339/559 818/377/631 677/344/569
f 670/2128/542 682/2127/563 823/2097/639
f 670/2128/542 823/2097/639 827/2093/640
f 670/2128/542 827/2093/640 831/2092/642
f 671/25/541 832/41/760 828/43/758
f 671/336/541 824/375/757 683/342/564
f 671/336/541 828/374/758 824/375/757
f 672/1152/544 825/1190/630 685/1154/566
f 672/1152/544 829/1184/633 825/1190/630
f 672/1152/544 833/1179/651 829/1184/633
f 673/1570/543 684/1571/565 826/1536/771
f 673/1570/543 826/1536/771 830/1533/769
f 673/1570/543 830/1533/769 834/1532/652
f 674/555/568 817/582/767 819/585/768
f 674/555/568 819/585/768 682/556/563
f 675/340/567 683/342/564 820/376/632
f 675/340/567 820/376/632 818/377/631
f 676/553/570 685/554/566 821/579/638
f 676/553/570 821/579/638 817/582/767
f 677/344/569 818/377/631 822/378/756
f 677/344/569 822/378/756 684/349/565
f 678/1137/419 894/1166/791 898/1182/793
f 678/1137/419 898/1182/793 690/1153/508
f 679/2450/422 691/2441/510 899/2409/794
f 679/2450/422 899/2409/794 895/2418/790
f 680/1748/421 896/1789/789 900/1795/793
f 680/1748/421 900/1795/793 692/1759/507
f 681/1642/420 693/1622/509 901/1597/794
f 681/1642/420 901/1597/794 897/1604/790
f 682/556/563 819/585/768 823/588/639
f 683/342/564 824/375/757 820/376/632
f 684/349/565 822/378/756 826/380/771
f 685/554/566 825/576/630 821/579/638
f 686/987/369 704/993/401 696/956/359
f 686/1147/369 700/1158/547 704/1161/401
f 687/2463/368 697/2447/360 705/2428/402
f 687/2463/368 705/2428/402 701/2426/548
f 688/731/367 706/735/401 698/698/359
f 688/1745/367 702/1778/547 706/1781/401
f 689/1648/370 699/1624/361 707/1609/402
f 689/1648/370 707/1609/402 703/1611/548
f 690/1153/508 898/1182/793 912/1202/800
f 690/1153/508 912/1202/800 700/1158/547
f 691/2441/510 701/2426/548 913/2389/799
f 691/2441/510 913/2389/799 899/2409/794
f 692/1759/507 900/1795/793 914/1815/798
f 692/1759/507 914/1815/798 702/1778/547
f 693/1622/509 703/1611/548 915/1578/797
f 693/1622/509 915/1578/797 901/1597/794
f 694/266/345 696/255/359 902/265/400
f 694/266/345 902/265/400 697/284/360
f 695/2095/345 698/2050/359 903/2091/400
f 695/2095/345 903/2091/400 699/2133/361
f 696/255/359 704/224/401 908/254/403
f 696/255/359 908/254/403 902/265/400
f 697/284/360 902/265/400 909/283/404
f 697/284/360 909/283/404 705/293/402
f 698/2050/359 706/2002/401 910/2048/403
f 698/2050/359 910/2048/403 903/2091/400
f 699/2133/361 903/2091/400 911/2129/404
f 699/2133/361 911/2129/404 707/2168/402
f 700/1158/547 904/1199/592 704/1161/401
f 700/1158/547 912/1202/800 904/1199/592
f 701/2426/548 705/2428/402 905/2403/591
f 701/2426/548 905/2403/591 913/2389/799
f 702/1778/547 906/1798/590 706/1781/401
f 702/1778/547 914/1815/798 906/1798/590
f 703/1611/548 707/1609/402 907/1588/591
f 703/1611/548 907/1588/591 915/1578/797
f 704/224/401 920/228/528 908/254/403
f 704/1161/401 904/1199/592 920/1211/528
f 705/293/402 909/283/404 921/292/529
f 705/2428/402 921/2387/529 905/2403/591
f 706/1781/401 906/1798/590 922/1819/528
f 706/2002/401 922/2010/528 910/2048/403
f 707/1609/402 923/1568/529 907/1588/591
f 707/2168/402 911/2129/404 923/2164/529
f 708/1160/784 712/1162/780 946/1215/1032
f 708/1160/784 934/1213/1041 890/1159/785
f 708/1160/784 946/1215/1032 934/1213/1041
f 709/2411/783 891/2416/787 935/2359/1042
f 709/2411/783 935/2359/1042 947/2353/1033
f 709/2411/783 947/2353/1033 713/2404/781
f 710/1796/782 714/1799/780 948/1851/1034
f 710/1796/782 936/1845/1041 892/1792/786
f 710/1796/782 948/1851/1034 936/1845/1041
f 711/1606/783 893/1607/787 937/1557/1042
f 711/1606/783 937/1557/1042 949/1555/1033
f 711/1606/783 949/1555/1033 715/1603/781
f 712/1162/780 716/1163/776 950/1217/1030
f 712/1162/780 950/1217/1030 946/1215/1032
f 713/2404/781 947/2353/1033 951/2345/1031
f 713/2404/781 951/2345/1031 717/2395/779
f 714/1799/780 718/1812/778 952/1860/1028
f 714/1799/780 952/1860/1028 948/1851/1034
f 715/1603/781 949/1555/1033 953/1549/1029
f 715/1603/781 953/1549/1029 719/1602/777
f 716/1163/776 720/1164/774 958/1221/1023
f 716/1163/776 958/1221/1023 950/1217/1030
f 717/2395/779 951/2345/1031 959/2334/1024
f 717/2395/779 959/2334/1024 721/2392/775
f 718/1812/778 722/1816/774 960/1867/1023
f 718/1812/778 960/1867/1023 952/1860/1028
f 719/1602/777 953/1549/1029 961/1546/1024
f 719/1602/777 961/1546/1024 723/1601/775
f 720/1164/774 724/1165/772 966/1223/1018
f 720/1164/774 966/1223/1018 958/1221/1023
f 721/2392/775 959/2334/1024 967/2327/1017
f 721/2392/775 967/2327/1017 725/2386/773
f 722/1816/774 726/1818/772 968/1872/1016
f 722/1816/774 968/1872/1016 960/1867/1023
f 723/1601/775 961/1546/1024 969/1545/1019
f 723/1601/775 969/1545/1019 727/1600/773
f 724/1165/772 728/1167/704 976/1225/1014
f 724/1165/772 976/1225/1014 966/1223/1018
f 725/2386/773 967/2327/1017 974/2322/1015
f 725/2386/773 974/2322/1015 729/2383/705
f 726/1818/772 730/1822/704 977/1876/1014
f 726/1818/772 977/1876/1014 968/1872/1016
f 727/1600/773 969/1545/1019 975/1543/1015
f 727/1600/773 975/1543/1015 731/1599/705
f 728/1167/704 732/1168/704 982/1226/1010
f 728/1167/704 982/1226/1010 976/1225/1014
f 729/2383/705 974/2322/1015 983/2315/1012
f 729/2383/705 983/2315/1012 733/2380/705
f 730/1822/704 734/1828/704 984/1879/1009
f 730/1822/704 984/1879/1009 977/1876/1014
f 731/1599/705 975/1543/1015 985/1542/1011
f 731/1599/705 985/1542/1011 735/1598/705
f 732/1168/704 736/1169/704 986/1228/1010
f 732/1168/704 986/1228/1010 982/1226/1010
f 733/2380/705 983/2315/1012 987/2308/1012
f 733/2380/705 987/2308/1012 737/2376/705
f 734/1828/704 738/1832/704 988/1885/1009
f 734/1828/704 988/1885/1009 984/1879/1009
f 735/1598/705 985/1542/1011 989/1540/1012
f 735/1598/705 989/1540/1012 739/1595/705
f 736/1169/704 740/1170/702 994/1229/1013
f 736/1169/704 994/1229/1013 986/1228/1010
f 737/2376/705 987/2308/1012 995/2303/1012
f 737/2376/705 995/2303/1012 741/2367/701
f 738/1832/704 742/1841/700 996/1891/1009
f 738/1832/704 996/1891/1009 988/1885/1009
f 739/1595/705 989/1540/1012 997/1539/1012
f 739/1595/705 997/1539/1012 743/1594/703
f 740/1170/702 744/1171/698 1006/1230/1007
f 740/1170/702 1006/1230/1007 994/1229/1013
f 741/2367/701 995/2303/1012 1007/2297/1008
f 741/2367/701 1007/2297/1008 745/2364/699
f 742/1841/700 746/1847/698 1008/1895/1007
f 742/1841/700 1008/1895/1007 996/1891/1009
f 743/1594/703 997/1539/1012 1009/1538/1008
f 743/1594/703 1009/1538/1008 747/1593/699
f 744/1171/698 748/1172/696 1010/1233/1005
f 744/1171/698 1010/1233/1005 1006/1230/1007
f 745/2364/699 1007/2297/1008 1011/2290/1006
f 745/2364/699 1011/2290/1006 749/2357/697
f 746/1847/698 750/1857/696 1012/1905/1005
f 746/1847/698 1012/1905/1005 1008/1895/1007
f 747/1593/699 1009/1538/1008 1013/1537/1006
f 747/1593/699 1013/1537/1006 751/1591/697
f 748/1172/696 752/1173/694 1018/1235/1003
f 748/1172/696 1018/1235/1003 1010/1233/1005
f 749/2357/697 1011/2290/1006 1019/2284/1004
f 749/2357/697 1019/2284/1004 753/2352/693
f 750/1857/696 754/1862/692 1020/1921/1003
f 750/1857/696 1020/1921/1003 1012/1905/1005
f 751/1591/697 1013/1537/1006 1021/1535/1004
f 751/1591/697 1021/1535/1004 755/1589/695
f 752/1173/694 756/1174/688 1024/1238/1001
f 752/1173/694 1024/1238/1001 1018/1235/1003
f 753/2352/693 1019/2284/1004 1025/2279/1000
f 753/2352/693 1025/2279/1000 757/2343/689
f 754/1862/692 758/1870/688 1026/1928/999
f 754/1862/692 1026/1928/999 1020/1921/1003
f 755/1589/695 1021/1535/1004 1027/1534/1002
f 755/1589/695 1027/1534/1002 759/1587/689
f 756/1174/688 760/1175/686 1030/1239/996
f 756/1174/688 1030/1239/996 1024/1238/1001
f 757/2343/689 1025/2279/1000 1031/2267/998
f 757/2343/689 1031/2267/998 761/2332/687
f 758/1870/688 762/1874/686 1032/1931/997
f 758/1870/688 1032/1931/997 1026/1928/999
f 759/1587/689 1027/1534/1002 1033/1531/998
f 759/1587/689 1033/1531/998 763/1585/687
f 760/1175/686 764/1176/680 1036/1241/994
f 760/1175/686 1036/1241/994 1030/1239/996
f 761/2332/687 1031/2267/998 1037/2260/995
f 761/2332/687 1037/2260/995 765/2325/679
f 762/1874/686 766/1877/678 1038/1939/994
f 762/1874/686 1038/1939/994 1032/1931/997
f 763/1585/687 1033/1531/998 1039/1523/995
f 763/1585/687 1039/1523/995 767/1583/681
f 764/1176/680 768/1177/676 1044/1243/992
f 764/1176/680 1044/1243/992 1036/1241/994
f 765/2325/679 1037/2260/995 1045/2255/993
f 765/2325/679 1045/2255/993 769/2319/677
f 766/1877/678 770/1883/676 1046/1942/991
f 766/1877/678 1046/1942/991 1038/1939/994
f 767/1583/681 1039/1523/995 1047/1513/993
f 767/1583/681 1047/1513/993 771/1580/677
f 768/1177/676 772/1178/674 1048/1244/988
f 768/1177/676 1048/1244/988 1044/1243/992
f 769/2319/677 1045/2255/993 1049/2249/990
f 769/2319/677 1049/2249/990 773/2312/673
f 770/1883/676 774/1889/672 1050/1945/989
f 770/1883/676 1050/1945/989 1046/1942/991
f 771/1580/677 1047/1513/993 1051/1510/990
f 771/1580/677 1051/1510/990 775/1574/675
f 772/1178/674 778/1181/682 1060/1246/984
f 772/1178/674 1060/1246/984 1048/1244/988
f 773/2312/673 1049/2249/990 1061/2246/987
f 773/2312/673 1061/2246/987 776/2304/671
f 774/1889/672 777/1894/670 1062/1954/986
f 774/1889/672 1062/1954/986 1050/1945/989
f 775/1574/675 1051/1510/990 1063/1507/985
f 775/1574/675 1063/1507/985 779/1572/683
f 776/2304/671 1061/2246/987 1068/2242/983
f 776/2304/671 1068/2242/983 780/2298/669
f 777/1894/670 781/1902/668 1069/1969/982
f 777/1894/670 1069/1969/982 1062/1954/986
f 778/1181/682 782/1185/690 1070/1247/980
f 778/1181/682 1070/1247/980 1060/1246/984
f 779/1572/683 1063/1507/985 1071/1505/981
f 779/1572/683 1071/1505/981 783/1569/691
f 780/2298/669 1068/2242/983 1078/2233/979
f 780/2298/669 1078/2233/979 784/2289/667
f 781/1902/668 785/1919/666 1079/1975/978
f 781/1902/668 1079/1975/978 1069/1969/982
f 782/1185/690 786/1187/706 1086/1250/960
f 782/1185/690 1080/1249/970 1070/1247/980
f 782/1185/690 1086/1250/960 1080/1249/970
f 783/1569/691 1071/1505/981 1081/1503/971
f 783/1569/691 1081/1503/971 1087/1500/961
f 783/1569/691 1087/1500/961 787/1567/707
f 784/2289/667 1078/2233/979 1084/2223/973
f 784/2289/667 1084/2223/973 788/2283/665
f 785/1919/666 789/1927/664 1085/1980/972
f 785/1919/666 1085/1980/972 1079/1975/978
f 786/1187/706 790/1189/708 1090/1253/955
f 786/1187/706 1090/1253/955 1086/1250/960
f 787/1567/707 1087/1500/961 1091/1497/956
f 787/1567/707 1091/1497/956 791/1566/709
f 788/2283/665 1084/2223/973 1088/2214/964
f 788/2283/665 1088/2214/964 792/2278/661
f 789/1927/664 793/1929/658 1089/1983/957
f 789/1927/664 1089/1983/957 1085/1980/972
f 790/1189/708 794/1192/710 1096/1257/944
f 790/1189/708 1096/1257/944 1090/1253/955
f 791/1566/709 1091/1497/956 1097/1494/954
f 791/1566/709 1097/1494/954 795/1565/711
f 792/2278/661 1088/2214/964 1098/2208/951
f 792/2278/661 1098/2208/951 796/2269/655
f 793/1929/658 797/1932/650 1099/1988/943
f 793/1929/658 1099/1988/943 1089/1983/957
f 794/1192/710 801/1193/714 1105/1262/932
f 794/1192/710 1105/1262/932 1096/1257/944
f 795/1565/711 1097/1494/954 1106/1489/947
f 795/1565/711 1106/1489/947 802/1564/716
f 796/2269/655 1098/2208/951 1113/2198/938
f 796/2269/655 1113/2198/938 798/2262/641
f 797/1932/650 799/1938/759 1114/1997/920
f 797/1932/650 1114/1997/920 1099/1988/943
f 798/2262/641 1113/2198/938 1133/2187/969
f 798/2262/641 1133/2187/969 800/2258/755
f 799/1938/759 800/1937/755 1134/2022/911
f 799/1938/759 1134/2022/911 1114/1997/920
f 800/1937/755 1165/2025/1074 1134/2022/911
f 800/2258/755 1133/2187/969 1165/2176/1074
f 801/1193/714 803/1195/715 1119/1267/909
f 801/1193/714 1119/1267/909 1105/1262/932
f 802/1564/716 1106/1489/947 1124/1484/946
f 802/1564/716 1124/1484/946 804/1563/723
f 803/1195/715 805/1196/722 1135/1276/893
f 803/1195/715 1135/1276/893 1119/1267/909
f 804/1563/723 1124/1484/946 1140/1477/948
f 804/1563/723 1140/1477/948 806/1562/731
f 805/1196/722 807/1198/728 1174/1288/859
f 805/1196/722 1174/1288/859 1135/1276/893
f 806/1562/731 1140/1477/948 808/1561/733
f 807/1198/728 809/1201/734 1174/1288/859
f 808/1561/733 1140/1477/948 1180/1466/945
f 808/1561/733 1180/1466/945 810/1560/732
f 809/1201/734 811/1204/735 1242/1302/854
f 809/1201/734 1242/1302/854 1174/1288/859
f 810/1560/732 1180/1466/945 1245/1454/935
f 810/1560/732 1245/1454/935 812/1558/724
f 811/1204/735 813/1206/727 1349/1316/867
f 811/1204/735 1349/1316/867 1242/1302/854
f 812/1558/724 1245/1454/935 1328/1446/910
f 812/1558/724 1328/1446/910 814/1556/718
f 813/1206/727 815/1208/721 1421/1323/855
f 813/1206/727 1421/1323/855 1349/1316/867
f 814/1556/718 1328/1446/910 1358/1441/872
f 814/1556/718 1358/1441/872 816/1554/717
f 815/1208/721 835/1209/725 1313/1318/835
f 815/1208/721 1313/1318/835 1421/1323/855
f 816/1554/717 1276/1449/832 836/1550/726
f 816/1554/717 1358/1441/872 1276/1449/832
f 817/582/767 821/579/638 926/620/876
f 817/582/767 924/629/875 819/585/768
f 817/582/767 926/620/876 932/630/884
f 817/582/767 932/630/884 924/629/875
f 818/377/631 820/376/632 925/413/874
f 818/377/631 925/413/874 933/416/883
f 818/377/631 927/415/873 822/378/756
f 818/377/631 933/416/883 927/415/873
f 819/585/768 916/628/879 823/588/639
f 819/585/768 924/629/875 916/628/879
f 820/376/632 824/375/757 917/411/880
f 820/376/632 917/411/880 925/413/874
f 821/579/638 825/576/630 918/611/877
f 821/579/638 918/611/877 926/620/876
f 822/378/756 919/414/878 826/380/771
f 822/378/756 927/415/873 919/414/878
f 823/588/639 916/628/879 928/633/906
f 823/588/639 928/633/906 827/591/640
f 824/375/757 828/374/758 929/412/905
f 824/375/757 929/412/905 917/411/880
f 825/1190/630 829/1184/633 930/1224/904
f 825/1190/630 930/1224/904 918/1222/877
f 826/1536/771 919/1492/878 931/1487/903
f 826/1536/771 931/1487/903 830/1533/769
f 827/2093/640 928/2059/906 831/2092/642
f 828/43/758 832/41/760 929/83/905
f 829/1184/633 833/1179/651 930/1224/904
f 830/1533/769 931/1487/903 834/1532/652
f 831/2092/642 928/2059/906 942/2047/941
f 831/2092/642 942/2047/941 837/2096/654
f 832/41/760 838/44/653 943/86/940
f 832/41/760 943/86/940 929/83/905
f 833/1179/651 839/1180/684 944/1227/942
f 833/1179/651 944/1227/942 930/1224/904
f 834/1532/652 931/1487/903 945/1481/939
f 834/1532/652 945/1481/939 840/1529/685
f 835/1209/725 849/1210/736 1193/1304/623
f 835/1209/725 1193/1304/623 1313/1318/835
f 836/1550/726 1179/1455/622 850/1547/739
f 836/1550/726 1276/1449/832 1179/1455/622
f 837/2096/654 942/2047/941 954/2043/967
f 837/2096/654 954/2043/967 841/2100/657
f 838/44/653 842/46/656 955/91/966
f 838/44/653 955/91/966 943/86/940
f 839/1180/684 843/1183/712 956/1231/968
f 839/1180/684 956/1231/968 944/1227/942
f 840/1529/685 945/1481/939 957/1476/965
f 840/1529/685 957/1476/965 844/1525/713
f 841/2100/657 954/2043/967 962/2045/977
f 841/2100/657 962/2045/977 845/2102/660
f 842/46/656 846/47/659 963/99/976
f 842/46/656 963/99/976 955/91/966
f 843/1183/712 847/1186/719 964/1234/974
f 843/1183/712 964/1234/974 956/1231/968
f 844/1525/713 957/1476/965 965/1475/975
f 844/1525/713 965/1475/975 848/1522/720
f 845/2102/660 962/2045/977 978/2049/963
f 845/2102/660 978/2049/963 851/2104/663
f 846/47/659 852/49/662 979/106/962
f 846/47/659 979/106/962 963/99/976
f 847/1186/719 853/1188/729 980/1237/958
f 847/1186/719 980/1237/958 964/1234/974
f 848/1522/720 965/1475/975 981/1472/959
f 848/1522/720 981/1472/959 854/1519/730
f 849/1210/736 857/1212/746 1126/1294/608
f 849/1210/736 1126/1294/608 1193/1304/623
f 850/1547/739 1125/1470/607 858/1548/747
f 850/1547/739 1179/1455/622 1125/1470/607
f 851/2104/663 978/2049/963 990/2051/950
f 851/2104/663 990/2051/950 855/2107/643
f 852/49/662 856/53/761 991/111/949
f 852/49/662 991/111/949 979/106/962
f 853/1188/729 859/1191/737 992/1240/953
f 853/1188/729 992/1240/953 980/1237/958
f 854/1519/730 981/1472/959 993/1471/952
f 854/1519/730 993/1471/952 860/1517/738
f 855/2107/643 990/2051/950 998/2052/934
f 855/2107/643 998/2052/934 861/2111/741
f 856/53/761 862/55/740 999/117/933
f 856/53/761 999/117/933 991/111/949
f 857/1212/746 865/1216/749 1092/1290/594
f 857/1212/746 1092/1290/594 1126/1294/608
f 858/1548/747 1093/1480/593 866/1551/748
f 858/1548/747 1125/1470/607 1093/1480/593
f 859/1191/737 869/1194/742 1000/1242/937
f 859/1191/737 1000/1242/937 992/1240/953
f 860/1517/738 993/1471/952 1001/1468/936
f 860/1517/738 1001/1468/936 870/1515/743
f 861/2111/741 998/2052/934 1014/2057/908
f 861/2111/741 1014/2057/908 863/2114/765
f 862/55/740 864/58/646 1015/118/907
f 862/55/740 1015/118/907 999/117/933
f 863/2114/765 1014/2057/908 1028/2064/866
f 863/2114/765 1028/2064/866 867/2116/752
f 864/58/646 868/62/751 1029/120/865
f 864/58/646 1029/120/865 1015/118/907
f 865/509/749 867/496/752 1040/492/620
f 865/509/749 1040/492/620 1058/506/533
f 865/1216/749 1058/1282/533 1092/1290/594
f 866/1551/748 1093/1480/593 1059/1486/534
f 866/2212/748 1041/2229/621 868/2232/751
f 866/2212/748 1059/2213/534 1041/2229/621
f 867/2116/752 1028/2064/866 1040/2066/620
f 868/62/751 1041/121/621 1029/120/865
f 869/1194/742 871/1197/744 1022/1248/901
f 869/1194/742 1016/1245/921 1000/1242/937
f 869/1194/742 1022/1248/901 1016/1245/921
f 870/1515/743 1001/1468/936 1017/1465/922
f 870/1515/743 1017/1465/922 1023/1464/902
f 870/1515/743 1023/1464/902 872/1518/745
f 871/1197/744 873/1200/644 1034/1252/899
f 871/1197/744 1034/1252/899 1022/1248/901
f 872/1518/745 1023/1464/902 1035/1462/900
f 872/1518/745 1035/1462/900 874/1520/762
f 873/1200/644 875/1203/634 1043/1259/882
f 873/1200/644 1043/1259/882 1034/1252/899
f 874/1520/762 1035/1462/900 1042/1461/881
f 874/1520/762 1042/1461/881 876/1524/763
f 875/1203/634 877/1205/645 1052/1265/886
f 875/1203/634 1052/1265/886 1043/1259/882
f 876/1524/763 1042/1461/881 1053/1460/885
f 876/1524/763 1053/1460/885 878/1526/764
f 877/1205/645 879/1207/647 1072/1269/1050
f 877/1205/645 1072/1269/1050 1052/1265/886
f 878/1526/764 1053/1460/885 1073/1459/1049
f 878/1526/764 1073/1459/1049 880/1530/750
f 879/1899/647 886/1914/753 1082/1959/1082
f 879/1899/647 1082/1959/1082 1072/1949/1050
f 880/1898/750 1073/1948/1049 1083/1960/1081
f 880/1898/750 1083/1960/1081 887/1913/754
f 881/1906/637 883/1907/648 1103/1951/1123
f 881/1906/637 1102/1952/1122 882/1908/649
f 881/1906/637 1103/1951/1123 1104/1950/1124
f 881/1906/637 1104/1950/1124 1102/1952/1122
f 882/1908/649 1100/1956/1112 884/1912/766
f 882/1908/649 1102/1952/1122 1100/1956/1112
f 883/1907/648 885/1911/635 1101/1957/1111
f 883/1907/648 1101/1957/1111 1103/1951/1123
f 884/1912/766 1094/1962/1097 888/1918/770
f 884/1912/766 1100/1956/1112 1094/1962/1097
f 885/1911/635 889/1917/636 1095/1961/1096
f 885/1911/635 1095/1961/1096 1101/1957/1111
f 886/1914/753 888/1918/770 1082/1959/1082
f 887/1913/754 1083/1960/1081 889/1917/636
f 888/1918/770 1094/1962/1097 1082/1959/1082
f 889/1917/636 1083/1960/1081 1095/1961/1096
f 890/1159/785 934/1213/1041 938/1214/1043
f 890/1159/785 938/1214/1043 894/1166/791
f 891/2416/787 895/2418/790 939/2363/1044
f 891/2416/787 939/2363/1044 935/2359/1042
f 892/1792/786 936/1845/1041 940/1840/1043
f 892/1792/786 940/1840/1043 896/1789/789
f 893/1607/787 897/1604/790 941/1559/1044
f 893/1607/787 941/1559/1044 937/1557/1042
f 894/1166/791 938/1214/1043 970/1218/1039
f 894/1166/791 970/1218/1039 898/1182/793
f 895/2418/790 899/2409/794 971/2361/1040
f 895/2418/790 971/2361/1040 939/2363/1044
f 896/1789/789 940/1840/1043 972/1844/1039
f 896/1789/789 972/1844/1039 900/1795/793
f 897/1604/790 901/1597/794 973/1553/1040
f 897/1604/790 973/1553/1040 941/1559/1044
f 898/1182/793 970/1218/1039 1064/1236/929
f 898/1182/793 1064/1236/929 912/1202/800
f 899/2409/794 913/2389/799 1065/2348/928
f 899/2409/794 1065/2348/928 971/2361/1040
f 900/1795/793 972/1844/1039 1066/1856/927
f 900/1795/793 1066/1856/927 914/1815/798
f 901/1597/794 915/1578/797 1067/1541/930
f 901/1597/794 1067/1541/930 973/1553/1040
f 902/265/400 908/254/403 1107/264/414
f 902/265/400 1107/264/414 909/283/404
f 903/2091/400 910/2048/403 1108/2090/413
f 903/2091/400 1108/2090/413 911/2129/404
f 904/1199/592 912/1202/800 1002/1220/805
f 904/1199/592 1002/1220/805 1054/1232/599
f 904/1199/592 1054/1232/599 920/1211/528
f 905/2403/591 921/2387/529 1055/2362/600
f 905/2403/591 1003/2365/807 913/2389/799
f 905/2403/591 1055/2362/600 1003/2365/807
f 906/1798/590 914/1815/798 1004/1835/805
f 906/1798/590 1004/1835/805 1056/1842/599
f 906/1798/590 1056/1842/599 922/1819/528
f 907/1588/591 923/1568/529 1057/1544/600
f 907/1588/591 1005/1552/806 915/1578/797
f 907/1588/591 1057/1544/600 1005/1552/806
f 908/254/403 920/228/528 1120/253/500
f 908/254/403 1120/253/500 1107/264/414
f 909/283/404 1107/264/414 1121/281/501
f 909/283/404 1121/281/501 921/292/529
f 910/2048/403 922/2010/528 1122/2044/500
f 910/2048/403 1122/2044/500 1108/2090/413
f 911/2129/404 1108/2090/413 1123/2126/501
f 911/2129/404 1123/2126/501 923/2164/529
f 912/1202/800 1064/1236/929 1002/1220/805
f 913/2389/799 1003/2365/807 1065/2348/928
f 914/1815/798 1066/1856/927 1004/1835/805
f 915/1578/797 1005/1552/806 1067/1541/930
f 916/628/879 924/629/875 1074/641/1071
f 916/628/879 1074/641/1071 928/633/906
f 917/411/880 929/412/905 1075/418/1069
f 917/411/880 1075/418/1069 925/413/874
f 918/611/877 1076/640/1070 926/620/876
f 918/1222/877 930/1224/904 1076/1251/1070
f 919/414/878 927/415/873 1077/423/1068
f 919/1492/878 1077/1467/1068 931/1487/903
f 920/228/528 1157/226/573 1120/253/500
f 920/1211/528 1054/1232/599 1157/1261/573
f 921/292/529 1121/281/501 1158/291/574
f 921/2387/529 1158/2329/574 1055/2362/600
f 922/1819/528 1056/1842/599 1159/1871/573
f 922/2010/528 1159/2009/573 1122/2044/500
f 923/1568/529 1160/1528/572 1057/1544/600
f 923/2164/529 1123/2126/501 1160/2160/572
f 924/629/875 932/630/884 1109/645/1100
f 924/629/875 1109/645/1100 1074/641/1071
f 925/413/874 1075/418/1069 1110/428/1101
f 925/413/874 1110/428/1101 933/416/883
f 926/620/876 1076/640/1070 1111/643/1099
f 926/620/876 1111/643/1099 932/630/884
f 927/415/873 933/416/883 1112/437/1098
f 927/415/873 1112/437/1098 1077/423/1068
f 928/633/906 1074/641/1071 1115/647/1127
f 928/2059/906 1115/2026/1127 942/2047/941
f 929/83/905 943/86/940 1116/122/1126
f 929/412/905 1116/426/1126 1075/418/1069
f 930/1224/904 944/1227/942 1117/1263/1128
f 930/1224/904 1117/1263/1128 1076/1251/1070
f 931/1487/903 1077/1467/1068 1118/1452/1125
f 931/1487/903 1118/1452/1125 945/1481/939
f 932/630/884 1111/643/1099 1127/646/1110
f 932/630/884 1127/646/1110 1109/645/1100
f 933/416/883 1110/428/1101 1128/443/1109
f 933/416/883 1128/443/1109 1112/437/1098
f 934/1213/1041 946/1215/1032 1136/1260/1256
f 934/1213/1041 1129/1256/1263 938/1214/1043
f 934/1213/1041 1136/1260/1256 1129/1256/1263
f 935/2359/1042 939/2363/1044 1130/2313/1265
f 935/2359/1042 1130/2313/1265 1137/2307/1257
f 935/2359/1042 1137/2307/1257 947/2353/1033
f 936/1845/1041 948/1851/1034 1138/1887/1258
f 936/1845/1041 1131/1882/1264 940/1840/1043
f 936/1845/1041 1138/1887/1258 1131/1882/1264
f 937/1557/1042 941/1559/1044 1132/1527/1266
f 937/1557/1042 1132/1527/1266 1139/1516/1259
f 937/1557/1042 1139/1516/1259 949/1555/1033
f 938/1214/1043 1129/1256/1263 1141/1258/1253
f 938/1214/1043 1141/1258/1253 970/1218/1039
f 939/2363/1044 971/2361/1040 1142/2314/1254
f 939/2363/1044 1142/2314/1254 1130/2313/1265
f 940/1840/1043 1131/1882/1264 1143/1881/1253
f 940/1840/1043 1143/1881/1253 972/1844/1039
f 941/1559/1044 973/1553/1040 1144/1521/1254
f 941/1559/1044 1144/1521/1254 1132/1527/1266
f 942/2047/941 1115/2026/1127 1149/2017/1151
f 942/2047/941 1149/2017/1151 954/2043/967
f 943/86/940 955/91/966 1150/124/1150
f 943/86/940 1150/124/1150 1116/122/1126
f 944/1227/942 956/1231/968 1151/1272/1152
f 944/1227/942 1151/1272/1152 1117/1263/1128
f 945/1481/939 1118/1452/1125 1152/1448/1149
f 945/1481/939 1152/1448/1149 957/1476/965
f 946/1215/1032 950/1217/1030 1153/1264/1250
f 946/1215/1032 1153/1264/1250 1136/1260/1256
f 947/2353/1033 1137/2307/1257 1154/2300/1251
f 947/2353/1033 1154/2300/1251 951/2345/1031
f 948/1851/1034 952/1860/1028 1155/1893/1252
f 948/1851/1034 1155/1893/1252 1138/1887/1258
f 949/1555/1033 1139/1516/1259 1156/1511/1249
f 949/1555/1033 1156/1511/1249 953/1549/1029
f 950/1217/1030 958/1221/1023 1166/1266/1244
f 950/1217/1030 1166/1266/1244 1153/1264/1250
f 951/2345/1031 1154/2300/1251 1167/2293/1246
f 951/2345/1031 1167/2293/1246 959/2334/1024
f 952/1860/1028 960/1867/1023 1168/1900/1244
f 952/1860/1028 1168/1900/1244 1155/1893/1252
f 953/1549/1029 1156/1511/1249 1169/1508/1245
f 953/1549/1029 1169/1508/1245 961/1546/1024
f 954/2043/967 1149/2017/1151 1170/2007/1178
f 954/2043/967 1170/2007/1178 962/2045/977
f 955/91/966 963/99/976 1171/125/1177
f 955/91/966 1171/125/1177 1150/124/1150
f 956/1231/968 964/1234/974 1172/1277/1175
f 956/1231/968 1172/1277/1175 1151/1272/1152
f 957/1476/965 1152/1448/1149 1173/1442/1176
f 957/1476/965 1173/1442/1176 965/1475/975
f 958/1221/1023 966/1223/1018 1175/1270/1241
f 958/1221/1023 1175/1270/1241 1166/1266/1244
f 959/2334/1024 1167/2293/1246 1176/2287/1243
f 959/2334/1024 1176/2287/1243 967/2327/1017
f 960/1867/1023 968/1872/1016 1177/1916/1241
f 960/1867/1023 1177/1916/1241 1168/1900/1244
f 961/1546/1024 1169/1508/1245 1178/1506/1242
f 961/1546/1024 1178/1506/1242 969/1545/1019
f 962/2045/977 1170/2007/1178 1181/2004/1189
f 962/2045/977 1181/2004/1189 978/2049/963
f 963/99/976 979/106/962 1182/126/1188
f 963/99/976 1182/126/1188 1171/125/1177
f 964/1234/974 980/1237/958 1183/1280/1186
f 964/1234/974 1183/1280/1186 1172/1277/1175
f 965/1475/975 1173/1442/1176 1184/1440/1187
f 965/1475/975 1184/1440/1187 981/1472/959
f 966/1223/1018 976/1225/1014 1185/1271/1236
f 966/1223/1018 1185/1271/1236 1175/1270/1241
f 967/2327/1017 1176/2287/1243 1186/2282/1237
f 967/2327/1017 1186/2282/1237 974/2322/1015
f 968/1872/1016 977/1876/1014 1187/1926/1236
f 968/1872/1016 1187/1926/1236 1177/1916/1241
f 969/1545/1019 1178/1506/1242 1188/1504/1238
f 969/1545/1019 1188/1504/1238 975/1543/1015
f 970/1218/1039 1141/1258/1253 1189/1268/1132
f 970/1218/1039 1189/1268/1132 1064/1236/929
f 971/2361/1040 1065/2348/928 1190/2305/1131
f 971/2361/1040 1190/2305/1131 1142/2314/1254
f 972/1844/1039 1143/1881/1253 1191/1888/1132
f 972/1844/1039 1191/1888/1132 1066/1856/927
f 973/1553/1040 1067/1541/930 1192/1509/1131
f 973/1553/1040 1192/1509/1131 1144/1521/1254
f 974/2322/1015 1186/2282/1237 1195/2274/1235
f 974/2322/1015 1195/2274/1235 983/2315/1012
f 975/1543/1015 1188/1504/1238 1197/1502/1234
f 975/1543/1015 1197/1502/1234 985/1542/1011
f 976/1225/1014 982/1226/1010 1194/1273/1233
f 976/1225/1014 1194/1273/1233 1185/1271/1236
f 977/1876/1014 984/1879/1009 1196/1930/1233
f 977/1876/1014 1196/1930/1233 1187/1926/1236
f 978/2049/963 1181/2004/1189 1198/2006/1185
f 978/2049/963 1198/2006/1185 990/2051/950
f 979/106/962 991/111/949 1199/129/1184
f 979/106/962 1199/129/1184 1182/126/1188
f 980/1237/958 992/1240/953 1200/1283/1180
f 980/1237/958 1200/1283/1180 1183/1280/1186
f 981/1472/959 1184/1440/1187 1201/1437/1181
f 981/1472/959 1201/1437/1181 993/1471/952
f 982/1226/1010 986/1228/1010 1202/1274/1231
f 982/1226/1010 1202/1274/1231 1194/1273/1233
f 983/2315/1012 1195/2274/1235 1203/2264/1230
f 983/2315/1012 1203/2264/1230 987/2308/1012
f 984/1879/1009 988/1885/1009 1204/1936/1229
f 984/1879/1009 1204/1936/1229 1196/1930/1233
f 985/1542/1011 1197/1502/1234 1205/1499/1232
f 985/1542/1011 1205/1499/1232 989/1540/1012
f 986/1228/1010 994/1229/1013 1206/1278/1227
f 986/1228/1010 1206/1278/1227 1202/1274/1231
f 987/2308/1012 1203/2264/1230 1207/2259/1230
f 987/2308/1012 1207/2259/1230 995/2303/1012
f 988/1885/1009 996/1891/1009 1208/1941/1229
f 988/1885/1009 1208/1941/1229 1204/1936/1229
f 989/1540/1012 1205/1499/1232 1209/1498/1228
f 989/1540/1012 1209/1498/1228 997/1539/1012
f 990/2051/950 1198/2006/1185 1214/2008/1169
f 990/2051/950 1214/2008/1169 998/2052/934
f 991/111/949 999/117/933 1215/154/1170
f 991/111/949 1215/154/1170 1199/129/1184
f 992/1240/953 1000/1242/937 1216/1289/1168
f 992/1240/953 1216/1289/1168 1200/1283/1180
f 993/1471/952 1201/1437/1181 1217/1435/1167
f 993/1471/952 1217/1435/1167 1001/1468/936
f 994/1229/1013 1006/1230/1007 1218/1279/1229
f 994/1229/1013 1218/1279/1229 1206/1278/1227
f 995/2303/1012 1207/2259/1230 1219/2256/1228
f 995/2303/1012 1219/2256/1228 1007/2297/1008
f 996/1891/1009 1008/1895/1007 1220/1943/1229
f 996/1891/1009 1220/1943/1229 1208/1941/1229
f 997/1539/1012 1209/1498/1228 1221/1495/1230
f 997/1539/1012 1221/1495/1230 1009/1538/1008
f 998/2052/934 1214/2008/1169 1222/2011/1154
f 998/2052/934 1222/2011/1154 1014/2057/908
f 999/117/933 1015/118/907 1223/161/1153
f 999/117/933 1223/161/1153 1215/154/1170
f 1000/1242/937 1016/1245/921 1236/1297/1146
f 1000/1242/937 1224/1292/1157 1216/1289/1168
f 1000/1242/937 1236/1297/1146 1224/1292/1157
f 1001/1468/936 1217/1435/1167 1225/1434/1158
f 1001/1468/936 1225/1434/1158 1237/1432/1147
f 1001/1468/936 1237/1432/1147 1017/1465/922
f 1002/1220/805 1064/1236/929 1145/1254/890
f 1002/1220/805 1145/1254/890 1161/1255/810
f 1002/1220/805 1161/1255/810 1054/1232/599
f 1003/2365/807 1055/2362/600 1162/2318/809
f 1003/2365/807 1146/2317/891 1065/2348/928
f 1003/2365/807 1162/2318/809 1146/2317/891
f 1004/1835/805 1066/1856/927 1147/1875/892
f 1004/1835/805 1147/1875/892 1163/1873/808
f 1004/1835/805 1163/1873/808 1056/1842/599
f 1005/1552/806 1057/1544/600 1164/1512/811
f 1005/1552/806 1148/1514/891 1067/1541/930
f 1005/1552/806 1164/1512/811 1148/1514/891
f 1006/1230/1007 1010/1233/1005 1226/1281/1225
f 1006/1230/1007 1226/1281/1225 1218/1279/1229
f 1007/2297/1008 1219/2256/1228 1227/2251/1226
f 1007/2297/1008 1227/2251/1226 1011/2290/1006
f 1008/1895/1007 1012/1905/1005 1228/1946/1225
f 1008/1895/1007 1228/1946/1225 1220/1943/1229
f 1009/1538/1008 1221/1495/1230 1229/1493/1226
f 1009/1538/1008 1229/1493/1226 1013/1537/1006
f 1010/1233/1005 1018/1235/1003 1230/1284/1223
f 1010/1233/1005 1230/1284/1223 1226/1281/1225
f 1011/2290/1006 1227/2251/1226 1231/2248/1224
f 1011/2290/1006 1231/2248/1224 1019/2284/1004
f 1012/1905/1005 1020/1921/1003 1232/1953/1223
f 1012/1905/1005 1232/1953/1223 1228/1946/1225
f 1013/1537/1006 1229/1493/1226 1233/1490/1222
f 1013/1537/1006 1233/1490/1222 1021/1535/1004
f 1014/2057/908 1222/2011/1154 1234/2013/1145
f 1014/2057/908 1234/2013/1145 1028/2064/866
f 1015/118/907 1029/120/865 1235/162/1144
f 1015/118/907 1235/162/1144 1223/161/1153
f 1016/1245/921 1022/1248/901 1246/1301/1133
f 1016/1245/921 1246/1301/1133 1236/1297/1146
f 1017/1465/922 1237/1432/1147 1247/1430/1134
f 1017/1465/922 1247/1430/1134 1023/1464/902
f 1018/1235/1003 1024/1238/1001 1238/1286/1221
f 1018/1235/1003 1238/1286/1221 1230/1284/1223
f 1019/2284/1004 1231/2248/1224 1239/2244/1220
f 1019/2284/1004 1239/2244/1220 1025/2279/1000
f 1020/1921/1003 1026/1928/999 1240/1967/1219
f 1020/1921/1003 1240/1967/1219 1232/1953/1223
f 1021/1535/1004 1233/1490/1222 1241/1488/1220
f 1021/1535/1004 1241/1488/1220 1027/1534/1002
f 1022/1248/901 1034/1252/899 1270/1305/1118
f 1022/1248/901 1270/1305/1118 1246/1301/1133
f 1023/1464/902 1247/1430/1134 1271/1428/1119
f 1023/1464/902 1271/1428/1119 1035/1462/900
f 1024/1238/1001 1030/1239/996 1248/1291/1217
f 1024/1238/1001 1248/1291/1217 1238/1286/1221
f 1025/2279/1000 1239/2244/1220 1249/2238/1218
f 1025/2279/1000 1249/2238/1218 1031/2267/998
f 1026/1928/999 1032/1931/997 1250/1974/1217
f 1026/1928/999 1250/1974/1217 1240/1967/1219
f 1027/1534/1002 1241/1488/1220 1251/1485/1218
f 1027/1534/1002 1251/1485/1218 1033/1531/998
f 1028/2064/866 1234/2013/1145 1256/2014/1114
f 1028/2064/866 1256/2014/1114 1040/2066/620
f 1029/120/865 1041/121/621 1257/164/1115
f 1029/120/865 1257/164/1115 1235/162/1144
f 1030/1239/996 1036/1241/994 1266/1293/1216
f 1030/1239/996 1266/1293/1216 1248/1291/1217
f 1031/2267/998 1249/2238/1218 1267/2228/1215
f 1031/2267/998 1267/2228/1215 1037/2260/995
f 1032/1931/997 1038/1939/994 1268/1978/1214
f 1032/1931/997 1268/1978/1214 1250/1974/1217
f 1033/1531/998 1251/1485/1218 1269/1483/1215
f 1033/1531/998 1269/1483/1215 1039/1523/995
f 1034/1252/899 1043/1259/882 1291/1311/1089
f 1034/1252/899 1291/1311/1089 1270/1305/1118
f 1035/1462/900 1271/1428/1119 1292/1426/1088
f 1035/1462/900 1292/1426/1088 1042/1461/881
f 1036/1241/994 1044/1243/992 1277/1296/1212
f 1036/1241/994 1277/1296/1212 1266/1293/1216
f 1037/2260/995 1267/2228/1215 1278/2218/1213
f 1037/2260/995 1278/2218/1213 1045/2255/993
f 1038/1939/994 1046/1942/991 1279/1982/1212
f 1038/1939/994 1279/1982/1212 1268/1978/1214
f 1039/1523/995 1269/1483/1215 1280/1479/1213
f 1039/1523/995 1280/1479/1213 1047/1513/993
f 1040/492/620 1281/503/864 1058/506/533
f 1040/2066/620 1256/2014/1114 1281/2003/864
f 1041/121/621 1282/165/863 1257/164/1115
f 1041/2229/621 1059/2213/534 1282/2211/863
f 1042/1461/881 1292/1426/1088 1325/1424/1067
f 1042/1461/881 1325/1424/1067 1053/1460/885
f 1043/1259/882 1052/1265/886 1324/1315/1066
f 1043/1259/882 1324/1315/1066 1291/1311/1089
f 1044/1243/992 1048/1244/988 1287/1299/1210
f 1044/1243/992 1287/1299/1210 1277/1296/1212
f 1045/2255/993 1278/2218/1213 1288/2210/1211
f 1045/2255/993 1288/2210/1211 1049/2249/990
f 1046/1942/991 1050/1945/989 1289/1987/1210
f 1046/1942/991 1289/1987/1210 1279/1982/1212
f 1047/1513/993 1280/1479/1213 1290/1473/1211
f 1047/1513/993 1290/1473/1211 1051/1510/990
f 1048/1244/988 1060/1246/984 1309/1300/1207
f 1048/1244/988 1309/1300/1207 1287/1299/1210
f 1049/2249/990 1288/2210/1211 1310/2206/1208
f 1049/2249/990 1310/2206/1208 1061/2246/987
f 1050/1945/989 1062/1954/986 1311/1996/1207
f 1050/1945/989 1311/1996/1207 1289/1987/1210
f 1051/1510/990 1290/1473/1211 1312/1469/1209
f 1051/1510/990 1312/1469/1209 1063/1507/985
f 1052/1265/886 1072/1269/1050 1361/1320/1156
f 1052/1265/886 1361/1320/1156 1324/1315/1066
f 1053/1460/885 1325/1424/1067 1362/1422/1155
f 1053/1460/885 1362/1422/1155 1073/1459/1049
f 1054/1232/599 1161/1255/810 1262/1275/611
f 1054/1232/599 1262/1275/611 1157/1261/573
f 1055/2362/600 1158/2329/574 1263/2302/612
f 1055/2362/600 1263/2302/612 1162/2318/809
f 1056/1842/599 1163/1873/808 1264/1884/610
f 1056/1842/599 1264/1884/610 1159/1871/573
f 1057/1544/600 1160/1528/572 1265/1501/612
f 1057/1544/600 1265/1501/612 1164/1512/811
f 1058/506/533 1281/503/864 1318/508/354
f 1058/1282/533 1318/1324/354 1397/1330/406
f 1058/1282/533 1397/1330/406 1092/1290/594
f 1059/1486/534 1093/1480/593 1398/1429/405
f 1059/1486/534 1398/1429/405 1319/1436/353
f 1059/2213/534 1319/2204/353 1282/2211/863
f 1060/1246/984 1070/1247/980 1329/1303/1201
f 1060/1246/984 1329/1303/1201 1309/1300/1207
f 1061/2246/987 1310/2206/1208 1330/2195/1206
f 1061/2246/987 1330/2195/1206 1068/2242/983
f 1062/1954/986 1069/1969/982 1331/2020/1205
f 1062/1954/986 1331/2020/1205 1311/1996/1207
f 1063/1507/985 1312/1469/1209 1332/1463/1202
f 1063/1507/985 1332/1463/1202 1071/1505/981
f 1064/1236/929 1189/1268/1132 1145/1254/890
f 1065/2348/928 1146/2317/891 1190/2305/1131
f 1066/1856/927 1191/1888/1132 1147/1875/892
f 1067/1541/930 1148/1514/891 1192/1509/1131
f 1068/2242/983 1330/2195/1206 1345/2190/1204
f 1068/2242/983 1345/2190/1204 1078/2233/979
f 1069/1969/982 1079/1975/978 1346/2029/1203
f 1069/1969/982 1346/2029/1203 1331/2020/1205
f 1070/1247/980 1080/1249/970 1347/1306/1196
f 1070/1247/980 1347/1306/1196 1329/1303/1201
f 1071/1505/981 1332/1463/1202 1348/1458/1197
f 1071/1505/981 1348/1458/1197 1081/1503/971
f 1072/1/1050 1082/14/1082 1361/10/1156
f 1073/541/1049 1362/535/1155 1083/536/1081
f 1074/2472/1071 1109/2452/1100 1210/2449/1280
f 1074/2472/1071 1210/2449/1280 1115/2479/1127
f 1075/418/1069 1116/426/1126 1211/461/1279
f 1075/418/1069 1211/461/1279 1110/428/1101
f 1076/640/1070 1117/642/1128 1212/673/1276
f 1076/640/1070 1212/673/1276 1111/643/1099
f 1077/1880/1068 1112/1853/1098 1213/1855/1277
f 1077/1880/1068 1213/1855/1277 1118/1890/1125
f 1078/2233/979 1345/2190/1204 1363/2178/1199
f 1078/2233/979 1363/2178/1199 1084/2223/973
f 1079/1975/978 1085/1980/972 1364/2032/1198
f 1079/1975/978 1364/2032/1198 1346/2029/1203
f 1080/1249/970 1086/1250/960 1385/1312/1182
f 1080/1249/970 1365/1309/1190 1347/1306/1196
f 1080/1249/970 1385/1312/1182 1365/1309/1190
f 1081/1503/971 1348/1458/1197 1366/1453/1191
f 1081/1503/971 1366/1453/1191 1386/1451/1183
f 1081/1503/971 1386/1451/1183 1087/1500/961
f 1082/14/1082 1094/29/1097 1423/15/1291
f 1082/14/1082 1423/15/1291 1361/10/1156
f 1083/536/1081 1362/535/1155 1422/528/1290
f 1083/536/1081 1422/528/1290 1095/517/1096
f 1084/2223/973 1363/2178/1199 1383/2174/1195
f 1084/2223/973 1383/2174/1195 1088/2214/964
f 1085/1980/972 1089/1983/957 1384/2037/1194
f 1085/1980/972 1384/2037/1194 1364/2032/1198
f 1086/1250/960 1090/1253/955 1419/1313/1173
f 1086/1250/960 1419/1313/1173 1385/1312/1182
f 1087/1500/961 1386/1451/1183 1420/1450/1174
f 1087/1500/961 1420/1450/1174 1091/1497/956
f 1088/2214/964 1383/2174/1195 1417/2169/1193
f 1088/2214/964 1417/2169/1193 1098/2208/951
f 1089/1983/957 1099/1988/943 1418/2062/1192
f 1089/1983/957 1418/2062/1192 1384/2037/1194
f 1090/1253/955 1096/1257/944 1440/1319/1165
f 1090/1253/955 1440/1319/1165 1419/1313/1173
f 1091/1497/956 1420/1450/1174 1441/1445/1166
f 1091/1497/956 1441/1445/1166 1097/1494/954
f 1092/1290/594 1397/1330/406 1520/1334/555
f 1092/1290/594 1520/1334/555 1126/1294/608
f 1093/1480/593 1125/1470/607 1519/1420/554
f 1093/1480/593 1519/1420/554 1398/1429/405
f 1094/29/1097 1100/103/1112 1460/28/1298
f 1094/29/1097 1460/28/1298 1423/15/1291
f 1095/517/1096 1422/528/1290 1461/513/1297
f 1095/517/1096 1461/513/1297 1101/464/1111
f 1096/1257/944 1105/1262/932 1474/1321/1148
f 1096/1257/944 1474/1321/1148 1440/1319/1165
f 1097/1494/954 1441/1445/1166 1475/1439/1164
f 1097/1494/954 1475/1439/1164 1106/1489/947
f 1098/2208/951 1417/2169/1193 1444/2163/1239
f 1098/2208/951 1444/2163/1239 1113/2198/938
f 1099/1988/943 1114/1997/920 1445/2074/1200
f 1099/1988/943 1445/2074/1200 1418/2062/1192
f 1100/103/1112 1102/201/1122 1498/94/1307
f 1100/103/1112 1498/94/1307 1460/28/1298
f 1101/464/1111 1461/513/1297 1499/459/1306
f 1101/464/1111 1499/459/1306 1103/372/1123
f 1102/201/1122 1104/279/1124 1512/198/1309
f 1102/201/1122 1512/198/1309 1498/94/1307
f 1103/372/1123 1499/459/1306 1513/354/1308
f 1103/372/1123 1513/354/1308 1104/279/1124
f 1104/279/1124 1513/354/1308 1521/274/1310
f 1104/279/1124 1521/274/1310 1512/198/1309
f 1105/1262/932 1119/1267/909 1514/1327/1135
f 1105/1262/932 1514/1327/1135 1474/1321/1148
f 1106/1489/947 1475/1439/1164 1522/1433/1162
f 1106/1489/947 1522/1433/1162 1124/1484/946
f 1107/264/414 1120/253/500 1381/262/535
f 1107/264/414 1381/262/535 1121/281/501
f 1108/2090/413 1122/2044/500 1382/2085/535
f 1108/2090/413 1382/2085/535 1123/2126/501
f 1109/2452/1100 1127/2421/1110 1210/2449/1280
f 1110/1774/1101 1211/1769/1279 1128/1813/1109
f 1111/2378/1099 1212/2366/1276 1127/2421/1110
f 1112/1853/1098 1128/1813/1109 1213/1855/1277
f 1113/2198/938 1444/2163/1239 1494/2152/1248
f 1113/2198/938 1494/2152/1248 1133/2187/969
f 1114/1997/920 1134/2022/911 1495/2077/1240
f 1114/1997/920 1495/2077/1240 1445/2074/1200
f 1115/2479/1127 1210/2449/1280 1283/2455/1314
f 1115/2479/1127 1283/2455/1314 1149/2486/1151
f 1116/1739/1126 1150/1731/1150 1284/1762/1315
f 1116/1739/1126 1284/1762/1315 1211/1769/1279
f 1117/2323/1128 1151/2306/1152 1285/2358/1316
f 1117/2323/1128 1285/2358/1316 1212/2366/1276
f 1118/1890/1125 1213/1855/1277 1286/1859/1317
f 1118/1890/1125 1286/1859/1317 1152/1896/1149
f 1119/1267/909 1135/1276/893 1560/1332/1113
f 1119/1267/909 1560/1332/1113 1514/1327/1135
f 1120/253/500 1157/226/573 1405/250/549
f 1120/253/500 1405/250/549 1381/262/535
f 1121/281/501 1381/262/535 1406/278/550
f 1121/281/501 1406/278/550 1158/291/574
f 1122/2044/500 1159/2009/573 1407/2040/551
f 1122/2044/500 1407/2040/551 1382/2085/535
f 1123/2126/501 1382/2085/535 1408/2123/550
f 1123/2126/501 1408/2123/550 1160/2160/572
f 1124/1484/946 1522/1433/1162 1570/1425/1161
f 1124/1484/946 1570/1425/1161 1140/1477/948
f 1125/1470/607 1179/1455/622 1595/1413/788
f 1125/1470/607 1595/1413/788 1519/1420/554
f 1126/1294/608 1520/1334/555 1601/1347/792
f 1126/1294/608 1601/1347/792 1193/1304/623
f 1127/2421/1110 1212/2366/1276 1243/2419/1300
f 1127/2421/1110 1243/2419/1300 1210/2449/1280
f 1128/1813/1109 1211/1769/1279 1244/1805/1299
f 1128/1813/1109 1244/1805/1299 1213/1855/1277
f 1129/69/1263 1136/68/1256 1252/114/1431
f 1129/69/1263 1252/114/1431 1258/116/1415
f 1129/69/1263 1258/116/1415 1141/71/1253
f 1130/211/1265 1142/210/1254 1259/170/1418
f 1130/211/1265 1253/171/1433 1137/212/1257
f 1130/211/1265 1259/170/1418 1253/171/1433
f 1131/329/1264 1138/328/1258 1254/369/1432
f 1131/329/1264 1254/369/1432 1260/371/1417
f 1131/329/1264 1260/371/1417 1143/330/1253
f 1132/468/1266 1144/467/1254 1261/427/1416
f 1132/468/1266 1255/429/1433 1139/469/1259
f 1132/468/1266 1261/427/1416 1255/429/1433
f 1133/267/969 1557/256/1267 1165/273/1074
f 1133/2187/969 1494/2152/1248 1557/2131/1267
f 1134/2022/911 1561/2088/1260 1495/2077/1240
f 1134/2202/911 1165/2231/1074 1561/2203/1260
f 1135/1276/893 1174/1288/859 1600/1340/1085
f 1135/1276/893 1600/1340/1085 1560/1332/1113
f 1136/68/1256 1153/67/1250 1272/113/1426
f 1136/68/1256 1272/113/1426 1252/114/1431
f 1137/212/1257 1253/171/1433 1273/172/1427
f 1137/212/1257 1273/172/1427 1154/213/1251
f 1138/328/1258 1155/327/1252 1274/367/1426
f 1138/328/1258 1274/367/1426 1254/369/1432
f 1139/469/1259 1255/429/1433 1275/430/1427
f 1139/469/1259 1275/430/1427 1156/470/1249
f 1140/1477/948 1570/1425/1161 1180/1466/945
f 1141/71/1253 1258/116/1415 1305/115/1296
f 1141/71/1253 1305/115/1296 1189/72/1132
f 1142/210/1254 1190/209/1131 1306/168/1295
f 1142/210/1254 1306/168/1295 1259/170/1418
f 1143/330/1253 1260/371/1417 1307/370/1296
f 1143/330/1253 1307/370/1296 1191/331/1132
f 1144/467/1254 1192/465/1131 1308/424/1295
f 1144/467/1254 1308/424/1295 1261/427/1416
f 1145/1254/890 1189/1268/1132 1293/1287/1072
f 1145/1254/890 1293/1287/1072 1314/1285/849
f 1145/1254/890 1314/1285/849 1161/1255/810
f 1146/2317/891 1162/2318/809 1315/2286/850
f 1146/2317/891 1294/2288/1073 1190/2305/1131
f 1146/2317/891 1315/2286/850 1294/2288/1073
f 1147/1875/892 1191/1888/1132 1295/1904/1072
f 1147/1875/892 1295/1904/1072 1316/1897/849
f 1147/1875/892 1316/1897/849 1163/1873/808
f 1148/1514/891 1164/1512/811 1317/1491/850
f 1148/1514/891 1296/1496/1073 1192/1509/1131
f 1148/1514/891 1317/1491/850 1296/1496/1073
f 1149/2486/1151 1283/2455/1314 1333/2458/1348
f 1149/2486/1151 1333/2458/1348 1170/2488/1178
f 1150/1731/1150 1171/1727/1177 1334/1758/1347
f 1150/1731/1150 1334/1758/1347 1284/1762/1315
f 1151/2306/1152 1172/2299/1175 1335/2354/1349
f 1151/2306/1152 1335/2354/1349 1285/2358/1316
f 1152/1896/1149 1286/1859/1317 1336/1861/1350
f 1152/1896/1149 1336/1861/1350 1173/1903/1176
f 1153/67/1250 1166/66/1244 1299/110/1421
f 1153/67/1250 1299/110/1421 1272/113/1426
f 1154/213/1251 1273/172/1427 1300/173/1422
f 1154/213/1251 1300/173/1422 1167/214/1246
f 1155/327/1252 1168/326/1244 1301/365/1421
f 1155/327/1252 1301/365/1421 1274/367/1426
f 1156/470/1249 1275/430/1427 1302/431/1422
f 1156/470/1249 1302/431/1422 1169/471/1245
f 1157/226/573 1482/225/595 1405/250/549
f 1157/1261/573 1262/1275/611 1482/1308/595
f 1158/291/574 1406/278/550 1483/290/598
f 1158/2329/574 1483/2276/598 1263/2302/612
f 1159/1871/573 1264/1884/610 1484/1924/596
f 1159/2009/573 1484/2005/596 1407/2040/551
f 1160/1528/572 1485/1478/597 1265/1501/612
f 1160/2160/572 1408/2123/550 1485/2157/597
f 1161/1255/810 1314/1285/849 1413/1298/814
f 1161/1255/810 1413/1298/814 1262/1275/611
f 1162/2318/809 1263/2302/612 1414/2272/813
f 1162/2318/809 1414/2272/813 1315/2286/850
f 1163/1873/808 1316/1897/849 1415/1910/812
f 1163/1873/808 1415/1910/812 1264/1884/610
f 1164/1512/811 1265/1501/612 1416/1482/815
f 1164/1512/811 1416/1482/815 1317/1491/850
f 1165/273/1074 1557/256/1267 1648/263/1311
f 1165/2231/1074 1648/2280/1311 1561/2203/1260
f 1166/66/1244 1175/65/1241 1320/109/1419
f 1166/66/1244 1320/109/1419 1299/110/1421
f 1167/214/1246 1300/173/1422 1321/174/1420
f 1167/214/1246 1321/174/1420 1176/215/1243
f 1168/326/1244 1177/325/1241 1322/364/1419
f 1168/326/1244 1322/364/1419 1301/365/1421
f 1169/471/1245 1302/431/1422 1323/432/1420
f 1169/471/1245 1323/432/1420 1178/472/1242
f 1170/2488/1178 1333/2458/1348 1350/2460/1368
f 1170/2488/1178 1350/2460/1368 1181/2490/1189
f 1171/1727/1177 1182/1723/1188 1351/1755/1367
f 1171/1727/1177 1351/1755/1367 1334/1758/1347
f 1172/2299/1175 1183/2296/1186 1352/2351/1365
f 1172/2299/1175 1352/2351/1365 1335/2354/1349
f 1173/1903/1176 1336/1861/1350 1353/1864/1366
f 1173/1903/1176 1353/1864/1366 1184/1909/1187
f 1174/1288/859 1242/1302/854 1656/1350/1091
f 1174/1288/859 1656/1350/1091 1600/1340/1085
f 1175/65/1241 1185/64/1236 1337/108/1413
f 1175/65/1241 1337/108/1413 1320/109/1419
f 1176/215/1243 1321/174/1420 1338/175/1414
f 1176/215/1243 1338/175/1414 1186/216/1237
f 1177/325/1241 1187/322/1236 1339/363/1413
f 1177/325/1241 1339/363/1413 1322/364/1419
f 1178/472/1242 1323/432/1420 1340/433/1414
f 1178/472/1242 1340/433/1414 1188/473/1238
f 1179/1455/622 1276/1449/832 1662/1400/1056
f 1179/1455/622 1662/1400/1056 1595/1413/788
f 1180/1466/945 1570/1425/1161 1616/1417/1163
f 1180/1466/945 1616/1417/1163 1245/1454/935
f 1181/2490/1189 1350/2460/1368 1198/2491/1185
f 1182/1723/1188 1199/1720/1184 1351/1755/1367
f 1183/2296/1186 1200/2294/1180 1373/2349/1362
f 1183/2296/1186 1373/2349/1362 1352/2351/1365
f 1184/1909/1187 1353/1864/1366 1374/1865/1361
f 1184/1909/1187 1374/1865/1361 1201/1920/1181
f 1185/64/1236 1194/63/1233 1367/105/1409
f 1185/64/1236 1354/107/1411 1337/108/1413
f 1185/64/1236 1367/105/1409 1354/107/1411
f 1186/216/1237 1338/175/1414 1355/176/1412
f 1186/216/1237 1355/176/1412 1369/178/1410
f 1186/216/1237 1369/178/1410 1195/217/1235
f 1187/322/1236 1196/321/1233 1368/361/1409
f 1187/322/1236 1356/362/1411 1339/363/1413
f 1187/322/1236 1368/361/1409 1356/362/1411
f 1188/473/1238 1340/433/1414 1357/434/1412
f 1188/473/1238 1357/434/1412 1370/435/1410
f 1188/473/1238 1370/435/1410 1197/474/1234
f 1189/1268/1132 1305/1295/1296 1293/1287/1072
f 1190/209/1131 1294/208/1073 1306/168/1295
f 1191/1888/1132 1307/1925/1296 1295/1904/1072
f 1192/465/1131 1296/463/1073 1308/424/1295
f 1193/1304/623 1601/1347/792 1680/1360/1058
f 1193/1304/623 1680/1360/1058 1313/1318/835
f 1194/63/1233 1202/61/1231 1375/104/1407
f 1194/63/1233 1375/104/1407 1367/105/1409
f 1195/217/1235 1369/178/1410 1376/179/1408
f 1195/217/1235 1376/179/1408 1203/218/1230
f 1196/321/1233 1204/320/1229 1377/360/1407
f 1196/321/1233 1377/360/1407 1368/361/1409
f 1197/474/1234 1370/435/1410 1378/438/1408
f 1197/474/1234 1378/438/1408 1205/475/1232
f 1198/2491/1185 1350/2460/1368 1371/2461/1370
f 1198/2491/1185 1371/2461/1370 1214/2492/1169
f 1199/1720/1184 1215/1719/1170 1372/1753/1369
f 1199/1720/1184 1372/1753/1369 1351/1755/1367
f 1200/2294/1180 1216/2292/1168 1373/2349/1362
f 1201/1920/1181 1374/1865/1361 1217/1923/1167
f 1202/61/1231 1206/60/1227 1387/101/1407
f 1202/61/1231 1387/101/1407 1375/104/1407
f 1203/218/1230 1376/179/1408 1388/180/1408
f 1203/218/1230 1388/180/1408 1207/219/1230
f 1204/320/1229 1208/318/1229 1389/359/1407
f 1204/320/1229 1389/359/1407 1377/360/1407
f 1205/475/1232 1378/438/1408 1390/439/1408
f 1205/475/1232 1390/439/1408 1209/476/1228
f 1206/60/1227 1218/59/1229 1399/100/1407
f 1206/60/1227 1399/100/1407 1387/101/1407
f 1207/219/1230 1388/180/1408 1400/181/1408
f 1207/219/1230 1400/181/1408 1219/220/1228
f 1208/318/1229 1220/317/1229 1401/358/1407
f 1208/318/1229 1401/358/1407 1389/359/1407
f 1209/476/1228 1390/439/1408 1402/440/1408
f 1209/476/1228 1402/440/1408 1221/477/1230
f 1210/2449/1280 1243/2419/1300 1343/2417/1456
f 1210/2449/1280 1343/2417/1456 1283/2455/1314
f 1211/1769/1279 1284/1762/1315 1344/1801/1457
f 1211/1769/1279 1344/1801/1457 1244/1805/1299
f 1212/2366/1276 1285/2358/1316 1343/2417/1456
f 1212/2366/1276 1343/2417/1456 1243/2419/1300
f 1213/1855/1277 1244/1805/1299 1344/1801/1457
f 1213/1855/1277 1344/1801/1457 1286/1859/1317
f 1214/2492/1169 1371/2461/1370 1391/2459/1358
f 1214/2492/1169 1391/2459/1358 1222/2489/1154
f 1215/1719/1170 1223/1722/1153 1392/1754/1359
f 1215/1719/1170 1392/1754/1359 1372/1753/1369
f 1216/2292/1168 1224/2291/1157 1426/2344/1344
f 1216/2292/1168 1393/2346/1355 1373/2349/1362
f 1216/2292/1168 1426/2344/1344 1393/2346/1355
f 1217/1923/1167 1374/1865/1361 1394/1868/1354
f 1217/1923/1167 1394/1868/1354 1427/1869/1345
f 1217/1923/1167 1427/1869/1345 1225/1922/1158
f 1218/59/1229 1226/57/1225 1428/98/1404
f 1218/59/1229 1428/98/1404 1399/100/1407
f 1219/220/1228 1400/181/1408 1429/182/1406
f 1219/220/1228 1429/182/1406 1227/221/1226
f 1220/317/1229 1228/315/1225 1430/357/1405
f 1220/317/1229 1430/357/1405 1401/358/1407
f 1221/477/1230 1402/440/1408 1431/441/1406
f 1221/477/1230 1431/441/1406 1229/479/1226
f 1222/2489/1154 1391/2459/1358 1424/2456/1352
f 1222/2489/1154 1424/2456/1352 1234/2487/1145
f 1223/1722/1153 1235/1729/1144 1425/1756/1351
f 1223/1722/1153 1425/1756/1351 1392/1754/1359
f 1224/2291/1157 1236/2295/1146 1448/2347/1336
f 1224/2291/1157 1448/2347/1336 1426/2344/1344
f 1225/1922/1158 1427/1869/1345 1449/1866/1337
f 1225/1922/1158 1449/1866/1337 1237/1915/1147
f 1226/57/1225 1230/56/1223 1436/97/1401
f 1226/57/1225 1436/97/1401 1428/98/1404
f 1227/221/1226 1429/182/1406 1437/183/1402
f 1227/221/1226 1437/183/1402 1231/222/1224
f 1228/315/1225 1232/314/1223 1438/356/1401
f 1228/315/1225 1438/356/1401 1430/357/1405
f 1229/479/1226 1431/441/1406 1439/442/1402
f 1229/479/1226 1439/442/1402 1233/481/1222
f 1230/56/1223 1238/54/1221 1452/96/1398
f 1230/56/1223 1452/96/1398 1436/97/1401
f 1231/222/1224 1437/183/1402 1453/184/1399
f 1231/222/1224 1453/184/1399 1239/227/1220
f 1232/314/1223 1240/313/1219 1454/355/1398
f 1232/314/1223 1454/355/1398 1438/356/1401
f 1233/481/1222 1439/442/1402 1455/444/1399
f 1233/481/1222 1455/444/1399 1241/482/1220
f 1234/2487/1145 1424/2456/1352 1446/2451/1341
f 1234/2487/1145 1446/2451/1341 1256/2480/1114
f 1235/1729/1144 1257/1736/1115 1447/1761/1340
f 1235/1729/1144 1447/1761/1340 1425/1756/1351
f 1236/2295/1146 1246/2301/1133 1468/2350/1318
f 1236/2295/1146 1468/2350/1318 1448/2347/1336
f 1237/1915/1147 1449/1866/1337 1469/1863/1319
f 1237/1915/1147 1469/1863/1319 1247/1901/1134
f 1238/54/1221 1248/52/1217 1464/93/1394
f 1238/54/1221 1464/93/1394 1452/96/1398
f 1239/227/1220 1453/184/1399 1465/185/1395
f 1239/227/1220 1465/185/1395 1249/230/1218
f 1240/313/1219 1250/311/1217 1466/353/1396
f 1240/313/1219 1466/353/1396 1454/355/1398
f 1241/482/1220 1455/444/1399 1467/445/1397
f 1241/482/1220 1467/445/1397 1251/484/1218
f 1242/1302/854 1349/1316/867 1705/1364/1137
f 1242/1302/854 1705/1364/1137 1656/1350/1091
f 1245/1454/935 1616/1417/1163 1661/1407/1179
f 1245/1454/935 1661/1407/1179 1328/1446/910
f 1246/1301/1133 1270/1305/1118 1496/1329/1302
f 1246/1301/1133 1496/1329/1302 1468/1325/1318
f 1247/1901/1134 1469/1863/1319 1497/1858/1303
f 1247/1901/1134 1497/1858/1303 1271/1892/1119
f 1248/52/1217 1266/51/1216 1486/89/1392
f 1248/52/1217 1486/89/1392 1464/93/1394
f 1249/230/1218 1465/185/1395 1487/186/1393
f 1249/230/1218 1487/186/1393 1267/231/1215
f 1250/311/1217 1268/310/1214 1488/351/1392
f 1250/311/1217 1488/351/1392 1466/353/1396
f 1251/484/1218 1467/445/1397 1489/447/1393
f 1251/484/1218 1489/447/1393 1269/485/1215
f 1252/114/1431 1272/113/1426 1297/158/1521
f 1252/114/1431 1297/158/1521 1303/157/1477
f 1252/114/1431 1303/157/1477 1258/116/1415
f 1253/171/1433 1259/170/1418 1303/157/1477
f 1253/171/1433 1297/158/1521 1273/172/1427
f 1253/171/1433 1303/157/1477 1297/158/1521
f 1254/369/1432 1274/367/1426 1298/409/1522
f 1254/369/1432 1298/409/1522 1304/408/1477
f 1254/369/1432 1304/408/1477 1260/371/1417
f 1255/429/1433 1261/427/1416 1304/408/1477
f 1255/429/1433 1298/409/1522 1275/430/1427
f 1255/429/1433 1304/408/1477 1298/409/1522
f 1256/2480/1114 1446/2451/1341 1470/2444/1321
f 1256/2480/1114 1470/2444/1321 1281/2473/864
f 1257/164/1115 1282/165/863 1471/177/1322
f 1257/1736/1115 1471/1767/1322 1447/1761/1340
f 1258/116/1415 1303/157/1477 1341/152/1312
f 1258/116/1415 1341/152/1312 1305/115/1296
f 1259/170/1418 1306/168/1295 1341/152/1312
f 1259/170/1418 1341/152/1312 1303/157/1477
f 1260/371/1417 1304/408/1477 1342/405/1312
f 1260/371/1417 1342/405/1312 1307/370/1296
f 1261/427/1416 1308/424/1295 1342/405/1312
f 1261/427/1416 1342/405/1312 1304/408/1477
f 1262/1275/611 1413/1298/814 1553/1317/617
f 1262/1275/611 1553/1317/617 1482/1308/595
f 1263/2302/612 1483/2276/598 1554/2252/618
f 1263/2302/612 1554/2252/618 1414/2272/813
f 1264/1884/610 1415/1910/812 1555/1933/617
f 1264/1884/610 1555/1933/617 1484/1924/596
f 1265/1501/612 1485/1478/597 1556/1457/619
f 1265/1501/612 1556/1457/619 1416/1482/815
f 1266/51/1216 1277/48/1212 1502/88/1390
f 1266/51/1216 1502/88/1390 1486/89/1392
f 1267/231/1215 1487/186/1393 1503/187/1391
f 1267/231/1215 1503/187/1391 1278/233/1213
f 1268/310/1214 1279/308/1212 1504/350/1390
f 1268/310/1214 1504/350/1390 1488/351/1392
f 1269/485/1215 1489/447/1393 1505/449/1391
f 1269/485/1215 1505/449/1391 1280/487/1213
f 1270/1305/1118 1291/1311/1089 1523/1331/1172
f 1270/1305/1118 1523/1331/1172 1496/1329/1302
f 1271/1892/1119 1497/1858/1303 1524/1850/1171
f 1271/1892/1119 1524/1850/1171 1292/1886/1088
f 1272/113/1426 1299/110/1421 1326/155/1485
f 1272/113/1426 1326/155/1485 1297/158/1521
f 1273/172/1427 1297/158/1521 1326/155/1485
f 1273/172/1427 1326/155/1485 1300/173/1422
f 1274/367/1426 1301/365/1421 1327/407/1485
f 1274/367/1426 1327/407/1485 1298/409/1522
f 1275/430/1427 1298/409/1522 1327/407/1485
f 1275/430/1427 1327/407/1485 1302/431/1422
f 1276/1449/832 1358/1441/872 1720/1389/1255
f 1276/1449/832 1720/1389/1255 1662/1400/1056
f 1277/48/1212 1287/45/1210 1515/87/1386
f 1277/48/1212 1515/87/1386 1502/88/1390
f 1278/233/1213 1503/187/1391 1516/189/1387
f 1278/233/1213 1516/189/1387 1288/235/1211
f 1279/308/1212 1289/305/1210 1517/348/1386
f 1279/308/1212 1517/348/1386 1504/350/1390
f 1280/487/1213 1505/449/1391 1518/450/1387
f 1280/487/1213 1518/450/1387 1290/488/1211
f 1281/525/864 1500/527/1285 1318/529/354
f 1281/2473/864 1470/2444/1321 1500/2437/1285
f 1282/165/863 1501/188/1286 1471/177/1322
f 1282/1443/863 1319/1436/353 1501/1421/1286
f 1283/2455/1314 1343/2417/1456 1395/2414/1482
f 1283/2455/1314 1395/2414/1482 1333/2458/1348
f 1284/1762/1315 1334/1758/1347 1396/1800/1481
f 1284/1762/1315 1396/1800/1481 1344/1801/1457
f 1285/2358/1316 1335/2354/1349 1395/2414/1482
f 1285/2358/1316 1395/2414/1482 1343/2417/1456
f 1286/1859/1317 1344/1801/1457 1396/1800/1481
f 1286/1859/1317 1396/1800/1481 1336/1861/1350
f 1287/45/1210 1309/42/1207 1529/85/1382
f 1287/45/1210 1529/85/1382 1515/87/1386
f 1288/235/1211 1516/189/1387 1530/192/1383
f 1288/235/1211 1530/192/1383 1310/236/1208
f 1289/305/1210 1311/304/1207 1531/347/1382
f 1289/305/1210 1531/347/1382 1517/348/1386
f 1290/488/1211 1518/450/1387 1532/452/1383
f 1290/488/1211 1532/452/1383 1312/490/1209
f 1291/1311/1089 1324/1315/1066 1558/1337/1076
f 1291/1311/1089 1558/1337/1076 1523/1331/1172
f 1292/1886/1088 1524/1850/1171 1559/1846/1075
f 1292/1886/1088 1559/1846/1075 1325/1878/1067
f 1293/1287/1072 1305/1295/1296 1409/1307/1129
f 1293/1287/1072 1409/1307/1129 1478/1310/1026
f 1293/1287/1072 1478/1310/1026 1314/1285/849
f 1294/208/1073 1410/167/1130 1306/168/1295
f 1294/208/1073 1479/206/1027 1410/167/1130
f 1294/2288/1073 1315/2286/850 1479/2257/1027
f 1295/1904/1072 1307/1925/1296 1411/1934/1129
f 1295/1904/1072 1411/1934/1129 1480/1935/1026
f 1295/1904/1072 1480/1935/1026 1316/1897/849
f 1296/463/1073 1412/422/1130 1308/424/1295
f 1296/463/1073 1481/462/1025 1412/422/1130
f 1296/1496/1073 1317/1491/850 1481/1474/1025
f 1299/110/1421 1320/109/1419 1359/153/1487
f 1299/110/1421 1359/153/1487 1326/155/1485
f 1300/173/1422 1326/155/1485 1359/153/1487
f 1300/173/1422 1359/153/1487 1321/174/1420
f 1301/365/1421 1322/364/1419 1360/406/1487
f 1301/365/1421 1360/406/1487 1327/407/1485
f 1302/431/1422 1327/407/1485 1360/406/1487
f 1302/431/1422 1360/406/1487 1323/432/1420
f 1305/115/1296 1341/152/1312 1409/112/1129
f 1306/168/1295 1410/167/1130 1341/152/1312
f 1307/370/1296 1342/405/1312 1411/366/1129
f 1308/424/1295 1412/422/1130 1342/405/1312
f 1309/42/1207 1329/40/1201 1543/84/1376
f 1309/42/1207 1543/84/1376 1529/85/1382
f 1310/236/1208 1530/192/1383 1544/193/1379
f 1310/236/1208 1544/193/1379 1330/237/1206
f 1311/304/1207 1331/302/1205 1545/345/1378
f 1311/304/1207 1545/345/1378 1531/347/1382
f 1312/490/1209 1532/452/1383 1546/453/1377
f 1312/490/1209 1546/453/1377 1332/493/1202
f 1313/1318/835 1680/1360/1058 1762/1378/1271
f 1313/1318/835 1762/1378/1271 1421/1323/855
f 1314/1285/849 1478/1310/1026 1537/1314/840
f 1314/1285/849 1537/1314/840 1413/1298/814
f 1315/2286/850 1414/2272/813 1538/2250/841
f 1315/2286/850 1538/2250/841 1479/2257/1027
f 1316/1897/849 1480/1935/1026 1539/1940/840
f 1316/1897/849 1539/1940/840 1415/1910/812
f 1317/1491/850 1416/1482/815 1540/1456/841
f 1317/1491/850 1540/1456/841 1481/1474/1025
f 1318/529/354 1500/527/1285 1535/524/834
f 1318/529/354 1535/524/834 1579/533/358
f 1318/529/354 1579/533/358 1397/540/406
f 1319/1436/353 1398/1429/405 1580/1412/357
f 1319/1436/353 1536/1416/833 1501/1421/1286
f 1319/1436/353 1580/1412/357 1536/1416/833
f 1320/109/1419 1337/108/1413 1379/150/1493
f 1320/109/1419 1379/150/1493 1359/153/1487
f 1321/174/1420 1359/153/1487 1379/150/1493
f 1321/174/1420 1379/150/1493 1338/175/1414
f 1322/364/1419 1339/363/1413 1380/404/1493
f 1322/364/1419 1380/404/1493 1360/406/1487
f 1323/432/1420 1360/406/1487 1380/404/1493
f 1323/432/1420 1380/404/1493 1340/433/1414
f 1324/1315/1066 1361/1320/1156 1558/1337/1076
f 1325/1424/1067 1559/1409/1075 1362/1422/1155
f 1328/1446/910 1661/1407/1179 1697/1397/1247
f 1328/1446/910 1697/1397/1247 1358/1441/872
f 1329/40/1201 1347/39/1196 1564/82/1374
f 1329/40/1201 1564/82/1374 1543/84/1376
f 1330/237/1206 1544/193/1379 1562/195/1381
f 1330/237/1206 1562/195/1381 1345/240/1204
f 1331/302/1205 1346/301/1203 1563/343/1380
f 1331/302/1205 1563/343/1380 1545/345/1378
f 1332/493/1202 1546/453/1377 1565/455/1375
f 1332/493/1202 1565/455/1375 1348/495/1197
f 1333/2458/1348 1395/2414/1482 1432/2413/1494
f 1333/2458/1348 1432/2413/1494 1350/2460/1368
f 1334/1758/1347 1351/1755/1367 1433/1802/1495
f 1334/1758/1347 1433/1802/1495 1396/1800/1481
f 1335/2354/1349 1352/2351/1365 1432/2413/1494
f 1335/2354/1349 1432/2413/1494 1395/2414/1482
f 1336/1861/1350 1396/1800/1481 1433/1802/1495
f 1336/1861/1350 1433/1802/1495 1353/1864/1366
f 1337/108/1413 1354/107/1411 1403/149/1517
f 1337/108/1413 1403/149/1517 1379/150/1493
f 1338/175/1414 1379/150/1493 1403/149/1517
f 1338/175/1414 1403/149/1517 1355/176/1412
f 1339/363/1413 1356/362/1411 1404/403/1517
f 1339/363/1413 1404/403/1517 1380/404/1493
f 1340/433/1414 1380/404/1493 1404/403/1517
f 1340/433/1414 1404/403/1517 1357/434/1412
f 1341/152/1312 1410/167/1130 1458/136/1136
f 1341/152/1312 1458/136/1136 1409/112/1129
f 1342/405/1312 1412/422/1130 1459/391/1136
f 1342/405/1312 1459/391/1136 1411/366/1129
f 1345/240/1204 1562/195/1381 1363/241/1199
f 1346/301/1203 1364/300/1198 1563/343/1380
f 1347/39/1196 1365/38/1190 1573/81/1372
f 1347/39/1196 1573/81/1372 1564/82/1374
f 1348/495/1197 1565/455/1375 1574/457/1373
f 1348/495/1197 1574/457/1373 1366/498/1191
f 1349/1316/867 1421/1323/855 1705/1364/1137
f 1350/2460/1368 1432/2413/1494 1371/2461/1370
f 1351/1755/1367 1372/1753/1369 1433/1802/1495
f 1352/2351/1365 1373/2349/1362 1450/2412/1497
f 1352/2351/1365 1450/2412/1497 1432/2413/1494
f 1353/1864/1366 1433/1802/1495 1451/1803/1496
f 1353/1864/1366 1451/1803/1496 1374/1865/1361
f 1354/107/1411 1367/105/1409 1442/147/1528
f 1354/107/1411 1434/148/1525 1403/149/1517
f 1354/107/1411 1442/147/1528 1434/148/1525
f 1355/176/1412 1403/149/1517 1434/148/1525
f 1355/176/1412 1434/148/1525 1442/147/1528
f 1355/176/1412 1442/147/1528 1369/178/1410
f 1356/362/1411 1368/361/1409 1443/401/1528
f 1356/362/1411 1435/402/1525 1404/403/1517
f 1356/362/1411 1443/401/1528 1435/402/1525
f 1357/434/1412 1404/403/1517 1435/402/1525
f 1357/434/1412 1435/402/1525 1443/401/1528
f 1357/434/1412 1443/401/1528 1370/435/1410
f 1358/1441/872 1697/1397/1247 1720/1389/1255
f 1361/10/1156 1423/15/1291 1588/13/1103
f 1361/1320/1156 1588/1342/1103 1558/1337/1076
f 1362/535/1155 1587/522/1108 1422/528/1290
f 1362/1422/1155 1559/1409/1075 1587/1406/1108
f 1363/241/1199 1562/195/1381 1571/196/1385
f 1363/241/1199 1571/196/1385 1383/242/1195
f 1364/300/1198 1384/299/1194 1572/341/1384
f 1364/300/1198 1572/341/1384 1563/343/1380
f 1365/38/1190 1385/36/1182 1583/78/1363
f 1365/38/1190 1583/78/1363 1573/81/1372
f 1366/498/1191 1574/457/1373 1584/458/1364
f 1366/498/1191 1584/458/1364 1386/499/1183
f 1367/105/1409 1375/104/1407 1456/146/1530
f 1367/105/1409 1456/146/1530 1442/147/1528
f 1368/361/1409 1377/360/1407 1457/400/1530
f 1368/361/1409 1457/400/1530 1443/401/1528
f 1369/178/1410 1442/147/1528 1456/146/1530
f 1369/178/1410 1456/146/1530 1376/179/1408
f 1370/435/1410 1443/401/1528 1457/400/1530
f 1370/435/1410 1457/400/1530 1378/438/1408
f 1371/2461/1370 1432/2413/1494 1450/2412/1497
f 1371/2461/1370 1450/2412/1497 1391/2459/1358
f 1372/1753/1369 1392/1754/1359 1451/1803/1496
f 1372/1753/1369 1451/1803/1496 1433/1802/1495
f 1373/2349/1362 1393/2346/1355 1472/2410/1498
f 1373/2349/1362 1472/2410/1498 1450/2412/1497
f 1374/1865/1361 1451/1803/1496 1473/1806/1499
f 1374/1865/1361 1473/1806/1499 1394/1868/1354
f 1375/104/1407 1387/101/1407 1462/145/1530
f 1375/104/1407 1462/145/1530 1456/146/1530
f 1376/179/1408 1456/146/1530 1462/145/1530
f 1376/179/1408 1462/145/1530 1388/180/1408
f 1377/360/1407 1389/359/1407 1463/399/1530
f 1377/360/1407 1463/399/1530 1457/400/1530
f 1378/438/1408 1457/400/1530 1463/399/1530
f 1378/438/1408 1463/399/1530 1390/439/1408
f 1381/262/535 1405/250/549 1614/261/575
f 1381/262/535 1614/261/575 1406/278/550
f 1382/2085/535 1407/2040/551 1615/2084/575
f 1382/2085/535 1615/2084/575 1408/2123/550
f 1383/242/1195 1571/196/1385 1581/197/1389
f 1383/242/1195 1581/197/1389 1417/243/1193
f 1384/299/1194 1418/298/1192 1582/337/1388
f 1384/299/1194 1582/337/1388 1572/341/1384
f 1385/36/1182 1419/33/1173 1591/77/1357
f 1385/36/1182 1591/77/1357 1583/78/1363
f 1386/499/1183 1584/458/1364 1592/456/1356
f 1386/499/1183 1592/456/1356 1420/501/1174
f 1387/101/1407 1399/100/1407 1476/144/1530
f 1387/101/1407 1476/144/1530 1462/145/1530
f 1388/180/1408 1462/145/1530 1476/144/1530
f 1388/180/1408 1476/144/1530 1400/181/1408
f 1389/359/1407 1401/358/1407 1477/398/1530
f 1389/359/1407 1477/398/1530 1463/399/1530
f 1390/439/1408 1463/399/1530 1477/398/1530
f 1390/439/1408 1477/398/1530 1402/440/1408
f 1391/2459/1358 1450/2412/1497 1472/2410/1498
f 1391/2459/1358 1472/2410/1498 1424/2456/1352
f 1392/1754/1359 1425/1756/1351 1473/1806/1499
f 1392/1754/1359 1473/1806/1499 1451/1803/1496
f 1393/2346/1355 1426/2344/1344 1490/2408/1502
f 1393/2346/1355 1490/2408/1502 1472/2410/1498
f 1394/1868/1354 1473/1806/1499 1491/1807/1503
f 1394/1868/1354 1491/1807/1503 1427/1869/1345
f 1397/1330/406 1579/1343/358 1632/1351/410
f 1397/1330/406 1632/1351/410 1520/1334/555
f 1398/1429/405 1519/1420/554 1631/1402/409
f 1398/1429/405 1631/1402/409 1580/1412/357
f 1399/100/1407 1428/98/1404 1492/143/1529
f 1399/100/1407 1492/143/1529 1476/144/1530
f 1400/181/1408 1476/144/1530 1492/143/1529
f 1400/181/1408 1492/143/1529 1429/182/1406
f 1401/358/1407 1430/357/1405 1493/397/1529
f 1401/358/1407 1493/397/1529 1477/398/1530
f 1402/440/1408 1477/398/1530 1493/397/1529
f 1402/440/1408 1493/397/1529 1431/441/1406
f 1405/250/549 1482/225/595 1619/249/588
f 1405/250/549 1619/249/588 1614/261/575
f 1406/278/550 1614/261/575 1620/277/589
f 1406/278/550 1620/277/589 1483/290/598
f 1407/2040/551 1484/2005/596 1621/2039/588
f 1407/2040/551 1621/2039/588 1615/2084/575
f 1408/2123/550 1615/2084/575 1622/2121/589
f 1408/2123/550 1622/2121/589 1485/2157/597
f 1409/538/1129 1458/537/1136 1547/534/1054
f 1409/1307/1129 1547/1322/1054 1478/1310/1026
f 1410/167/1130 1479/206/1027 1548/166/1055
f 1410/167/1130 1548/166/1055 1458/136/1136
f 1411/1025/1129 1459/1014/1136 1549/1012/1054
f 1411/1934/1129 1549/1947/1054 1480/1935/1026
f 1412/422/1130 1481/462/1025 1550/420/1053
f 1412/422/1130 1550/420/1053 1459/391/1136
f 1413/1298/814 1537/1314/840 1609/1326/816
f 1413/1298/814 1609/1326/816 1553/1317/617
f 1414/2272/813 1554/2252/618 1610/2241/818
f 1414/2272/813 1610/2241/818 1538/2250/841
f 1415/1910/812 1539/1940/840 1611/1944/817
f 1415/1910/812 1611/1944/817 1555/1933/617
f 1416/1482/815 1556/1457/619 1612/1444/819
f 1416/1482/815 1612/1444/819 1540/1456/841
f 1417/243/1193 1581/197/1389 1589/199/1400
f 1417/243/1193 1589/199/1400 1444/244/1239
f 1418/298/1192 1445/297/1200 1590/335/1403
f 1418/298/1192 1590/335/1403 1582/337/1388
f 1419/33/1173 1440/32/1165 1606/79/1346
f 1419/33/1173 1606/79/1346 1591/77/1357
f 1420/501/1174 1592/456/1356 1607/454/1353
f 1420/501/1174 1607/454/1353 1441/500/1166
f 1421/1323/855 1762/1378/1271 1705/1364/1137
f 1422/528/1290 1587/522/1108 1624/519/1305
f 1422/528/1290 1624/519/1305 1461/513/1297
f 1423/15/1291 1460/28/1298 1625/16/1304
f 1423/15/1291 1625/16/1304 1588/13/1103
f 1424/2456/1352 1472/2410/1498 1490/2408/1502
f 1424/2456/1352 1490/2408/1502 1446/2451/1341
f 1425/1756/1351 1447/1761/1340 1491/1807/1503
f 1425/1756/1351 1491/1807/1503 1473/1806/1499
f 1426/2344/1344 1448/2347/1336 1508/2406/1500
f 1426/2344/1344 1508/2406/1500 1490/2408/1502
f 1427/1869/1345 1491/1807/1503 1509/1808/1501
f 1427/1869/1345 1509/1808/1501 1449/1866/1337
f 1428/98/1404 1436/97/1401 1506/142/1527
f 1428/98/1404 1506/142/1527 1492/143/1529
f 1429/182/1406 1492/143/1529 1506/142/1527
f 1429/182/1406 1506/142/1527 1437/183/1402
f 1430/357/1405 1438/356/1401 1507/396/1527
f 1430/357/1405 1507/396/1527 1493/397/1529
f 1431/441/1406 1493/397/1529 1507/396/1527
f 1431/441/1406 1507/396/1527 1439/442/1402
f 1436/97/1401 1452/96/1398 1510/141/1526
f 1436/97/1401 1510/141/1526 1506/142/1527
f 1437/183/1402 1506/142/1527 1510/141/1526
f 1437/183/1402 1510/141/1526 1453/184/1399
f 1438/356/1401 1454/355/1398 1511/395/1526
f 1438/356/1401 1511/395/1526 1507/396/1527
f 1439/442/1402 1507/396/1527 1511/395/1526
f 1439/442/1402 1511/395/1526 1455/444/1399
f 1440/32/1165 1474/34/1148 1623/80/1338
f 1440/32/1165 1623/80/1338 1606/79/1346
f 1441/500/1166 1607/454/1353 1626/446/1342
f 1441/500/1166 1626/446/1342 1475/497/1164
f 1444/244/1239 1589/199/1400 1608/200/1425
f 1444/244/1239 1608/200/1425 1494/247/1248
f 1445/297/1200 1495/295/1240 1613/332/1424
f 1445/297/1200 1613/332/1424 1590/335/1403
f 1446/2451/1341 1490/2408/1502 1508/2406/1500
f 1446/2451/1341 1508/2406/1500 1470/2444/1321
f 1447/1761/1340 1471/1767/1322 1509/1808/1501
f 1447/1761/1340 1509/1808/1501 1491/1807/1503
f 1448/2347/1336 1468/2350/1318 1527/2405/1489
f 1448/2347/1336 1527/2405/1489 1508/2406/1500
f 1449/1866/1337 1509/1808/1501 1528/1809/1490
f 1449/1866/1337 1528/1809/1490 1469/1863/1319
f 1452/96/1398 1464/93/1394 1525/140/1524
f 1452/96/1398 1525/140/1524 1510/141/1526
f 1453/184/1399 1510/141/1526 1525/140/1524
f 1453/184/1399 1525/140/1524 1465/185/1395
f 1454/355/1398 1466/353/1396 1526/394/1524
f 1454/355/1398 1526/394/1524 1511/395/1526
f 1455/444/1399 1511/395/1526 1526/394/1524
f 1455/444/1399 1526/394/1524 1467/445/1397
f 1458/136/1136 1548/166/1055 1568/128/1057
f 1458/537/1136 1568/530/1057 1547/534/1054
f 1459/391/1136 1550/420/1053 1569/384/1057
f 1459/1014/1136 1569/1003/1057 1549/1012/1054
f 1460/28/1298 1498/94/1307 1655/30/1446
f 1460/28/1298 1655/30/1446 1625/16/1304
f 1461/513/1297 1624/519/1305 1654/504/1447
f 1461/513/1297 1654/504/1447 1499/459/1306
f 1464/93/1394 1486/89/1392 1533/139/1523
f 1464/93/1394 1533/139/1523 1525/140/1524
f 1465/185/1395 1525/140/1524 1533/139/1523
f 1465/185/1395 1533/139/1523 1487/186/1393
f 1466/353/1396 1488/351/1392 1534/393/1523
f 1466/353/1396 1534/393/1523 1526/394/1524
f 1467/445/1397 1526/394/1524 1534/393/1523
f 1467/445/1397 1534/393/1523 1489/447/1393
f 1468/2350/1318 1496/2355/1302 1541/2402/1459
f 1468/2350/1318 1541/2402/1459 1527/2405/1489
f 1469/1863/1319 1528/1809/1490 1542/1811/1460
f 1469/1863/1319 1542/1811/1460 1497/1858/1303
f 1470/2444/1321 1508/2406/1500 1527/2405/1489
f 1470/2444/1321 1527/2405/1489 1500/2437/1285
f 1471/1767/1322 1501/1771/1286 1528/1809/1490
f 1471/1767/1322 1528/1809/1490 1509/1808/1501
f 1474/34/1148 1514/35/1135 1646/76/1313
f 1474/34/1148 1646/76/1313 1623/80/1338
f 1475/497/1164 1626/446/1342 1649/425/1330
f 1475/497/1164 1649/425/1330 1522/489/1162
f 1478/1310/1026 1547/1322/1054 1596/1328/896
f 1478/1310/1026 1596/1328/896 1537/1314/840
f 1479/539/1027 1597/531/897 1548/532/1055
f 1479/2257/1027 1538/2250/841 1597/2239/897
f 1480/1935/1026 1549/1947/1054 1598/1958/895
f 1480/1935/1026 1598/1958/895 1539/1940/840
f 1481/1026/1025 1599/1005/897 1550/1007/1053
f 1481/1474/1025 1540/1456/841 1599/1447/897
f 1482/225/595 1639/223/601 1619/249/588
f 1482/1308/595 1553/1317/617 1639/1333/601
f 1483/290/598 1620/277/589 1640/289/602
f 1483/2276/598 1640/2237/602 1554/2252/618
f 1484/1924/596 1555/1933/617 1641/1955/601
f 1484/2005/596 1641/2001/601 1621/2039/588
f 1485/1478/597 1642/1438/602 1556/1457/619
f 1485/2157/597 1622/2121/589 1642/2153/602
f 1486/89/1392 1502/88/1390 1551/137/1518
f 1486/89/1392 1551/137/1518 1533/139/1523
f 1487/186/1393 1533/139/1523 1551/137/1518
f 1487/186/1393 1551/137/1518 1503/187/1391
f 1488/351/1392 1504/350/1390 1552/392/1518
f 1488/351/1392 1552/392/1518 1534/393/1523
f 1489/447/1393 1534/393/1523 1552/392/1518
f 1489/447/1393 1552/392/1518 1505/449/1391
f 1494/247/1248 1608/200/1425 1627/203/1430
f 1494/247/1248 1627/203/1430 1557/256/1267
f 1495/295/1240 1561/288/1260 1630/323/1428
f 1495/295/1240 1630/323/1428 1613/332/1424
f 1496/2355/1302 1523/2360/1172 1575/2400/1092
f 1496/2355/1302 1575/2400/1092 1541/2402/1459
f 1497/1858/1303 1542/1811/1460 1576/1810/1093
f 1497/1858/1303 1576/1810/1093 1524/1850/1171
f 1498/94/1307 1512/198/1309 1669/92/1444
f 1498/94/1307 1669/92/1444 1655/30/1446
f 1499/459/1306 1654/504/1447 1668/436/1445
f 1499/459/1306 1668/436/1445 1513/354/1308
f 1500/2437/1285 1527/2405/1489 1541/2402/1459
f 1500/2437/1285 1541/2402/1459 1535/2430/834
f 1501/1771/1286 1536/1775/833 1542/1811/1460
f 1501/1771/1286 1542/1811/1460 1528/1809/1490
f 1502/88/1390 1515/87/1386 1566/135/1516
f 1502/88/1390 1566/135/1516 1551/137/1518
f 1503/187/1391 1551/137/1518 1566/135/1516
f 1503/187/1391 1566/135/1516 1516/189/1387
f 1504/350/1390 1517/348/1386 1567/390/1516
f 1504/350/1390 1567/390/1516 1552/392/1518
f 1505/449/1391 1552/392/1518 1567/390/1516
f 1505/449/1391 1567/390/1516 1518/450/1387
f 1512/198/1309 1521/274/1310 1683/194/1441
f 1512/198/1309 1683/194/1441 1669/92/1444
f 1513/354/1308 1668/436/1445 1682/338/1442
f 1513/354/1308 1682/338/1442 1521/274/1310
f 1514/1327/1135 1560/1332/1113 1667/1356/1301
f 1514/1327/1135 1667/1356/1301 1646/1349/1313
f 1515/87/1386 1529/85/1382 1577/134/1515
f 1515/87/1386 1577/134/1515 1566/135/1516
f 1516/189/1387 1566/135/1516 1577/134/1515
f 1516/189/1387 1577/134/1515 1530/192/1383
f 1517/348/1386 1531/347/1382 1578/389/1515
f 1517/348/1386 1578/389/1515 1567/390/1516
f 1518/450/1387 1567/390/1516 1578/389/1515
f 1518/450/1387 1578/389/1515 1532/452/1383
f 1519/1420/554 1595/1413/788 1671/1393/860
f 1519/1420/554 1671/1393/860 1631/1402/409
f 1520/1334/555 1632/1351/410 1681/1361/858
f 1520/1334/555 1681/1361/858 1601/1347/792
f 1521/274/1310 1682/338/1442 1684/271/1440
f 1521/274/1310 1684/271/1440 1683/194/1441
f 1522/489/1162 1649/425/1330 1673/417/1323
f 1522/489/1162 1673/417/1323 1570/480/1161
f 1523/1331/1172 1558/1337/1076 1603/1345/584
f 1523/1331/1172 1603/1345/584 1575/1341/1092
f 1524/1415/1171 1576/1410/1093 1602/1405/585
f 1524/1415/1171 1602/1405/585 1559/1409/1075
f 1529/85/1382 1543/84/1376 1585/133/1509
f 1529/85/1382 1585/133/1509 1577/134/1515
f 1530/192/1383 1577/134/1515 1585/133/1509
f 1530/192/1383 1585/133/1509 1544/193/1379
f 1531/347/1382 1545/345/1378 1586/388/1510
f 1531/347/1382 1586/388/1510 1578/389/1515
f 1532/452/1383 1578/389/1515 1586/388/1510
f 1532/452/1383 1586/388/1510 1546/453/1377
f 1535/1338/834 1575/1341/1092 1603/1345/584
f 1535/1338/834 1603/1345/584 1579/1343/358
f 1535/2430/834 1541/2402/1459 1575/2400/1092
f 1536/1416/833 1580/1412/357 1602/1405/585
f 1536/1416/833 1602/1405/585 1576/1410/1093
f 1536/1775/833 1576/1810/1093 1542/1811/1460
f 1537/1314/840 1596/1328/896 1650/1335/837
f 1537/1314/840 1650/1335/837 1609/1326/816
f 1538/2250/841 1610/2241/818 1651/2216/839
f 1538/2250/841 1651/2216/839 1597/2239/897
f 1539/1940/840 1598/1958/895 1652/1973/838
f 1539/1940/840 1652/1973/838 1611/1944/817
f 1540/1456/841 1612/1444/819 1653/1431/836
f 1540/1456/841 1653/1431/836 1599/1447/897
f 1543/84/1376 1564/82/1374 1593/131/1507
f 1543/84/1376 1593/131/1507 1585/133/1509
f 1544/193/1379 1585/133/1509 1593/131/1507
f 1544/193/1379 1593/131/1507 1562/195/1381
f 1545/345/1378 1563/343/1380 1594/387/1508
f 1545/345/1378 1594/387/1508 1586/388/1510
f 1546/453/1377 1586/388/1510 1594/387/1508
f 1546/453/1377 1594/387/1508 1565/455/1375
f 1547/534/1054 1568/530/1057 1633/526/924
f 1547/1322/1054 1633/1336/924 1596/1328/896
f 1548/532/1055 1597/531/897 1634/523/923
f 1548/532/1055 1634/523/923 1568/530/1057
f 1549/1012/1054 1569/1003/1057 1635/997/924
f 1549/1947/1054 1635/1977/924 1598/1958/895
f 1550/1007/1053 1599/1005/897 1636/990/925
f 1550/1007/1053 1636/990/925 1569/1003/1057
f 1553/1317/617 1609/1326/816 1663/1339/624
f 1553/1317/617 1663/1339/624 1639/1333/601
f 1554/2252/618 1640/2237/602 1664/2215/626
f 1554/2252/618 1664/2215/626 1610/2241/818
f 1555/1933/617 1611/1944/817 1665/1971/625
f 1555/1933/617 1665/1971/625 1641/1955/601
f 1556/1457/619 1642/1438/602 1666/1427/627
f 1556/1457/619 1666/1427/627 1612/1444/819
f 1557/256/1267 1627/203/1430 1659/207/1443
f 1557/256/1267 1659/207/1443 1648/263/1311
f 1558/1337/1076 1588/1342/1103 1603/1345/584
f 1559/1409/1075 1602/1405/585 1587/1406/1108
f 1560/1332/1113 1600/1340/1085 1696/1363/1278
f 1560/1332/1113 1696/1363/1278 1667/1356/1301
f 1561/288/1260 1648/263/1311 1660/303/1434
f 1561/288/1260 1660/303/1434 1630/323/1428
f 1562/195/1381 1593/131/1507 1571/196/1385
f 1563/343/1380 1572/341/1384 1594/387/1508
f 1564/82/1374 1573/81/1372 1604/130/1511
f 1564/82/1374 1604/130/1511 1593/131/1507
f 1565/455/1375 1594/387/1508 1605/386/1512
f 1565/455/1375 1605/386/1512 1574/457/1373
f 1568/530/1057 1634/523/923 1643/521/931
f 1568/530/1057 1643/521/931 1633/526/924
f 1569/1003/1057 1636/990/925 1644/986/931
f 1569/1003/1057 1644/986/931 1635/997/924
f 1570/480/1161 1673/417/1323 1616/466/1163
f 1571/196/1385 1593/131/1507 1604/130/1511
f 1571/196/1385 1604/130/1511 1581/197/1389
f 1572/341/1384 1582/337/1388 1605/386/1512
f 1572/341/1384 1605/386/1512 1594/387/1508
f 1573/81/1372 1583/78/1363 1617/132/1513
f 1573/81/1372 1617/132/1513 1604/130/1511
f 1574/457/1373 1605/386/1512 1618/385/1514
f 1574/457/1373 1618/385/1514 1584/458/1364
f 1579/1032/358 1603/1034/584 1647/1036/609
f 1579/1032/358 1647/1036/609 1632/1037/410
f 1580/1412/357 1631/1402/409 1645/1399/614
f 1580/1412/357 1645/1399/614 1602/1405/585
f 1581/197/1389 1604/130/1511 1617/132/1513
f 1581/197/1389 1617/132/1513 1589/199/1400
f 1582/337/1388 1590/335/1403 1618/385/1514
f 1582/337/1388 1618/385/1514 1605/386/1512
f 1583/78/1363 1591/77/1357 1628/138/1505
f 1583/78/1363 1628/138/1505 1617/132/1513
f 1584/458/1364 1618/385/1514 1629/383/1504
f 1584/458/1364 1629/383/1504 1592/456/1356
f 1587/1406/1108 1602/1405/585 1645/1399/614
f 1587/1406/1108 1645/1399/614 1624/1401/1305
f 1588/1342/1103 1625/1348/1304 1647/1353/609
f 1588/1342/1103 1647/1353/609 1603/1345/584
f 1589/199/1400 1617/132/1513 1628/138/1505
f 1589/199/1400 1628/138/1505 1608/200/1425
f 1590/335/1403 1613/332/1424 1629/383/1504
f 1590/335/1403 1629/383/1504 1618/385/1514
f 1591/77/1357 1606/79/1346 1637/151/1492
f 1591/77/1357 1637/151/1492 1628/138/1505
f 1592/456/1356 1629/383/1504 1638/382/1491
f 1592/456/1356 1638/382/1491 1607/454/1353
f 1595/1413/788 1662/1400/1056 1719/1386/1159
f 1595/1413/788 1719/1386/1159 1671/1393/860
f 1596/1328/896 1633/1336/924 1675/1344/889
f 1596/1328/896 1675/1344/889 1650/1335/837
f 1597/531/897 1676/520/888 1634/523/923
f 1597/2239/897 1651/2216/839 1676/2201/888
f 1598/1958/895 1635/1977/924 1677/1984/887
f 1598/1958/895 1677/1984/887 1652/1973/838
f 1599/1005/897 1678/981/888 1636/990/925
f 1599/1447/897 1653/1431/836 1678/1423/888
f 1600/1340/1085 1656/1350/1091 1727/1370/1289
f 1600/1340/1085 1727/1370/1289 1696/1363/1278
f 1601/1347/792 1681/1361/858 1725/1372/1160
f 1601/1347/792 1725/1372/1160 1680/1360/1058
f 1606/79/1346 1623/80/1338 1657/159/1484
f 1606/79/1346 1657/159/1484 1637/151/1492
f 1607/454/1353 1638/382/1491 1658/381/1479
f 1607/454/1353 1658/381/1479 1626/446/1342
f 1608/200/1425 1628/138/1505 1637/151/1492
f 1608/200/1425 1637/151/1492 1627/203/1430
f 1609/1326/816 1650/1335/837 1685/1346/822
f 1609/1326/816 1685/1346/822 1663/1339/624
f 1610/2241/818 1664/2215/626 1686/2199/825
f 1610/2241/818 1686/2199/825 1651/2216/839
f 1611/1944/817 1652/1973/838 1687/1981/824
f 1611/1944/817 1687/1981/824 1665/1971/625
f 1612/1444/819 1666/1427/627 1688/1419/823
f 1612/1444/819 1688/1419/823 1653/1431/836
f 1613/332/1424 1630/323/1428 1638/382/1491
f 1613/332/1424 1638/382/1491 1629/383/1504
f 1614/261/575 1619/249/588 1701/248/615
f 1614/261/575 1694/260/613 1702/275/616
f 1614/261/575 1701/248/615 1694/260/613
f 1614/261/575 1702/275/616 1620/277/589
f 1615/2084/575 1621/2039/588 1703/2038/615
f 1615/2084/575 1695/2082/613 1704/2118/616
f 1615/2084/575 1703/2038/615 1695/2082/613
f 1615/2084/575 1704/2118/616 1622/2121/589
f 1616/466/1163 1673/417/1323 1714/410/1324
f 1616/466/1163 1714/410/1324 1661/460/1179
f 1619/249/588 1639/223/601 1709/229/795
f 1619/249/588 1709/229/795 1701/248/615
f 1620/277/589 1702/275/616 1710/286/796
f 1620/277/589 1710/286/796 1640/289/602
f 1621/2039/588 1641/2001/601 1711/2015/795
f 1621/2039/588 1711/2015/795 1703/2038/615
f 1622/2121/589 1704/2118/616 1712/2145/796
f 1622/2121/589 1712/2145/796 1642/2153/602
f 1623/80/1338 1646/76/1313 1670/156/1468
f 1623/80/1338 1670/156/1468 1657/159/1484
f 1624/519/1305 1674/512/1090 1654/504/1447
f 1624/1401/1305 1645/1399/614 1674/1391/1090
f 1625/16/1304 1655/30/1446 1679/22/1086
f 1625/1348/1304 1679/1359/1086 1647/1353/609
f 1626/446/1342 1658/381/1479 1672/373/1473
f 1626/446/1342 1672/373/1473 1649/425/1330
f 1627/203/1430 1637/151/1492 1657/159/1484
f 1627/203/1430 1657/159/1484 1659/207/1443
f 1630/323/1428 1658/381/1479 1638/382/1491
f 1630/323/1428 1660/303/1434 1658/381/1479
f 1631/1402/409 1671/1393/860 1674/1391/1090
f 1631/1402/409 1674/1391/1090 1645/1399/614
f 1632/1351/410 1647/1353/609 1679/1359/1086
f 1632/1351/410 1679/1359/1086 1681/1361/858
f 1633/526/924 1643/521/931 1689/518/915
f 1633/1336/924 1689/1352/915 1675/1344/889
f 1634/523/923 1676/520/888 1690/516/914
f 1634/523/923 1690/516/914 1643/521/931
f 1635/997/924 1644/986/931 1691/979/917
f 1635/1977/924 1691/2000/917 1677/1984/887
f 1636/990/925 1678/981/888 1692/978/916
f 1636/990/925 1692/978/916 1644/986/931
f 1639/1333/601 1663/1339/624 1709/1354/795
f 1640/2237/602 1710/2197/796 1664/2215/626
f 1641/1955/601 1665/1971/625 1711/1986/795
f 1642/1438/602 1712/1418/796 1666/1427/627
f 1643/521/931 1690/516/914 1699/515/926
f 1643/521/931 1699/515/926 1689/518/915
f 1644/986/931 1692/978/916 1700/976/926
f 1644/986/931 1700/976/926 1691/979/917
f 1646/76/1313 1667/74/1301 1698/127/1450
f 1646/76/1313 1698/127/1450 1670/156/1468
f 1648/263/1311 1659/207/1443 1693/204/1448
f 1648/263/1311 1693/204/1448 1735/245/1449
f 1648/263/1311 1706/294/1439 1660/303/1434
f 1648/263/1311 1735/245/1449 1706/294/1439
f 1649/425/1330 1672/373/1473 1707/352/1465
f 1649/425/1330 1707/352/1465 1673/417/1323
f 1650/1335/837 1675/1344/889 1715/1355/853
f 1650/1335/837 1715/1355/853 1685/1346/822
f 1651/2216/839 1686/2199/825 1716/2181/852
f 1651/2216/839 1716/2181/852 1676/2201/888
f 1652/1973/838 1677/1984/887 1717/1999/851
f 1652/1973/838 1717/1999/851 1687/1981/824
f 1653/1431/836 1688/1419/823 1718/1414/852
f 1653/1431/836 1718/1414/852 1678/1423/888
f 1654/504/1447 1674/512/1090 1708/486/1335
f 1654/504/1447 1708/486/1335 1668/436/1445
f 1655/30/1446 1669/92/1444 1713/31/1329
f 1655/30/1446 1713/31/1329 1679/22/1086
f 1656/1350/1091 1705/1364/1137 1765/1380/1320
f 1656/1350/1091 1765/1380/1320 1727/1370/1289
f 1657/159/1484 1670/156/1468 1659/207/1443
f 1658/381/1479 1660/303/1434 1672/373/1473
f 1659/207/1443 1670/156/1468 1693/204/1448
f 1660/303/1434 1706/294/1439 1672/373/1473
f 1661/460/1179 1714/410/1324 1748/379/1339
f 1661/460/1179 1748/379/1339 1697/448/1247
f 1662/483/1056 1720/451/1255 1764/419/1343
f 1662/483/1056 1764/419/1343 1719/478/1159
f 1663/1339/624 1685/1346/822 1721/1357/829
f 1663/1339/624 1721/1357/829 1709/1354/795
f 1664/2215/626 1710/2197/796 1722/2180/828
f 1664/2215/626 1722/2180/828 1686/2199/825
f 1665/1971/625 1687/1981/824 1723/1998/826
f 1665/1971/625 1723/1998/826 1711/1986/795
f 1666/1427/627 1712/1418/796 1724/1411/827
f 1666/1427/627 1724/1411/827 1688/1419/823
f 1667/74/1301 1696/70/1278 1726/123/1423
f 1667/74/1301 1726/123/1423 1698/127/1450
f 1668/436/1445 1708/486/1335 1732/421/1469
f 1668/436/1445 1732/421/1469 1682/338/1442
f 1669/92/1444 1683/194/1441 1734/95/1467
f 1669/92/1444 1734/95/1467 1713/31/1329
f 1670/156/1468 1698/127/1450 1693/204/1448
f 1671/505/860 1708/486/1335 1674/512/1090
f 1671/505/860 1719/478/1159 1708/486/1335
f 1672/373/1473 1706/294/1439 1707/352/1465
f 1673/417/1323 1707/352/1465 1714/410/1324
f 1675/1344/889 1689/1352/915 1728/1358/918
f 1675/1344/889 1728/1358/918 1715/1355/853
f 1676/520/888 1729/514/919 1690/516/914
f 1676/2201/888 1716/2181/852 1729/2173/919
f 1677/1984/887 1691/2000/917 1730/2030/918
f 1677/1984/887 1730/2030/918 1717/1999/851
f 1678/981/888 1731/966/919 1692/978/916
f 1678/1423/888 1718/1414/852 1731/1408/919
f 1679/1359/1086 1713/1369/1329 1681/1361/858
f 1680/1360/1058 1725/1372/1160 1771/1384/1371
f 1680/1360/1058 1771/1384/1371 1762/1378/1271
f 1681/1361/858 1713/1369/1329 1725/1372/1160
f 1682/338/1442 1732/421/1469 1756/333/1474
f 1682/338/1442 1756/333/1474 1684/271/1440
f 1683/194/1441 1684/271/1440 1757/190/1472
f 1683/194/1441 1757/190/1472 1734/95/1467
f 1684/271/1440 1756/333/1474 1763/268/1470
f 1684/271/1440 1763/268/1470 1757/190/1472
f 1685/1346/822 1715/1355/853 1740/1362/861
f 1685/1346/822 1740/1362/861 1721/1357/829
f 1686/2199/825 1722/2180/828 1741/2170/862
f 1686/2199/825 1741/2170/862 1716/2181/852
f 1687/1981/824 1717/1999/851 1742/2027/861
f 1687/1981/824 1742/2027/861 1723/1998/826
f 1688/1419/823 1724/1411/827 1743/1403/862
f 1688/1419/823 1743/1403/862 1718/1414/852
f 1689/518/915 1699/515/926 1736/511/1046
f 1689/1352/915 1736/1365/1046 1728/1358/918
f 1690/516/914 1729/514/919 1737/510/1045
f 1690/516/914 1737/510/1045 1699/515/926
f 1691/979/917 1700/976/926 1738/957/1046
f 1691/2000/917 1738/2035/1046 1730/2030/918
f 1692/978/916 1731/966/919 1739/950/1047
f 1692/978/916 1739/950/1047 1700/976/926
f 1693/204/1448 1698/127/1450 1733/169/1455
f 1693/204/1448 1733/169/1455 1735/245/1449
f 1694/260/613 1701/248/615 1752/251/845
f 1694/260/613 1746/259/842 1753/272/846
f 1694/260/613 1752/251/845 1746/259/842
f 1694/260/613 1753/272/846 1702/275/616
f 1695/2082/613 1703/2038/615 1754/2041/843
f 1695/2082/613 1747/2081/842 1755/2117/844
f 1695/2082/613 1754/2041/843 1747/2081/842
f 1695/2082/613 1755/2117/844 1704/2118/616
f 1696/70/1278 1727/73/1289 1745/119/1360
f 1696/70/1278 1745/119/1360 1726/123/1423
f 1697/448/1247 1748/379/1339 1780/368/1429
f 1697/448/1247 1780/368/1429 1806/346/1461
f 1697/448/1247 1806/346/1461 1720/451/1255
f 1698/127/1450 1726/123/1423 1733/169/1455
f 1699/515/926 1737/510/1045 1749/507/1048
f 1699/515/926 1749/507/1048 1736/511/1046
f 1700/976/926 1739/950/1047 1750/943/1048
f 1700/976/926 1750/943/1048 1738/957/1046
f 1701/248/615 1709/229/795 1758/234/871
f 1701/248/615 1758/234/871 1752/251/845
f 1702/275/616 1753/272/846 1759/285/870
f 1702/275/616 1759/285/870 1710/286/796
f 1703/2038/615 1711/2015/795 1760/2021/869
f 1703/2038/615 1760/2021/869 1754/2041/843
f 1704/2118/616 1755/2117/844 1761/2136/868
f 1704/2118/616 1761/2136/868 1712/2145/796
f 1705/50/1137 1762/75/1271 1805/163/1462
f 1705/50/1137 1805/163/1462 1765/102/1320
f 1706/294/1439 1735/245/1449 1751/282/1458
f 1706/294/1439 1744/319/1463 1707/352/1465
f 1706/294/1439 1751/282/1458 1744/319/1463
f 1707/352/1465 1744/319/1463 1714/410/1324
f 1708/486/1335 1719/478/1159 1732/421/1469
f 1709/1354/795 1721/1357/829 1758/1366/871
f 1710/2197/796 1759/2172/870 1722/2180/828
f 1711/1986/795 1723/1998/826 1760/2031/869
f 1712/1418/796 1761/1404/868 1724/1411/827
f 1713/31/1329 1734/95/1467 1725/37/1160
f 1714/410/1324 1744/319/1463 1748/379/1339
f 1715/1355/853 1728/1358/918 1766/1367/1021
f 1715/1355/853 1766/1367/1021 1740/1362/861
f 1716/2181/852 1741/2170/862 1767/2162/1020
f 1716/2181/852 1767/2162/1020 1729/2173/919
f 1717/1999/851 1730/2030/918 1768/2034/1021
f 1717/1999/851 1768/2034/1021 1742/2027/861
f 1718/1414/852 1743/1403/862 1769/1398/1022
f 1718/1414/852 1769/1398/1022 1731/1408/919
f 1719/478/1159 1764/419/1343 1732/421/1469
f 1720/451/1255 1791/334/1476 1764/419/1343
f 1720/451/1255 1806/346/1461 1791/334/1476
f 1721/1357/829 1740/1362/861 1772/1368/1035
f 1721/1357/829 1772/1368/1035 1758/1366/871
f 1722/2180/828 1759/2172/870 1773/2165/1038
f 1722/2180/828 1773/2165/1038 1741/2170/862
f 1723/1998/826 1742/2027/861 1774/2033/1037
f 1723/1998/826 1774/2033/1037 1760/2031/869
f 1724/1411/827 1761/1404/868 1775/1396/1036
f 1724/1411/827 1775/1396/1036 1743/1403/862
f 1725/37/1160 1734/95/1467 1771/90/1371
f 1726/123/1423 1745/119/1360 1770/160/1464
f 1726/123/1423 1770/160/1464 1733/169/1455
f 1727/73/1289 1765/102/1320 1770/160/1464
f 1727/73/1289 1770/160/1464 1745/119/1360
f 1728/1358/918 1736/1365/1046 1776/1371/1061
f 1728/1358/918 1776/1371/1061 1766/1367/1021
f 1729/787/919 1777/783/1062 1737/774/1045
f 1729/2173/919 1767/2162/1020 1777/2155/1062
f 1730/2030/918 1738/2035/1046 1778/2071/1061
f 1730/2030/918 1778/2071/1061 1768/2034/1021
f 1731/899/919 1779/895/1062 1739/881/1047
f 1731/1408/919 1769/1398/1022 1779/1394/1062
f 1732/421/1469 1764/419/1343 1756/333/1474
f 1733/169/1455 1770/160/1464 1781/205/1471
f 1733/169/1455 1781/205/1471 1735/245/1449
f 1734/95/1467 1757/190/1472 1771/90/1371
f 1735/245/1449 1781/205/1471 1802/258/1475
f 1735/245/1449 1802/258/1475 1751/282/1458
f 1736/511/1046 1749/507/1048 1798/502/1084
f 1736/1365/1046 1798/1375/1084 1776/1371/1061
f 1737/510/1045 1799/494/1083 1749/507/1048
f 1737/774/1045 1777/783/1062 1799/772/1083
f 1738/957/1046 1750/943/1048 1800/936/1084
f 1738/2035/1046 1800/2076/1084 1778/2071/1061
f 1739/881/1047 1779/895/1062 1801/864/1083
f 1739/950/1047 1801/935/1083 1750/943/1048
f 1740/1362/861 1766/1367/1021 1813/1376/1104
f 1740/1362/861 1792/1374/1063 1772/1368/1035
f 1740/1362/861 1813/1376/1104 1792/1374/1063
f 1741/2170/862 1773/2165/1038 1793/2151/1064
f 1741/2170/862 1793/2151/1064 1814/2137/1105
f 1741/2170/862 1814/2137/1105 1767/2162/1020
f 1742/2027/861 1768/2034/1021 1815/2075/1106
f 1742/2027/861 1794/2056/1063 1774/2033/1037
f 1742/2027/861 1815/2075/1106 1794/2056/1063
f 1743/1403/862 1775/1396/1036 1795/1392/1065
f 1743/1403/862 1795/1392/1065 1816/1388/1107
f 1743/1403/862 1816/1388/1107 1769/1398/1022
f 1744/319/1463 1751/282/1458 1786/296/1466
f 1744/319/1463 1786/296/1466 1748/379/1339
f 1746/259/842 1752/251/845 1787/252/1094
f 1746/259/842 1787/252/1094 1796/257/1102
f 1746/259/842 1788/270/1095 1753/272/846
f 1746/259/842 1796/257/1102 1788/270/1095
f 1747/2081/842 1754/2041/843 1789/2042/1094
f 1747/2081/842 1789/2042/1094 1797/2080/1102
f 1747/2081/842 1790/2115/1095 1755/2117/844
f 1747/2081/842 1797/2080/1102 1790/2115/1095
f 1748/379/1339 1786/296/1466 1780/368/1429
f 1749/507/1048 1799/494/1083 1803/491/1087
f 1749/507/1048 1803/491/1087 1798/502/1084
f 1750/943/1048 1801/935/1083 1804/933/1087
f 1750/943/1048 1804/933/1087 1800/936/1084
f 1751/282/1458 1802/258/1475 1786/296/1466
f 1752/251/845 1758/234/871 1782/238/1077
f 1752/251/845 1782/238/1077 1787/252/1094
f 1753/272/846 1784/280/1080 1759/285/870
f 1753/272/846 1788/270/1095 1784/280/1080
f 1754/2041/843 1760/2021/869 1785/2028/1079
f 1754/2041/843 1785/2028/1079 1789/2042/1094
f 1755/2117/844 1783/2124/1078 1761/2136/868
f 1755/2117/844 1790/2115/1095 1783/2124/1078
f 1756/333/1474 1764/419/1343 1791/334/1476
f 1756/333/1474 1791/334/1476 1763/268/1470
f 1757/190/1472 1763/268/1470 1807/191/1478
f 1757/190/1472 1807/191/1478 1771/90/1371
f 1758/1366/871 1772/1368/1035 1782/1373/1077
f 1759/2172/870 1784/2161/1080 1773/2165/1038
f 1760/2031/869 1774/2033/1037 1785/2046/1079
f 1761/1404/868 1783/1395/1078 1775/1396/1036
f 1762/75/1271 1771/90/1371 1807/191/1478
f 1762/75/1271 1807/191/1478 1823/202/1483
f 1762/75/1271 1823/202/1483 1805/163/1462
f 1763/268/1470 1791/334/1476 1812/269/1486
f 1763/268/1470 1812/269/1486 1807/191/1478
f 1765/102/1320 1781/205/1471 1770/160/1464
f 1765/102/1320 1805/163/1462 1781/205/1471
f 1766/1367/1021 1776/1371/1061 1819/1379/1141
f 1766/1367/1021 1819/1379/1141 1813/1376/1104
f 1767/2162/1020 1814/2137/1105 1820/2132/1143
f 1767/2162/1020 1820/2132/1143 1777/2155/1062
f 1768/2034/1021 1778/2071/1061 1821/2079/1141
f 1768/2034/1021 1821/2079/1141 1815/2075/1106
f 1769/1398/1022 1816/1388/1107 1822/1387/1142
f 1769/1398/1022 1822/1387/1142 1779/1394/1062
f 1772/1368/1035 1792/1374/1063 1808/1377/1138
f 1772/1368/1035 1808/1377/1138 1782/1373/1077
f 1773/785/1038 1809/779/1140 1793/788/1064
f 1773/2165/1038 1784/2161/1080 1809/2149/1140
f 1774/2033/1037 1794/2056/1063 1810/2073/1138
f 1774/2033/1037 1810/2073/1138 1785/2046/1079
f 1775/897/1036 1811/887/1139 1795/900/1065
f 1775/1396/1036 1783/1395/1078 1811/1390/1139
f 1776/1371/1061 1798/1375/1084 1819/1379/1141
f 1777/783/1062 1820/782/1143 1799/772/1083
f 1778/2071/1061 1800/2076/1084 1821/2079/1141
f 1779/895/1062 1822/892/1142 1801/864/1083
f 1780/368/1429 1786/296/1466 1817/287/1480
f 1780/368/1429 1817/287/1480 1806/346/1461
f 1781/205/1471 1805/163/1462 1818/239/1488
f 1781/205/1471 1818/239/1488 1802/258/1475
f 1782/238/1077 1808/232/1138 1824/246/1272
f 1782/238/1077 1824/246/1272 1787/252/1094
f 1783/880/1078 1790/849/1095 1827/850/1273
f 1783/880/1078 1827/850/1273 1811/887/1139
f 1784/773/1080 1788/765/1095 1825/766/1274
f 1784/773/1080 1825/766/1274 1809/779/1140
f 1785/2028/1079 1810/2018/1138 1826/2036/1275
f 1785/2028/1079 1826/2036/1275 1789/2042/1094
f 1786/296/1466 1802/258/1475 1817/287/1480
f 1787/722/1094 1824/719/1272 1833/749/1287
f 1787/722/1094 1833/749/1287 1796/751/1102
f 1788/765/1095 1796/751/1102 1833/749/1287
f 1788/765/1095 1833/749/1287 1825/766/1274
f 1789/805/1094 1826/803/1275 1834/816/1288
f 1789/805/1094 1834/816/1288 1797/819/1102
f 1790/849/1095 1797/819/1102 1834/816/1288
f 1790/849/1095 1834/816/1288 1827/850/1273
f 1791/334/1476 1806/346/1461 1812/269/1486
f 1792/1374/1063 1813/1376/1104 1829/1381/1269
f 1792/1374/1063 1829/1381/1269 1808/1377/1138
f 1793/788/1064 1809/779/1140 1830/781/1270
f 1793/788/1064 1830/781/1270 1814/786/1105
f 1794/2056/1063 1815/2075/1106 1831/2078/1269
f 1794/2056/1063 1831/2078/1269 1810/2073/1138
f 1795/900/1065 1811/887/1139 1832/890/1270
f 1795/900/1065 1832/890/1270 1816/898/1107
f 1798/726/1084 1803/758/1087 1835/724/1261
f 1798/1375/1084 1835/1383/1261 1819/1379/1141
f 1799/772/1083 1820/782/1143 1836/771/1262
f 1799/772/1083 1836/771/1262 1803/758/1087
f 1800/808/1084 1804/829/1087 1837/807/1261
f 1800/2076/1084 1837/2087/1261 1821/2079/1141
f 1801/864/1083 1822/892/1142 1838/857/1262
f 1801/864/1083 1838/857/1262 1804/829/1087
f 1802/258/1475 1818/239/1488 1817/287/1480
f 1803/758/1087 1836/771/1262 1839/755/1268
f 1803/758/1087 1839/755/1268 1835/724/1261
f 1804/829/1087 1838/857/1262 1840/825/1268
f 1804/829/1087 1840/825/1268 1837/807/1261
f 1805/163/1462 1823/202/1483 1818/239/1488
f 1806/346/1461 1817/287/1480 1828/276/1506
f 1806/346/1461 1828/276/1506 1812/269/1486
f 1807/191/1478 1812/269/1486 1823/202/1483
f 1808/697/1138 1829/692/1269 1849/718/1325
f 1808/697/1138 1849/718/1325 1824/719/1272
f 1809/779/1140 1825/766/1274 1850/769/1326
f 1809/779/1140 1850/769/1326 1830/781/1270
f 1810/795/1138 1831/794/1269 1851/802/1327
f 1810/795/1138 1851/802/1327 1826/803/1275
f 1811/887/1139 1827/850/1273 1852/853/1328
f 1811/887/1139 1852/853/1328 1832/890/1270
f 1812/269/1486 1828/276/1506 1823/202/1483
f 1813/1376/1104 1819/1379/1141 1845/1385/1292
f 1813/1376/1104 1841/1382/1282 1829/1381/1269
f 1813/1376/1104 1845/1385/1292 1841/1382/1282
f 1814/786/1105 1830/781/1270 1842/780/1281
f 1814/786/1105 1842/780/1281 1846/775/1294
f 1814/786/1105 1846/775/1294 1820/782/1143
f 1815/2075/1106 1821/2079/1141 1847/2089/1292
f 1815/2075/1106 1843/2083/1284 1831/2078/1269
f 1815/2075/1106 1847/2089/1292 1843/2083/1284
f 1816/898/1107 1832/890/1270 1844/888/1283
f 1816/898/1107 1844/888/1283 1848/883/1293
f 1816/898/1107 1848/883/1293 1822/892/1142
f 1817/287/1480 1818/239/1488 1828/276/1506
f 1818/239/1488 1823/202/1483 1828/276/1506
f 1819/703/1141 1835/724/1261 1845/708/1292
f 1820/782/1143 1846/775/1294 1836/771/1262
f 1821/797/1141 1837/807/1261 1847/798/1292
f 1822/892/1142 1848/883/1293 1838/857/1262
f 1824/719/1272 1849/718/1325 1857/747/1435
f 1824/719/1272 1857/747/1435 1833/749/1287
f 1825/766/1274 1833/749/1287 1857/747/1435
f 1825/766/1274 1857/747/1435 1850/769/1326
f 1826/803/1275 1851/802/1327 1858/815/1436
f 1826/803/1275 1858/815/1436 1834/816/1288
f 1827/850/1273 1834/816/1288 1858/815/1436
f 1827/850/1273 1858/815/1436 1852/853/1328
f 1829/692/1269 1841/699/1282 1849/718/1325
f 1830/781/1270 1850/769/1326 1842/780/1281
f 1831/794/1269 1843/796/1284 1851/802/1327
f 1832/890/1270 1852/853/1328 1844/888/1283
f 1835/724/1261 1839/755/1268 1853/723/1333
f 1835/724/1261 1853/723/1333 1845/708/1292
f 1836/771/1262 1846/775/1294 1854/768/1334
f 1836/771/1262 1854/768/1334 1839/755/1268
f 1837/807/1261 1840/825/1268 1855/806/1331
f 1837/807/1261 1855/806/1331 1847/798/1292
f 1838/857/1262 1848/883/1293 1856/852/1332
f 1838/857/1262 1856/852/1332 1840/825/1268
f 1839/755/1268 1854/768/1334 1863/753/1438
f 1839/755/1268 1863/753/1438 1853/723/1333
f 1840/825/1268 1856/852/1332 1864/820/1437
f 1840/825/1268 1864/820/1437 1855/806/1331
f 1841/699/1282 1845/708/1292 1859/720/1454
f 1841/699/1282 1859/720/1454 1849/718/1325
f 1842/780/1281 1850/769/1326 1860/767/1453
f 1842/780/1281 1860/767/1453 1846/775/1294
f 1843/796/1284 1847/798/1292 1861/804/1451
f 1843/796/1284 1861/804/1451 1851/802/1327
f 1844/888/1283 1852/853/1328 1862/851/1452
f 1844/888/1283 1862/851/1452 1848/883/1293
f 1845/708/1292 1853/723/1333 1859/720/1454
f 1846/775/1294 1860/767/1453 1854/768/1334
f 1847/798/1292 1855/806/1331 1861/804/1451
f 1848/883/1293 1862/851/1452 1856/852/1332
f 1849/718/1325 1859/720/1454 1857/747/1435
f 1850/769/1326 1857/747/1435 1860/767/1453
f 1851/802/1327 1861/804/1451 1858/815/1436
f 1852/853/1328 1858/815/1436 1862/851/1452
f 1853/723/1333 1863/753/1438 1865/750/1520
f 1853/723/1333 1865/750/1520 1859/720/1454
f 1854/768/1334 1860/767/1453 1865/750/1520
f 1854/768/1334 1865/750/1520 1863/753/1438
f 1855/806/1331 1864/820/1437 1866/817/1519
f 1855/806/1331 1866/817/1519 1861/804/1451
f 1856/852/1332 1862/851/1452 1866/817/1519
f 1856/852/1332 1866/817/1519 1864/820/1437
f 1857/747/1435 1859/720/1454 1865/750/1520
f 1857/747/1435 1865/750/1520 1860/767/1453
f 1858/815/1436 1861/804/1451 1866/817/1519
f 1858/815/1436 1866/817/1519 1862/851/1452
